timestamp,requests,bytes,error_rate
2025-12-30 07:57:35.185524,5047,9130785,0.018565108382615873
2025-12-30 08:02:35.185524,5697,7614137,0.029449251676461924
2025-12-30 08:07:35.185524,3699,7039730,0.011435539973760067
2025-12-30 08:12:35.185524,5054,8814707,0.013592831888107264
2025-12-30 08:17:35.185524,5031,6640695,0.024290858396621807
2025-12-30 08:22:35.185524,5358,10298964,0.021959259559967068
2025-12-30 08:27:35.185524,5120,7310950,0.0304554657485867
2025-12-30 08:32:35.185524,5378,7562612,0.011716472988651784
2025-12-30 08:37:35.185524,5717,6987192,0.027561157069263445
2025-12-30 08:42:35.185524,4949,6486529,0.0208077606176013
2025-12-30 08:47:35.185524,4920,3490776,0.024958470419720016
2025-12-30 08:52:35.185524,5081,5306483,0.02521441972414197
2025-12-30 08:57:35.185524,5433,6029026,0.026744429802587646
2025-12-30 09:02:35.185524,6049,3482575,0.01643924145838596
2025-12-30 09:07:35.185524,5358,3381941,0.023530968984707495
2025-12-30 09:12:35.185524,5003,5433858,0.017206310145818235
2025-12-30 09:17:35.185524,6304,3608156,0.021926283947337463
2025-12-30 09:22:35.185524,5886,11517650,0.031925960457194986
2025-12-30 09:27:35.185524,5339,9973735,0.023742336888795835
2025-12-30 09:32:35.185524,5757,4978120,0.014810300248780795
2025-12-30 09:37:35.185524,6436,10045992,0.02119306540483222
2025-12-30 09:42:35.185524,4878,9033786,0.024954403567906333
2025-12-30 09:47:35.185524,6161,5473215,0.03165446635952763
2025-12-30 09:52:35.185524,6644,6397170,0.03298830016021798
2025-12-30 09:57:35.185524,5954,8782601,0.017089899142691007
2025-12-30 10:02:35.185524,5608,9226504,0.01813391658304026
2025-12-30 10:07:35.185524,6443,5070368,0.02568599150541297
2025-12-30 10:12:35.185524,6132,9909571,0.027512157643224223
2025-12-30 10:17:35.185524,6269,5991366,0.022390076158609693
2025-12-30 10:22:35.185524,5808,5492994,0.02461774670741152
2025-12-30 10:27:35.185524,6802,8492663,0.018970675432163395
2025-12-30 10:32:35.185524,6295,8173785,0.03318056804363701
2025-12-30 10:37:35.185524,6860,7134806,0.018650210023182068
2025-12-30 10:42:35.185524,6701,4614079,0.018291704267593873
2025-12-30 10:47:35.185524,5579,5437957,0.02053442313535961
2025-12-30 10:52:35.185524,5551,7691456,0.03163791470085503
2025-12-30 10:57:35.185524,6469,8097475,0.032917616388474166
2025-12-30 11:02:35.185524,6409,11661372,0.030652196916586022
2025-12-30 11:07:35.185524,6298,12465178,0.019547476369101653
2025-12-30 11:12:35.185524,5902,7275222,0.03401385392815933
2025-12-30 11:17:35.185524,6875,3539289,0.02476491734745251
2025-12-30 11:22:35.185524,6971,13575211,0.02453068061792984
2025-12-30 11:27:35.185524,7183,5354456,0.025240081633310193
2025-12-30 11:32:35.185524,6946,13033199,0.0311631395971785
2025-12-30 11:37:35.185524,6365,4490275,0.033660219326728705
2025-12-30 11:42:35.185524,7478,10220677,0.03946239549639982
2025-12-30 11:47:35.185524,6489,10788787,0.03599986558733315
2025-12-30 11:52:35.185524,7095,8925695,0.021417907472748396
2025-12-30 11:57:35.185524,6530,11629056,0.021334048429367022
2025-12-30 12:02:35.185524,6847,7894109,0.024179666553667586
2025-12-30 12:07:35.185524,6714,6346492,0.0285995585273375
2025-12-30 12:12:35.185524,6786,5047423,0.023912136608067146
2025-12-30 12:17:35.185524,6220,9390695,0.03894623561843674
2025-12-30 12:22:35.185524,7429,10215563,0.03127824458635736
2025-12-30 12:27:35.185524,7797,9918491,0.03622587273588097
2025-12-30 12:32:35.185524,7108,9168696,0.0323773571633457
2025-12-30 12:37:35.185524,7791,8156728,0.026413926523292053
2025-12-30 12:42:35.185524,7124,13290791,0.03336394128292985
2025-12-30 12:47:35.185524,7737,4179690,0.02551703982395126
2025-12-30 12:52:35.185524,6281,9589669,0.03090228981970719
2025-12-30 12:57:35.185524,7653,6291974,0.0233397928607788
2025-12-30 13:02:35.185524,7070,11097778,0.030571735106495246
2025-12-30 13:07:35.185524,6463,8730157,0.038483011043895114
2025-12-30 13:12:35.185524,7040,5783633,0.03922453204698005
2025-12-30 13:17:35.185524,6826,7043317,0.03744519360395193
2025-12-30 13:22:35.185524,5734,11102833,0.030030985087309656
2025-12-30 13:27:35.185524,6819,13345488,0.02565640217654703
2025-12-30 13:32:35.185524,7223,9056387,0.036433996758812065
2025-12-30 13:37:35.185524,7337,14059528,0.03327352629617614
2025-12-30 13:42:35.185524,6924,6144915,0.04164929687670619
2025-12-30 13:47:35.185524,7193,5336173,0.03263177354754702
2025-12-30 13:52:35.185524,6769,5005984,0.03706908708729109
2025-12-30 13:57:35.185524,7761,15187645,0.02836348749477594
2025-12-30 14:02:35.185524,6795,6177902,0.032242861149483285
2025-12-30 14:07:35.185524,7369,7958588,0.029953593377002673
2025-12-30 14:12:35.185524,7459,11330804,0.02730525081732832
2025-12-30 14:17:35.185524,7427,5011887,0.04060424809849204
2025-12-30 14:22:35.185524,7032,8350286,0.02860205392609616
2025-12-30 14:27:35.185524,7259,8132050,0.04449947279754558
2025-12-30 14:32:35.185524,6931,8507359,0.04632697157756055
2025-12-30 14:37:35.185524,7026,11085779,0.027841095780169446
2025-12-30 14:42:35.185524,6890,10985426,0.04451881114390455
2025-12-30 14:47:35.185524,6099,6795696,0.029338943473932788
2025-12-30 14:52:35.185524,7321,6968301,0.04353865127300793
2025-12-30 14:57:35.185524,6917,3843623,0.03528431293149653
2025-12-30 15:02:35.185524,7382,14392954,0.04285365592090156
2025-12-30 15:07:35.185524,7447,4219353,0.04133753293581875
2025-12-30 15:12:35.185524,7144,12453881,0.047292125618142895
2025-12-30 15:17:35.185524,7247,13911017,0.04200615009113516
2025-12-30 15:22:35.185524,5370,9843400,0.036328625785265904
2025-12-30 15:27:35.185524,6298,11318263,0.040811315989285654
2025-12-30 15:32:35.185524,6814,9881971,0.03844896764838614
2025-12-30 15:37:35.185524,7118,4708342,0.04454548056071539
2025-12-30 15:42:35.185524,6269,3168843,0.046671769565401255
2025-12-30 15:47:35.185524,6078,5057274,0.04054793251486
2025-12-30 15:52:35.185524,7619,7985938,0.039878649797902344
2025-12-30 15:57:35.185524,6818,12912934,0.048967157391342525
2025-12-30 16:02:35.185524,6440,8680041,0.033795125075747764
2025-12-30 16:07:35.185524,6683,11796718,0.04440072612966549
2025-12-30 16:12:35.185524,6728,10165750,0.04239224980392835
2025-12-30 16:17:35.185524,5617,7973892,0.03141207012649913
2025-12-30 16:22:35.185524,6578,11899399,0.049384939709556853
2025-12-30 16:27:35.185524,6601,9491162,0.03805192556805846
2025-12-30 16:32:35.185524,6360,6114376,0.042794141571708535
2025-12-30 16:37:35.185524,6653,8083653,0.044744721401403544
2025-12-30 16:42:35.185524,7038,6288924,0.04842959798342078
2025-12-30 16:47:35.185524,6164,6261303,0.03450914017106298
2025-12-30 16:52:35.185524,6119,5534963,0.04587905277469819
2025-12-30 16:57:35.185524,6710,12130724,0.04397230086725927
2025-12-30 17:02:35.185524,5985,11953236,0.039732298872140435
2025-12-30 17:07:35.185524,5623,3539774,0.03881493869003677
2025-12-30 17:12:35.185524,6845,5530830,0.05171489376170817
2025-12-30 17:17:35.185524,6142,6155744,0.05272794493810915
2025-12-30 17:22:35.185524,5875,6057531,0.03791280161529462
2025-12-30 17:27:35.185524,6379,9518408,0.03704154082965706
2025-12-30 17:32:35.185524,5650,11006877,0.05044384375693654
2025-12-30 17:37:35.185524,5472,10430561,0.038341836690816235
2025-12-30 17:42:35.185524,6279,6966588,0.05068781513645285
2025-12-30 17:47:35.185524,5780,6976274,0.04509349438014513
2025-12-30 17:52:35.185524,6196,7963861,0.050920840512434756
2025-12-30 17:57:35.185524,5972,8428168,0.04563526706809352
2025-12-30 18:02:35.185524,6105,8674104,0.05143730018300884
2025-12-30 18:07:35.185524,6029,7219950,0.042240630380272745
2025-12-30 18:12:35.185524,6132,9960768,0.044938114614482196
2025-12-30 18:17:35.185524,5445,3113454,0.051386100987820704
2025-12-30 18:22:35.185524,5487,9556219,0.04144552309260401
2025-12-30 18:27:35.185524,5778,9265121,0.0538478375112128
2025-12-30 18:32:35.185524,6349,12430141,0.037395898471298795
2025-12-30 18:37:35.185524,5620,6496567,0.050029190483072
2025-12-30 18:42:35.185524,5799,7797989,0.046331757892845306
2025-12-30 18:47:35.185524,5419,9007799,0.04831415818153528
2025-12-30 18:52:35.185524,5415,2792270,0.045056166912807394
2025-12-30 18:57:35.185524,6330,9475771,0.042882728393479105
2025-12-30 19:02:35.185524,5615,10147326,0.05591502519296433
2025-12-30 19:07:35.185524,5962,8119585,0.05441463003204152
2025-12-30 19:12:35.185524,6031,7827824,0.044172651122716344
2025-12-30 19:17:35.185524,5127,8794509,0.04039310409769159
2025-12-30 19:22:35.185524,5332,6707713,0.05290560373712068
2025-12-30 19:27:35.185524,6567,5970559,0.04865016517389606
2025-12-30 19:32:35.185524,4165,6044299,0.05454485055278294
2025-12-30 19:37:35.185524,4956,6891876,0.050797678447171146
2025-12-30 19:42:35.185524,4130,6649448,0.039889199551111046
2025-12-30 19:47:35.185524,4968,9415918,0.03959067682396608
2025-12-30 19:52:35.185524,4986,7359862,0.0489483757907245
2025-12-30 19:57:35.185524,5151,6892585,0.05371481708890943
2025-12-30 20:02:35.185524,4421,6630594,0.05441812340532712
2025-12-30 20:07:35.185524,5121,5316088,0.0490153810591
2025-12-30 20:12:35.185524,3838,7336888,0.04497174999278979
2025-12-30 20:17:35.185524,4992,6399499,0.04971440978123607
2025-12-30 20:22:35.185524,4554,5927560,0.046579589328953154
2025-12-30 20:27:35.185524,3983,4153301,0.041886268541339554
2025-12-30 20:32:35.185524,5115,5523443,0.055287607796652066
2025-12-30 20:37:35.185524,4424,3746062,0.05630422749408075
2025-12-30 20:42:35.185524,4779,4796397,0.04170425599957725
2025-12-30 20:47:35.185524,5593,7637723,0.05306479130720829
2025-12-30 20:52:35.185524,5592,6524497,0.054406917553147485
2025-12-30 20:57:35.185524,5427,5948809,0.05605948868888197
2025-12-30 21:02:35.185524,4777,3656703,0.04399915600128875
2025-12-30 21:07:35.185524,3946,3133441,0.04255087096329365
2025-12-30 21:12:35.185524,3527,4073674,0.05649467794321522
2025-12-30 21:17:35.185524,2968,4274840,0.04321929285977555
2025-12-30 21:22:35.185524,4118,8216649,0.046420021988917363
2025-12-30 21:27:35.185524,4207,4183765,0.059869567356877235
2025-12-30 21:32:35.185524,4456,3926352,0.04561113912049363
2025-12-30 21:37:35.185524,5042,5822745,0.050056908193252744
2025-12-30 21:42:35.185524,4210,4063502,0.0555951460615067
2025-12-30 21:47:35.185524,4101,7571755,0.06114998289649574
2025-12-30 21:52:35.185524,3747,5915864,0.05006527486399051
2025-12-30 21:57:35.185524,3936,6255957,0.04988089872959959
2025-12-30 22:02:35.185524,3175,4627177,0.048487883456084194
2025-12-30 22:07:35.185524,3740,3512551,0.05921179000873911
2025-12-30 22:12:35.185524,3703,5819252,0.05573239685663465
2025-12-30 22:17:35.185524,5296,7702296,0.05625676285666454
2025-12-30 22:22:35.185524,4052,5690705,0.05627570862312122
2025-12-30 22:27:35.185524,4704,3546254,0.05919604164237599
2025-12-30 22:32:35.185524,3430,2327423,0.0541452536986897
2025-12-30 22:37:35.185524,3858,2082136,0.05088518584099147
2025-12-30 22:42:35.185524,3369,2912335,0.0643714206060909
2025-12-30 22:47:35.185524,4176,5640926,0.046282126889045705
2025-12-30 22:52:35.185524,3515,2920102,0.06282981259743715
2025-12-30 22:57:35.185524,3906,6508757,0.049923228133894035
2025-12-30 23:02:35.185524,4300,2565919,0.05907529036083262
2025-12-30 23:07:35.185524,4045,4748496,0.05503848794122069
2025-12-30 23:12:35.185524,3007,5366326,0.04908816231947072
2025-12-30 23:17:35.185524,3279,2482175,0.05814290612498889
2025-12-30 23:22:35.185524,3558,3752073,0.04945279103058174
2025-12-30 23:27:35.185524,3063,3470871,0.05456316623149553
2025-12-30 23:32:35.185524,2904,3370247,0.05504535159547055
2025-12-30 23:37:35.185524,3606,2694214,0.06279832817887118
2025-12-30 23:42:35.185524,3452,5462784,0.05926010903099765
2025-12-30 23:47:35.185524,4120,3185917,0.0567893457500469
2025-12-30 23:52:35.185524,4117,8042833,0.06270912832575022
2025-12-30 23:57:35.185524,3671,2637124,0.053976437583737935
2025-12-31 00:02:35.185524,3882,2988026,0.053108825297159455
2025-12-31 00:07:35.185524,2500,4090901,0.04765724281616966
2025-12-31 00:12:35.185524,3604,6461745,0.06693834798719352
2025-12-31 00:17:35.185524,2942,1869551,0.05347408012747325
2025-12-31 00:22:35.185524,2793,2674338,0.06762605928933271
2025-12-31 00:27:35.185524,2759,2532962,0.05113368507431464
2025-12-31 00:32:35.185524,2072,2266712,0.06675583453475323
2025-12-31 00:37:35.185524,3205,3585573,0.053614256593017974
2025-12-31 00:42:35.185524,3421,6409902,0.06740110959932814
2025-12-31 00:47:35.185524,2813,2499201,0.06685156558356954
2025-12-31 00:52:35.185524,4033,7028137,0.05114846687011018
2025-12-31 00:57:35.185524,2669,4005914,0.05569853504712414
2025-12-31 01:02:35.185524,3345,6273742,0.06122497873521573
2025-12-31 01:07:35.185524,3313,5866395,0.06489831037297963
2025-12-31 01:12:35.185524,3410,4840227,0.05860466539434665
2025-12-31 01:17:35.185524,3485,4909253,0.05412230340803003
2025-12-31 01:22:35.185524,3241,5879600,0.0629065071049195
2025-12-31 01:27:35.185524,3145,3100174,0.05520515872533858
2025-12-31 01:32:35.185524,3106,3470203,0.05438925684665911
2025-12-31 01:37:35.185524,1814,2880021,0.05360551896829465
2025-12-31 01:42:35.185524,3402,6014038,0.06238418414272191
2025-12-31 01:47:35.185524,1923,3737460,0.05023011905563386
2025-12-31 01:52:35.185524,2736,2275672,0.05571851617898169
2025-12-31 01:57:35.185524,3748,5965422,0.05203254266163714
2025-12-31 02:02:35.185524,2766,4353357,0.061963616646066026
2025-12-31 02:07:35.185524,3082,3834653,0.06669413610644538
2025-12-31 02:12:35.185524,3550,3851260,0.059954749668156296
2025-12-31 02:17:35.185524,3115,5439592,0.052695479248525266
2025-12-31 02:22:35.185524,2850,3651503,0.06518586043838927
2025-12-31 02:27:35.185524,2664,3464116,0.053647827073809
2025-12-31 02:32:35.185524,3266,3604547,0.06657357522964089
2025-12-31 02:37:35.185524,2787,2485857,0.06932222392608424
2025-12-31 02:42:35.185524,3733,3597735,0.06644380562730255
2025-12-31 02:47:35.185524,2431,2241561,0.055813489303242605
2025-12-31 02:52:35.185524,2705,4754355,0.052600667036492015
2025-12-31 02:57:35.185524,3421,4237547,0.06070640940693882
2025-12-31 03:02:35.185524,3253,3264443,0.0603897179154813
2025-12-31 03:07:35.185524,2988,2791507,0.06699744185337118
2025-12-31 03:12:35.185524,2571,1595276,0.05847546388360035
2025-12-31 03:17:35.185524,3689,2867294,0.06348091459674471
2025-12-31 03:22:35.185524,3563,5867162,0.06005723757870143
2025-12-31 03:27:35.185524,4763,8174237,0.05380715419991414
2025-12-31 03:32:35.185524,2675,2266882,0.0622684194575206
2025-12-31 03:37:35.185524,2538,2795614,0.06741130053627736
2025-12-31 03:42:35.185524,3160,1934978,0.06549092269426718
2025-12-31 03:47:35.185524,3882,4836042,0.06895854622329015
2025-12-31 03:52:35.185524,3438,6465549,0.054421323550853856
2025-12-31 03:57:35.185524,2730,1987370,0.07002624347073141
2025-12-31 04:02:35.185524,3452,3409234,0.06860102892364364
2025-12-31 04:07:35.185524,2423,1556012,0.05812479356654814
2025-12-31 04:12:35.185524,2768,1402695,0.054782959552358935
2025-12-31 04:17:35.185524,4177,2909535,0.055743532006541044
2025-12-31 04:22:35.185524,2948,1576886,0.05425969223857241
2025-12-31 04:27:35.185524,4174,3223484,0.06207758237705009
2025-12-31 04:32:35.185524,3535,6365440,0.05548956409113326
2025-12-31 04:37:35.185524,3735,7196934,0.06992162119469406
2025-12-31 04:42:35.185524,3682,3331495,0.06223633248695236
2025-12-31 04:47:35.185524,3123,1947530,0.06304132605652518
2025-12-31 04:52:35.185524,3814,4186544,0.057461451396781146
2025-12-31 04:57:35.185524,2842,4149375,0.06714053581168693
2025-12-31 05:02:35.185524,4137,5259536,0.06929462709041947
2025-12-31 05:07:35.185524,3790,2241418,0.07401697026995303
2025-12-31 05:12:35.185524,3905,4003892,0.06478452305631244
2025-12-31 05:17:35.185524,3584,5091240,0.07420699653156212
2025-12-31 05:22:35.185524,2818,4048740,0.06030188026203159
2025-12-31 05:27:35.185524,4291,3399990,0.05851811088163724
2025-12-31 05:32:35.185524,3262,5474865,0.06952585670219805
2025-12-31 05:37:35.185524,3607,2056085,0.06575861677850939
2025-12-31 05:42:35.185524,3146,2320126,0.06879179700319106
2025-12-31 05:47:35.185524,3483,4711504,0.05769179102184851
2025-12-31 05:52:35.185524,3738,3315808,0.06420587516933571
2025-12-31 05:57:35.185524,4527,3267598,0.05878974084523102
2025-12-31 06:02:35.185524,3645,7139476,0.05833219371585849
2025-12-31 06:07:35.185524,3168,2312463,0.06888445560989154
2025-12-31 06:12:35.185524,3929,3950289,0.056322437344788714
2025-12-31 06:17:35.185524,3896,5755937,0.07286398509541071
2025-12-31 06:22:35.185524,4831,9097058,0.05614498678369332
2025-12-31 06:27:35.185524,3955,6574802,0.06439991011610113
2025-12-31 06:32:35.185524,4550,8775458,0.06136307556138971
2025-12-31 06:37:35.185524,4689,4227505,0.06855909929616265
2025-12-31 06:42:35.185524,4469,7223660,0.07373312521701182
2025-12-31 06:47:35.185524,5340,10592550,0.059590858023999826
2025-12-31 06:52:35.185524,4856,8360381,0.07231908608419241
2025-12-31 06:57:35.185524,5214,10344597,0.06870569765218547
2025-12-31 07:02:35.185524,4931,7973736,0.06557895276075254
2025-12-31 07:07:35.185524,3694,6723118,0.07093444900514934
2025-12-31 07:12:35.185524,4358,5836482,0.06505926106113546
2025-12-31 07:17:35.185524,4564,7584117,0.06905365523125061
2025-12-31 07:22:35.185524,4930,6971504,0.057861073344532124
2025-12-31 07:27:35.185524,5200,3075899,0.06319701626615787
2025-12-31 07:32:35.185524,4226,6843419,0.05992667989811268
2025-12-31 07:37:35.185524,4801,4080301,0.076414954313796
2025-12-31 07:42:35.185524,5257,7107212,0.07285713459366801
2025-12-31 07:47:35.185524,5601,10101690,0.05840519977533783
2025-12-31 07:52:35.185524,5149,7891314,0.06617706624539973
2025-12-31 07:57:35.185524,5196,6641037,0.07062559142778128
2025-12-31 08:02:35.185524,5788,8931372,0.07325807359371941
2025-12-31 08:07:35.185524,5678,10612706,0.06414246895346484
2025-12-31 08:12:35.185524,5701,6651188,0.06278198045179359
2025-12-31 08:17:35.185524,5100,9438835,0.0731546650277815
2025-12-31 08:22:35.185524,5154,7936352,0.0720340559741993
2025-12-31 08:27:35.185524,6197,9371523,0.06500727032105233
2025-12-31 08:32:35.185524,5130,4805848,0.05996367043244795
2025-12-31 08:37:35.185524,5067,9220379,0.058381308093263994
2025-12-31 08:42:35.185524,4841,9501291,0.07195318058032207
2025-12-31 08:47:35.185524,5785,4618822,0.05911334050355033
2025-12-31 08:52:35.185524,5141,3885837,0.06876619478308194
2025-12-31 08:57:35.185524,5870,7317900,0.0773914516200711
2025-12-31 09:02:35.185524,5554,9436030,0.07563489878235534
2025-12-31 09:07:35.185524,4762,4867975,0.07020435616029733
2025-12-31 09:12:35.185524,5185,4426657,0.07100646598913403
2025-12-31 09:17:35.185524,5900,10024619,0.061047778399189345
2025-12-31 09:22:35.185524,5603,10365516,0.0702324749268168
2025-12-31 09:27:35.185524,5803,4085098,0.07465083640597359
2025-12-31 09:32:35.185524,4665,2470038,0.07247360135632647
2025-12-31 09:37:35.185524,5408,8877382,0.06643812419461843
2025-12-31 09:42:35.185524,6495,8471239,0.05976721496977741
2025-12-31 09:47:35.185524,6144,8076589,0.07823568469735752
2025-12-31 09:52:35.185524,5014,9028155,0.07333745611936666
2025-12-31 09:57:35.185524,6213,10403757,0.05895009454944125
2025-12-31 10:02:35.185524,5361,5695016,0.06437568928512782
2025-12-31 10:07:35.185524,6400,10150125,0.06582046095699506
2025-12-31 10:12:35.185524,5077,8601609,0.06897161809313956
2025-12-31 10:17:35.185524,5542,3779545,0.07551143109635547
2025-12-31 10:22:35.185524,5617,9822346,0.06508924881970263
2025-12-31 10:27:35.185524,5871,11552917,0.06456569608307527
2025-12-31 10:32:35.185524,7068,3815834,0.06304912345893596
2025-12-31 10:37:35.185524,6456,8155589,0.06030841080734669
2025-12-31 10:42:35.185524,5662,7345693,0.0738712211102
2025-12-31 10:47:35.185524,6178,11189323,0.06473055931774332
2025-12-31 10:52:35.185524,6503,4937631,0.06689475541270327
2025-12-31 10:57:35.185524,6881,12170496,0.05993213610029714
2025-12-31 11:02:35.185524,6855,8909051,0.07004484372237083
2025-12-31 11:07:35.185524,6228,5104922,0.06759668280651913
2025-12-31 11:12:35.185524,7159,12399000,0.0650555490997268
2025-12-31 11:17:35.185524,6369,12260541,0.07781599885049541
2025-12-31 11:22:35.185524,5917,3836478,0.060194029343570044
2025-12-31 11:27:35.185524,6620,11646616,0.07448562769925714
2025-12-31 11:32:35.185524,6735,8631415,0.07490586910432216
2025-12-31 11:37:35.185524,6162,3160068,0.06822848796672097
2025-12-31 11:42:35.185524,5921,9679087,0.07959462162258892
2025-12-31 11:47:35.185524,7460,7076307,0.06142436662659709
2025-12-31 11:52:35.185524,6824,11242552,0.07243674315066653
2025-12-31 11:57:35.185524,7727,3951372,0.06994857537226573
2025-12-31 12:02:35.185524,6761,6563186,0.07792787490100102
2025-12-31 12:07:35.185524,6621,4501529,0.07085417398658103
2025-12-31 12:12:35.185524,6572,10466697,0.0682079995283037
2025-12-31 12:17:35.185524,6617,11351541,0.07215349837732994
2025-12-31 12:22:35.185524,6526,10338514,0.0695940291243279
2025-12-31 12:27:35.185524,6443,8167366,0.0776274335080479
2025-12-31 12:32:35.185524,7285,8870362,0.06130687692861719
2025-12-31 12:37:35.185524,6511,10764527,0.07238293890764047
2025-12-31 12:42:35.185524,7085,8603291,0.0704399797913122
2025-12-31 12:47:35.185524,6283,5588617,0.06467691678223453
2025-12-31 12:52:35.185524,8075,13917630,0.07347478575337091
2025-12-31 12:57:35.185524,6953,12645085,0.07542227182521628
2025-12-31 13:02:35.185524,7755,8160993,0.06444429526804155
2025-12-31 13:07:35.185524,7194,4321269,0.07555651126287781
2025-12-31 13:12:35.185524,6373,11518295,0.07635137511448953
2025-12-31 13:17:35.185524,6277,7502219,0.07923527290081815
2025-12-31 13:22:35.185524,6678,7578947,0.06371753093610363
2025-12-31 13:27:35.185524,6673,9558267,0.06127205912552884
2025-12-31 13:32:35.185524,7003,8380006,0.07228087237545759
2025-12-31 13:37:35.185524,6189,3220037,0.07210081963614817
2025-12-31 13:42:35.185524,7527,10492085,0.06413241527914498
2025-12-31 13:47:35.185524,7040,7719410,0.0784777187508181
2025-12-31 13:52:35.185524,7508,13981646,0.06276830821398949
2025-12-31 13:57:35.185524,6749,11920998,0.0613964518717727
2025-12-31 14:02:35.185524,6217,10547760,0.062224102853273296
2025-12-31 14:07:35.185524,7201,11082680,0.07531562698963162
2025-12-31 14:12:35.185524,8195,5335450,0.07705292041180835
2025-12-31 14:17:35.185524,6499,5525652,0.06638838106580798
2025-12-31 14:22:35.185524,7486,14623940,0.07398704545328896
2025-12-31 14:27:35.185524,6990,3710311,0.07938155294383052
2025-12-31 14:32:35.185524,8299,10308695,0.06721868600648104
2025-12-31 14:37:35.185524,6804,6559458,0.07058594944791437
2025-12-31 14:42:35.185524,6917,10835127,0.07989099183595665
2025-12-31 14:47:35.185524,6881,11659295,0.07762644759039321
2025-12-31 14:52:35.185524,7119,6105778,0.06153149303773912
2025-12-31 14:57:35.185524,6908,11636557,0.06731269011398665
2025-12-31 15:02:35.185524,7071,10356388,0.06538679017309013
2025-12-31 15:07:35.185524,6824,12669893,0.07286197850812211
2025-12-31 15:12:35.185524,6617,12018519,0.0607924718859509
2025-12-31 15:17:35.185524,7087,13320210,0.07396654139473197
2025-12-31 15:22:35.185524,6868,6079927,0.07812602719931828
2025-12-31 15:27:35.185524,6596,4216036,0.07407186253859498
2025-12-31 15:32:35.185524,7911,12892135,0.07258105594024553
2025-12-31 15:37:35.185524,7618,11228158,0.07087174537995158
2025-12-31 15:42:35.185524,7157,13314641,0.06768267079602713
2025-12-31 15:47:35.185524,6822,3836836,0.06145498290556203
2025-12-31 15:52:35.185524,6466,7034095,0.07122341247291356
2025-12-31 15:57:35.185524,5764,6284378,0.0693080576158718
2025-12-31 16:02:35.185524,6075,9739203,0.06439911238610534
2025-12-31 16:07:35.185524,6523,3681636,0.06326006926038254
2025-12-31 16:12:35.185524,6462,9125083,0.07015499083381754
2025-12-31 16:17:35.185524,6762,11279312,0.0756485434526944
2025-12-31 16:22:35.185524,4797,5225958,0.06944960491300521
2025-12-31 16:27:35.185524,6702,3402549,0.07503960676234761
2025-12-31 16:32:35.185524,5690,9371844,0.07187430161806614
2025-12-31 16:37:35.185524,6959,8280116,0.0634247987105758
2025-12-31 16:42:35.185524,7656,5888634,0.07116553834056422
2025-12-31 16:47:35.185524,6777,4038095,0.06039844104674102
2025-12-31 16:52:35.185524,5199,2703381,0.07218773975149387
2025-12-31 16:57:35.185524,6771,6028747,0.06604936224297454
2025-12-31 17:02:35.185524,6445,11645333,0.0622203928478185
2025-12-31 17:07:35.185524,5384,8342612,0.06468466127619
2025-12-31 17:12:35.185524,5981,10962767,0.06882569666540898
2025-12-31 17:17:35.185524,6252,9678746,0.07284075445403501
2025-12-31 17:22:35.185524,6407,4415464,0.0747216408300406
2025-12-31 17:27:35.185524,6187,11263102,0.07131388320013757
2025-12-31 17:32:35.185524,6416,11185051,0.07050108621942257
2025-12-31 17:37:35.185524,5647,5432384,0.07684734643661431
2025-12-31 17:42:35.185524,5633,6248263,0.06159262807383709
2025-12-31 17:47:35.185524,6307,9122183,0.07654661176816421
2025-12-31 17:52:35.185524,5687,6723679,0.06400881136697731
2025-12-31 17:57:35.185524,5974,8489625,0.06689073757135713
2025-12-31 18:02:35.185524,6655,8642143,0.0760073272367618
2025-12-31 18:07:35.185524,7109,9213056,0.0663762587568011
2025-12-31 18:12:35.185524,5556,10836098,0.07670923348672436
2025-12-31 18:17:35.185524,5355,8213001,0.06137468946925392
2025-12-31 18:22:35.185524,6276,5902574,0.05970793202136011
2025-12-31 18:27:35.185524,5892,6391597,0.062468190234030656
2025-12-31 18:32:35.185524,5514,7955267,0.06524369486200646
2025-12-31 18:37:35.185524,5787,10678723,0.07514361380969294
2025-12-31 18:42:35.185524,5712,7883088,0.06088578057641095
2025-12-31 18:47:35.185524,5109,5553778,0.0702788494385008
2025-12-31 18:52:35.185524,5195,6553749,0.06707212439104218
2025-12-31 18:57:35.185524,5634,2950070,0.060449185389666774
2025-12-31 19:02:35.185524,4446,6433315,0.07261517219095925
2025-12-31 19:07:35.185524,6139,9635519,0.07391942446333886
2025-12-31 19:12:35.185524,5729,6667512,0.06606209489409569
2025-12-31 19:17:35.185524,5389,3971472,0.07177526118491845
2025-12-31 19:22:35.185524,5475,10676432,0.06275465749385419
2025-12-31 19:27:35.185524,5422,4140364,0.059256147109113484
2025-12-31 19:32:35.185524,5081,5175756,0.06350623880889553
2025-12-31 19:37:35.185524,4620,5534751,0.06649565407436385
2025-12-31 19:42:35.185524,5120,9933154,0.07101893513473252
2025-12-31 19:47:35.185524,5523,8642755,0.07313892042890917
2025-12-31 19:52:35.185524,4714,3577421,0.059385836690081885
2025-12-31 19:57:35.185524,5478,9298383,0.0601987444304094
2025-12-31 20:02:35.185524,5211,5930627,0.07062479673668459
2025-12-31 20:07:35.185524,4940,9562996,0.0749276139296771
2025-12-31 20:12:35.185524,4759,3895479,0.06859865309838747
2025-12-31 20:17:35.185524,4697,8805703,0.05751706289324074
2025-12-31 20:22:35.185524,4934,3008019,0.06169604525211908
2025-12-31 20:27:35.185524,4730,6230596,0.06495785527484498
2025-12-31 20:32:35.185524,5006,4154329,0.06935116478894936
2025-12-31 20:37:35.185524,4436,4671070,0.0712456599976514
2025-12-31 20:42:35.185524,5098,4607258,0.05763606295898652
2025-12-31 20:47:35.185524,4751,3432267,0.06937584110582698
2025-12-31 20:52:35.185524,4525,6554696,0.057991731104466156
2025-12-31 20:57:35.185524,5201,8261578,0.07580594298350335
2025-12-31 21:02:35.185524,4863,8077314,0.07237286403489694
2025-12-31 21:07:35.185524,3855,5332350,0.05961403838118155
2025-12-31 21:12:35.185524,4013,2453623,0.06487790237897323
2025-12-31 21:17:35.185524,4557,7930545,0.06593725313691487
2025-12-31 21:22:35.185524,3623,4938153,0.06320452357089801
2025-12-31 21:27:35.185524,5009,7122142,0.06865080126566156
2025-12-31 21:32:35.185524,4435,4222991,0.06209304541838711
2025-12-31 21:37:35.185524,4140,2635615,0.06339724395640198
2025-12-31 21:42:35.185524,4603,3035072,0.06657863558219268
2025-12-31 21:47:35.185524,4462,3870643,0.07390761887369782
2025-12-31 21:52:35.185524,4155,3466510,0.06716143817941342
2025-12-31 21:57:35.185524,4320,8493811,0.05774228724562724
2025-12-31 22:02:35.185524,3719,2335912,0.05588700390083125
2025-12-31 22:07:35.185524,4161,6872313,0.07165269131199406
2025-12-31 22:12:35.185524,4422,8075366,0.07261933366458505
2025-12-31 22:17:35.185524,4119,3839482,0.055365461638071586
2025-12-31 22:22:35.185524,4061,5847297,0.05833449825999487
2025-12-31 22:27:35.185524,3283,3067919,0.05727749955730164
2025-12-31 22:32:35.185524,4542,4658126,0.06829889900663497
2025-12-31 22:37:35.185524,4764,3369830,0.05985609100937746
2025-12-31 22:42:35.185524,3150,3353816,0.0656482174358228
2025-12-31 22:47:35.185524,3923,2055007,0.05898384772013061
2025-12-31 22:52:35.185524,3968,4562799,0.060230182388955986
2025-12-31 22:57:35.185524,4115,5164328,0.054849103373220354
2025-12-31 23:02:35.185524,2722,3868869,0.05611660620772066
2025-12-31 23:07:35.185524,3247,2016052,0.06356560650950804
2025-12-31 23:12:35.185524,3628,6797482,0.06573558846771592
2025-12-31 23:17:35.185524,3022,5619765,0.07244682348407444
2025-12-31 23:22:35.185524,4129,5802155,0.06545031883380908
2025-12-31 23:27:35.185524,4039,7087934,0.06603651909144524
2025-12-31 23:32:35.185524,3373,3424117,0.05668438967495698
2025-12-31 23:37:35.185524,3449,1872757,0.07094459997232125
2025-12-31 23:42:35.185524,2774,1946509,0.06607207068149588
2025-12-31 23:47:35.185524,3053,5702612,0.060729733525896626
2025-12-31 23:52:35.185524,3576,2672434,0.0610886133133246
2025-12-31 23:57:35.185524,3688,6939491,0.07092471476566106
2026-01-01 00:02:35.185524,4424,6646341,0.05999457267588275
2026-01-01 00:07:35.185524,3561,5731978,0.05398150813815937
2026-01-01 00:12:35.185524,3627,6773175,0.07123956136752248
2026-01-01 00:17:35.185524,3353,6412282,0.0649104128363956
2026-01-01 00:22:35.185524,3870,2428893,0.06899957143010525
2026-01-01 00:27:35.185524,2791,3599855,0.06945586213100337
2026-01-01 00:32:35.185524,3117,5347634,0.061177358936242904
2026-01-01 00:37:35.185524,2697,3577705,0.058613769443596406
2026-01-01 00:42:35.185524,3420,3063386,0.058891570595809774
2026-01-01 00:47:35.185524,2788,4360179,0.05419320095975492
2026-01-01 00:52:35.185524,3579,4102228,0.05840289658265682
2026-01-01 00:57:35.185524,3231,5538939,0.05989965291328845
2026-01-01 01:02:35.185524,3288,5200229,0.06421535372952418
2026-01-01 01:07:35.185524,2461,4880696,0.06032040539890805
2026-01-01 01:12:35.185524,1797,1320024,0.06346590626410008
2026-01-01 01:17:35.185524,3484,2767889,0.06444896360887026
2026-01-01 01:22:35.185524,3955,5141216,0.06996489539644156
2026-01-01 01:27:35.185524,2067,3428849,0.051705384657013825
2026-01-01 01:32:35.185524,3667,2856516,0.07079162719777543
2026-01-01 01:37:35.185524,2875,4465098,0.06940381553062498
2026-01-01 01:42:35.185524,2391,4760651,0.05115485404617892
2026-01-01 01:47:35.185524,3482,5719114,0.06942551042824552
2026-01-01 01:52:35.185524,3013,3943693,0.056968458955904196
2026-01-01 01:57:35.185524,3522,2912269,0.05678930114107712
2026-01-01 02:02:35.185524,3672,4929601,0.05468701037531648
2026-01-01 02:07:35.185524,4080,2890262,0.052335339842367885
2026-01-01 02:12:35.185524,2408,2069838,0.06160817597514924
2026-01-01 02:17:35.185524,2031,2695974,0.061039573219068284
2026-01-01 02:22:35.185524,2914,5176287,0.064035254337486
2026-01-01 02:27:35.185524,3303,3422836,0.050560971443049094
2026-01-01 02:32:35.185524,3638,5836698,0.0628809625226451
2026-01-01 02:37:35.185524,2388,4669335,0.06905514658965331
2026-01-01 02:42:35.185524,3197,6052306,0.05700412584976198
2026-01-01 02:47:35.185524,2601,3899227,0.05093338462445871
2026-01-01 02:52:35.185524,3607,2083393,0.05515539547683969
2026-01-01 02:57:35.185524,3234,4881929,0.0688179496090741
2026-01-01 03:02:35.185524,2738,3561523,0.04949598917415685
2026-01-01 03:07:35.185524,3439,6300098,0.06686615243137933
2026-01-01 03:12:35.185524,3030,5052102,0.06256238868350504
2026-01-01 03:17:35.185524,3299,5405038,0.057570788837533554
2026-01-01 03:22:35.185524,3037,3230692,0.0637707805179879
2026-01-01 03:27:35.185524,2150,1227652,0.04995591514729823
2026-01-01 03:32:35.185524,2736,3635070,0.04945342736659954
2026-01-01 03:37:35.185524,3703,6963745,0.06343316788904187
2026-01-01 03:42:35.185524,2899,5362783,0.06060775613174054
2026-01-01 03:47:35.185524,2846,1925247,0.06663211321803036
2026-01-01 03:52:35.185524,3145,5633881,0.05522596133173006
2026-01-01 03:57:35.185524,3540,6739234,0.05985018952242316
2026-01-01 04:02:35.185524,2954,2349831,0.05222577817655137
2026-01-01 04:07:35.185524,2864,3604558,0.06270550113446267
2026-01-01 04:12:35.185524,3456,6038563,0.060693204382367645
2026-01-01 04:17:35.185524,4013,2616652,0.059752825769072336
2026-01-01 04:22:35.185524,4032,5881334,0.059275771907773625
2026-01-01 04:27:35.185524,3677,2734565,0.05167183178000659
2026-01-01 04:32:35.185524,3139,2606157,0.06406920530099386
2026-01-01 04:37:35.185524,4023,5095202,0.058466921398521055
2026-01-01 04:42:35.185524,4124,6719715,0.056481104122906314
2026-01-01 04:47:35.185524,3603,4051977,0.06235761819053449
2026-01-01 04:52:35.185524,3442,6022806,0.0594118455107262
2026-01-01 04:57:35.185524,4137,3475622,0.05996375519007589
2026-01-01 05:02:35.185524,2680,2528190,0.048835833672170356
2026-01-01 05:07:35.185524,3482,5290493,0.04620471559836251
2026-01-01 05:12:35.185524,2933,3515056,0.04930253830833918
2026-01-01 05:17:35.185524,4495,2438687,0.062359450442183585
2026-01-01 05:22:35.185524,3418,6556982,0.05214394415264916
2026-01-01 05:27:35.185524,4343,2845235,0.05647129833811664
2026-01-01 05:32:35.185524,3874,5036455,0.055461415238523014
2026-01-01 05:37:35.185524,3742,5386072,0.0544242806924187
2026-01-01 05:42:35.185524,3727,3826228,0.045540704900114456
2026-01-01 05:47:35.185524,3739,6226972,0.05856896336405684
2026-01-01 05:52:35.185524,2922,4102709,0.06178283569463621
2026-01-01 05:57:35.185524,3083,4796666,0.05590640002662145
2026-01-01 06:02:35.185524,4247,6666386,0.060049064732816675
2026-01-01 06:07:35.185524,5161,3208554,0.043992667400297024
2026-01-01 06:12:35.185524,4342,7737815,0.05262113764329193
2026-01-01 06:17:35.185524,4678,3330434,0.055667632347866
2026-01-01 06:22:35.185524,4232,5718924,0.04979438241936235
2026-01-01 06:27:35.185524,4554,6846015,0.05999632810452315
2026-01-01 06:32:35.185524,4386,3856832,0.04538459713329758
2026-01-01 06:37:35.185524,3802,5191955,0.044803259036648245
2026-01-01 06:42:35.185524,4631,2940335,0.05326700049651157
2026-01-01 06:47:35.185524,4998,3275043,0.04590448337634783
2026-01-01 06:52:35.185524,4997,6166671,0.042108860964444
2026-01-01 06:57:35.185524,4495,4161576,0.05193764839561942
2026-01-01 07:02:35.185524,4977,6697937,0.045290976059397484
2026-01-01 07:07:35.185524,4714,7039310,0.04987649947912158
2026-01-01 07:12:35.185524,4357,5157634,0.04205418085460984
2026-01-01 07:17:35.185524,4353,8293662,0.0542503858949058
2026-01-01 07:22:35.185524,4593,3643165,0.044491269255436776
2026-01-01 07:27:35.185524,4912,2910888,0.04213695795837992
2026-01-01 07:32:35.185524,4818,5594651,0.04157903393513043
2026-01-01 07:37:35.185524,5043,7681010,0.04596305960820856
2026-01-01 07:42:35.185524,4902,7115149,0.058908014696194756
2026-01-01 07:47:35.185524,4850,7872453,0.0552191140162778
2026-01-01 07:52:35.185524,5099,9619929,0.05409864858389
2026-01-01 07:57:35.185524,4688,6029700,0.047041673377894166
2026-01-01 08:02:35.185524,5268,5615193,0.04532835518835723
2026-01-01 08:07:35.185524,5706,3070928,0.0511369394038068
2026-01-01 08:12:35.185524,5634,7464785,0.03998205577448193
2026-01-01 08:17:35.185524,5623,7302087,0.05051139072660708
2026-01-01 08:22:35.185524,4775,9441781,0.042925283598558524
2026-01-01 08:27:35.185524,5657,6413919,0.051320280775434414
2026-01-01 08:32:35.185524,5212,8899055,0.054153201985222416
2026-01-01 08:37:35.185524,5476,4283863,0.05554385471931064
2026-01-01 08:42:35.185524,5420,4762164,0.05724920218910495
2026-01-01 08:47:35.185524,5078,9032083,0.0530627779403727
2026-01-01 08:52:35.185524,4387,2862318,0.04440084193461154
2026-01-01 08:57:35.185524,6789,6686215,0.03755432058314915
2026-01-01 09:02:35.185524,5160,4995887,0.03939888248268566
2026-01-01 09:07:35.185524,5085,10005753,0.04424744855579438
2026-01-01 09:12:35.185524,5256,5555395,0.04079548202452287
2026-01-01 09:17:35.185524,5092,3014660,0.040140140697437286
2026-01-01 09:22:35.185524,4972,9629105,0.04181635510571987
2026-01-01 09:27:35.185524,5422,4590646,0.05196827700935741
2026-01-01 09:32:35.185524,5133,5287607,0.046149292337548234
2026-01-01 09:37:35.185524,5852,6634490,0.055488859547880694
2026-01-01 09:42:35.185524,5762,11195857,0.03927017323646237
2026-01-01 09:47:35.185524,5884,3692763,0.04070114507493207
2026-01-01 09:52:35.185524,5768,7164427,0.05410417611478324
2026-01-01 09:57:35.185524,6048,10661782,0.048055283522200884
2026-01-01 10:02:35.185524,5557,10411218,0.05211306470617907
2026-01-01 10:07:35.185524,5432,9900705,0.046933223818705815
2026-01-01 10:12:35.185524,6357,11415565,0.04153690575417506
2026-01-01 10:17:35.185524,5783,6931416,0.04001191619110345
2026-01-01 10:22:35.185524,6253,5014981,0.04749758539003215
2026-01-01 10:27:35.185524,6193,7515950,0.04879023191894126
2026-01-01 10:32:35.185524,6765,13383434,0.048514335281723414
2026-01-01 10:37:35.185524,6679,6020234,0.045620845338069815
2026-01-01 10:42:35.185524,6331,11142930,0.042798141534627375
2026-01-01 10:47:35.185524,5601,6677508,0.04758131805281141
2026-01-01 10:52:35.185524,6062,8533644,0.04690293359044806
2026-01-01 10:57:35.185524,6898,13156704,0.035948782887125615
2026-01-01 11:02:35.185524,7109,7513522,0.05161497249697039
2026-01-01 11:07:35.185524,6667,6507118,0.03527623673902625
2026-01-01 11:12:35.185524,5782,5011700,0.04974216393587197
2026-01-01 11:17:35.185524,6265,6709850,0.046482441039401495
2026-01-01 11:22:35.185524,5818,10791534,0.0490125969734923
2026-01-01 11:27:35.185524,7115,8646067,0.039549335666926325
2026-01-01 11:32:35.185524,6648,9800102,0.048514411406067645
2026-01-01 11:37:35.185524,6699,8796870,0.04980407243371735
2026-01-01 11:42:35.185524,6385,3559931,0.03223474866659005
2026-01-01 11:47:35.185524,6728,9674354,0.03108501030000335
2026-01-01 11:52:35.185524,6327,10988225,0.03148396756091642
2026-01-01 11:57:35.185524,6422,8696329,0.03569244206094811
2026-01-01 12:02:35.185524,6846,10754856,0.04960186382654621
2026-01-01 12:07:35.185524,7139,5578327,0.03874462033105093
2026-01-01 12:12:35.185524,7555,8489403,0.04001574378674905
2026-01-01 12:17:35.185524,7915,11013478,0.0431452737232868
2026-01-01 12:22:35.185524,6411,12104109,0.0373845011071794
2026-01-01 12:27:35.185524,7453,6500343,0.02977852630055486
2026-01-01 12:32:35.185524,6383,6554728,0.04625589270299631
2026-01-01 12:37:35.185524,6379,12689026,0.0406546951539864
2026-01-01 12:42:35.185524,6926,6315250,0.033343765772009155
2026-01-01 12:47:35.185524,7433,7459481,0.044674734197687034
2026-01-01 12:52:35.185524,6596,8801945,0.03658024600251686
2026-01-01 12:57:35.185524,6729,10333887,0.04688926470927578
2026-01-01 13:02:35.185524,6877,12785728,0.029656206710007217
2026-01-01 13:07:35.185524,7004,12216747,0.04101778070761546
2026-01-01 13:12:35.185524,7679,9244112,0.04052787201701603
2026-01-01 13:17:35.185524,7044,4989274,0.03703841120137631
2026-01-01 13:22:35.185524,7249,11291973,0.04437022838321538
2026-01-01 13:27:35.185524,7517,4769283,0.03916462664942965
2026-01-01 13:32:35.185524,6585,6662278,0.03031054129649672
2026-01-01 13:37:35.185524,6918,8260921,0.039437351552032165
2026-01-01 13:42:35.185524,7089,5133595,0.034096778063289895
2026-01-01 13:47:35.185524,6529,5730650,0.03652947375556025
2026-01-01 13:52:35.185524,6342,11882072,0.039804076659193464
2026-01-01 13:57:35.185524,7464,5652112,0.033700468821931714
2026-01-01 14:02:35.185524,7398,8026538,0.044474200597936296
2026-01-01 14:07:35.185524,6322,12589208,0.034221296451241494
2026-01-01 14:12:35.185524,6846,7892880,0.04453561061399455
2026-01-01 14:17:35.185524,6204,7976977,0.0355006649868099
2026-01-01 14:22:35.185524,6911,12251538,0.04150950059992391
2026-01-01 14:27:35.185524,6609,4645026,0.028803890092705856
2026-01-01 14:32:35.185524,7521,8750325,0.04320507541786409
2026-01-01 14:37:35.185524,6642,4778222,0.0355299780980804
2026-01-01 14:42:35.185524,8166,12109090,0.04140983114968929
2026-01-01 14:47:35.185524,6517,7981072,0.03671794203280939
2026-01-01 14:52:35.185524,7183,5521493,0.027810746134296228
2026-01-01 14:57:35.185524,8354,14678177,0.03263846609725524
2026-01-01 15:02:35.185524,6464,10095927,0.02845991740725557
2026-01-01 15:07:35.185524,6870,9694251,0.03963458506513807
2026-01-01 15:12:35.185524,7527,10743238,0.039577956286898155
2026-01-01 15:17:35.185524,7045,6684494,0.03146582485624819
2026-01-01 15:22:35.185524,7066,7289063,0.028120504500159276
2026-01-01 15:27:35.185524,7207,6764336,0.033855353794859946
2026-01-01 15:32:35.185524,6561,5985013,0.021633674775813228
2026-01-01 15:37:35.185524,6061,3464766,0.03961518857667359
2026-01-01 15:42:35.185524,7096,3723227,0.031342433265322614
2026-01-01 15:47:35.185524,6700,12325652,0.032560191354439744
2026-01-01 15:52:35.185524,7209,6750190,0.03469689118936605
2026-01-01 15:57:35.185524,6656,11684558,0.031142736923211612
2026-01-01 16:02:35.185524,6596,9002433,0.03295810131298903
2026-01-01 16:07:35.185524,6612,5238276,0.037858086455296786
2026-01-01 16:12:35.185524,6130,6946074,0.028861152976146224
2026-01-01 16:17:35.185524,6292,3750739,0.038930223920962875
2026-01-01 16:22:35.185524,6487,12002252,0.033424958621149636
2026-01-01 16:27:35.185524,7151,7665817,0.03617937731103723
2026-01-01 16:32:35.185524,6589,6130179,0.029758019805102197
2026-01-01 16:37:35.185524,6077,3734129,0.026572717901229524
2026-01-01 16:42:35.185524,6466,12555944,0.032530944196361024
2026-01-01 16:47:35.185524,6792,11593027,0.032416066968039836
2026-01-01 16:52:35.185524,6056,5560800,0.03313102699963634
2026-01-01 16:57:35.185524,5764,8843802,0.019835852971784286
2026-01-01 17:02:35.185524,5982,6994929,0.030710193893719324
2026-01-01 17:07:35.185524,6136,6529149,0.01882613354205954
2026-01-01 17:12:35.185524,5931,3304141,0.02957865667435871
2026-01-01 17:17:35.185524,6946,3854974,0.021549363723587567
2026-01-01 17:22:35.185524,6684,7034098,0.034431763993025756
2026-01-01 17:27:35.185524,6151,4004312,0.028814919295489745
2026-01-01 17:32:35.185524,6192,11331275,0.024067432737038152
2026-01-01 17:37:35.185524,6437,9014159,0.03132394289406004
2026-01-01 17:42:35.185524,6559,11224432,0.021891324632429654
2026-01-01 17:47:35.185524,6462,4121790,0.030970114971088133
2026-01-01 17:52:35.185524,5926,4705077,0.031733897490337976
2026-01-01 17:57:35.185524,7029,13265333,0.016183569837047503
2026-01-01 18:02:35.185524,6642,12632919,0.018019139151915053
2026-01-01 18:07:35.185524,5995,4763748,0.0305996578868329
2026-01-01 18:12:35.185524,5574,9089885,0.03148928679139828
2026-01-01 18:17:35.185524,5970,6760998,0.01569338257682299
2026-01-01 18:22:35.185524,5428,6852434,0.01726887162712585
2026-01-01 18:27:35.185524,5766,8677982,0.018326663834578653
2026-01-01 18:32:35.185524,4985,7081409,0.021569693788792213
2026-01-01 18:37:35.185524,5359,7334619,0.0176400798442782
2026-01-01 18:42:35.185524,6209,3620966,0.014050413305256911
2026-01-01 18:47:35.185524,5968,10152502,0.023094406117070858
2026-01-01 18:52:35.185524,6174,5843432,0.024411937461815643
2026-01-01 18:57:35.185524,5659,7915536,0.01830692431676099
2026-01-01 19:02:35.185524,5232,5925157,0.018277585696039978
2026-01-01 19:07:35.185524,5656,9254819,0.02319693765384041
2026-01-01 19:12:35.185524,5649,5715547,0.027228637244956513
2026-01-01 19:17:35.185524,5152,9596531,0.016461570287483338
2026-01-01 19:22:35.185524,4982,5772079,0.022749952108545933
2026-01-01 19:27:35.185524,4806,6295554,0.019326333776978247
2026-01-01 19:32:35.185524,5013,4455956,0.025799229578505722
2026-01-01 19:37:35.185524,4715,4709764,0.03023851586229962
2026-01-01 19:42:35.185524,5000,6387005,0.023783435081205118
2026-01-01 19:47:35.185524,4847,7430996,0.02164991138611276
2026-01-01 19:52:35.185524,5328,7738379,0.020159061517866422
2026-01-01 19:57:35.185524,5174,9407557,0.02904023252222248
2026-01-01 20:02:35.185524,6019,3843970,0.012634820539471979
2026-01-01 20:07:35.185524,4611,7367103,0.015856501360085443
2026-01-01 20:12:35.185524,4449,4040011,0.016710853579458968
2026-01-01 20:17:35.185524,4372,7723682,0.019284126876431586
2026-01-01 20:22:35.185524,4998,3461972,0.02542347462024344
2026-01-01 20:27:35.185524,5543,7505994,0.02466033031967168
2026-01-01 20:32:35.185524,5188,9013175,0.018055904250585245
2026-01-01 20:37:35.185524,4105,5257593,0.009652057218010476
2026-01-01 20:42:35.185524,4408,5126491,0.019475293744549017
2026-01-01 20:47:35.185524,5229,8241520,0.0271629203310512
2026-01-01 20:52:35.185524,4315,7837766,0.02666530575090565
2026-01-01 20:57:35.185524,4990,3474628,0.024838352558537807
2026-01-01 21:02:35.185524,4634,8259985,0.0229193746357551
2026-01-01 21:07:35.185524,4768,8447461,0.021289991430458323
2026-01-01 21:12:35.185524,4165,7854741,0.022724784130624537
2026-01-01 21:17:35.185524,4680,5155181,0.009713853638415294
2026-01-01 21:22:35.185524,3681,6638856,0.023675192503679672
2026-01-01 21:27:35.185524,3708,4701470,0.015877825186237152
2026-01-01 21:32:35.185524,4406,6006923,0.008223866379375376
2026-01-01 21:37:35.185524,4455,6789720,0.005840044364992145
2026-01-01 21:42:35.185524,4871,2681041,0.015736343901132425
2026-01-01 21:47:35.185524,3406,6403383,0.023268703292469373
2026-01-01 21:52:35.185524,3108,6089550,0.0050134998016409475
2026-01-01 21:57:35.185524,4405,7624369,0.023635963582284834
2026-01-01 22:02:35.185524,3857,4488913,0.018568973859845687
2026-01-01 22:07:35.185524,4053,6367009,0.023978000798475237
2026-01-01 22:12:35.185524,4253,4102286,0.005911756811104859
2026-01-01 22:17:35.185524,3834,3816763,0.010974865431914522
2026-01-01 22:22:35.185524,3835,5491921,0.00492034325947387
2026-01-01 22:27:35.185524,3619,5378504,0.017439001151484692
2026-01-01 22:32:35.185524,4082,6538693,0.020264389294132962
2026-01-01 22:37:35.185524,3142,2936241,0.011033237845856948
2026-01-01 22:42:35.185524,4360,7468046,0.015590059240984906
2026-01-01 22:47:35.185524,3914,4116419,0.004704037676081662
2026-01-01 22:52:35.185524,3284,4755633,0.016200614769706773
2026-01-01 22:57:35.185524,3376,4090243,0.02169092173324097
2026-01-01 23:02:35.185524,3232,2609861,0.018347598986966664
2026-01-01 23:07:35.185524,4098,2821906,0.005852280690222332
2026-01-01 23:12:35.185524,3823,6786248,0.015486822645262651
2026-01-01 23:17:35.185524,2812,2465929,0.02006328025110639
2026-01-01 23:22:35.185524,3165,4588928,0.01707690910010681
2026-01-01 23:27:35.185524,3358,5662594,0.006970069595490138
2026-01-01 23:32:35.185524,3429,3503014,0.01933500771367185
2026-01-01 23:37:35.185524,3436,4894305,0.0024620371267094626
2026-01-01 23:42:35.185524,4047,7149952,0.0010082927046899288
2026-01-01 23:47:35.185524,4054,4977195,0.0008967645673810826
2026-01-01 23:52:35.185524,3674,3089559,0.013121638093422875
2026-01-01 23:57:35.185524,3547,2400404,0.014564592516941102
2026-01-02 00:02:35.185524,4451,4628964,0.015252613801157054
2026-01-02 00:07:35.185524,2838,3100729,0.018475541874753032
2026-01-02 00:12:35.185524,3645,7270254,0.01634539397532561
2026-01-02 00:17:35.185524,3431,2135782,0.0034622751146244184
2026-01-02 00:22:35.185524,3405,4714476,0.006085542374845477
2026-01-02 00:27:35.185524,3871,4518637,0.0018223198410614611
2026-01-02 00:32:35.185524,3048,2931775,0.010842948524034259
2026-01-02 00:37:35.185524,3300,2824955,0.008803774956257627
2026-01-02 00:42:35.185524,2956,5547193,0.0004916617771935691
2026-01-02 00:47:35.185524,3765,3545269,0.0
2026-01-02 00:52:35.185524,3256,6228864,0.0048182494674478046
2026-01-02 00:57:35.185524,3202,2448079,0.0028405062228786483
2026-01-02 01:02:35.185524,3497,5138183,0.0141633073427823
2026-01-02 01:07:35.185524,2305,2949915,0.0022041694666780614
2026-01-02 01:12:35.185524,3629,6595293,0.01450661451382597
2026-01-02 01:17:35.185524,2939,2674820,0.0
2026-01-02 01:22:35.185524,2596,3381937,0.009127181725037467
2026-01-02 01:27:35.185524,2680,2000249,0.0
2026-01-02 01:32:35.185524,2830,3921533,0.01154741768594012
2026-01-02 01:37:35.185524,2743,3161986,0.0
2026-01-02 01:42:35.185524,3150,6078458,0.0
2026-01-02 01:47:35.185524,2300,3206875,0.014531983572793594
2026-01-02 01:52:35.185524,3012,3913266,0.0
2026-01-02 01:57:35.185524,2792,4097264,0.0
2026-01-02 02:02:35.185524,3106,4979204,0.0017019104530979776
2026-01-02 02:07:35.185524,3097,3795152,0.0009048791908424373
2026-01-02 02:12:35.185524,2693,1594302,0.0
2026-01-02 02:17:35.185524,2926,2444217,0.01126165926401358
2026-01-02 02:22:35.185524,4260,7323644,0.0
2026-01-02 02:27:35.185524,3878,3278252,0.003972457261537745
2026-01-02 02:32:35.185524,3579,4048645,0.0
2026-01-02 02:37:35.185524,3317,4708053,0.0009857674100164256
2026-01-02 02:42:35.185524,2852,3617854,0.008992510458954496
2026-01-02 02:47:35.185524,2669,4529724,0.0018571131945564253
2026-01-02 02:52:35.185524,3117,4857840,0.0
2026-01-02 02:57:35.185524,2826,5214886,0.00013301828621819882
2026-01-02 03:02:35.185524,3578,6118830,0.0013472647508862238
2026-01-02 03:07:35.185524,2793,5546122,0.0
2026-01-02 03:12:35.185524,3293,4215899,0.0
2026-01-02 03:17:35.185524,3436,4609817,0.010041112841339012
2026-01-02 03:22:35.185524,2446,2621252,0.0
2026-01-02 03:27:35.185524,4114,7429853,0.0017841846214823737
2026-01-02 03:32:35.185524,2839,2496242,0.005957205045152417
2026-01-02 03:37:35.185524,3493,5493063,0.0
2026-01-02 03:42:35.185524,2340,4651668,0.00965687078554585
2026-01-02 03:47:35.185524,4006,7432277,0.0
2026-01-02 03:52:35.185524,2773,3591112,0.0051867358857375315
2026-01-02 03:57:35.185524,4275,3290363,0.008047832209270732
2026-01-02 04:02:35.185524,2790,1546045,0.0
2026-01-02 04:07:35.185524,3877,4539070,0.0004385184955787193
2026-01-02 04:12:35.185524,3672,4657655,0.005697829766952106
2026-01-02 04:17:35.185524,3846,3593282,0.0
2026-01-02 04:22:35.185524,3844,5866863,0.0
2026-01-02 04:27:35.185524,2871,1744055,0.0
2026-01-02 04:32:35.185524,4098,3796994,0.0040920526656348325
2026-01-02 04:37:35.185524,4134,6459018,0.0
2026-01-02 04:42:35.185524,3779,3370766,0.0
2026-01-02 04:47:35.185524,3971,4393798,0.0
2026-01-02 04:52:35.185524,3872,4961848,0.0
2026-01-02 04:57:35.185524,3395,1891338,0.0
2026-01-02 05:02:35.185524,3796,6557714,0.0
2026-01-02 05:07:35.185524,3346,4171843,0.0
2026-01-02 05:12:35.185524,2779,4848311,0.001960033177292054
2026-01-02 05:17:35.185524,3392,5525413,0.0
2026-01-02 05:22:35.185524,3484,3755992,0.0015452635837935047
2026-01-02 05:27:35.185524,3413,3820356,0.0006316346958168042
2026-01-02 05:32:35.185524,3668,2064973,0.0
2026-01-02 05:37:35.185524,3891,7334308,0.0
2026-01-02 05:42:35.185524,3205,2936343,0.0
2026-01-02 05:47:35.185524,4432,4084506,0.004401679359827335
2026-01-02 05:52:35.185524,4186,7830461,0.004255919499491985
2026-01-02 05:57:35.185524,4618,7527050,0.0017547025785196752
2026-01-02 06:02:35.185524,4601,9109422,0.0
2026-01-02 06:07:35.185524,4184,3795020,0.0
2026-01-02 06:12:35.185524,4739,5462528,0.0
2026-01-02 06:17:35.185524,4563,8191684,0.0
2026-01-02 06:22:35.185524,4983,6859126,0.003616291939804452
2026-01-02 06:27:35.185524,4614,9133449,0.0
2026-01-02 06:32:35.185524,4931,3702390,0.0
2026-01-02 06:37:35.185524,4852,7783166,0.0
2026-01-02 06:42:35.185524,4665,6083181,0.0
2026-01-02 06:47:35.185524,5197,6346362,0.0
2026-01-02 06:52:35.185524,5275,2701232,0.0
2026-01-02 06:57:35.185524,4130,5227858,0.0
2026-01-02 07:02:35.185524,5306,10100549,0.0
2026-01-02 07:07:35.185524,4565,4707169,0.0
2026-01-02 07:12:35.185524,3940,2115659,0.0
2026-01-02 07:17:35.185524,4556,7170325,0.0
2026-01-02 07:22:35.185524,4930,2772784,0.0
2026-01-02 07:27:35.185524,5847,6611479,0.0
2026-01-02 07:32:35.185524,5009,8730807,0.0
2026-01-02 07:37:35.185524,5089,3653804,0.0
2026-01-02 07:42:35.185524,5645,7172613,0.0
2026-01-02 07:47:35.185524,5137,4585438,0.0
2026-01-02 07:52:35.185524,5769,11080495,0.0
2026-01-02 07:57:35.185524,5610,5954363,0.0
2026-01-02 08:02:35.185524,5383,4410447,0.0
2026-01-02 08:07:35.185524,4178,2271134,0.0
2026-01-02 08:12:35.185524,5378,10695612,0.0
2026-01-02 08:17:35.185524,4726,8369668,0.0
2026-01-02 08:22:35.185524,5439,10161659,0.0
2026-01-02 08:27:35.185524,5159,9578108,0.0
2026-01-02 08:32:35.185524,5028,5267701,0.0
2026-01-02 08:37:35.185524,5896,6506499,0.0
2026-01-02 08:42:35.185524,5623,5762408,0.0
2026-01-02 08:47:35.185524,4555,7234899,0.0
2026-01-02 08:52:35.185524,6228,11439379,0.0
2026-01-02 08:57:35.185524,5562,8501193,0.0
2026-01-02 09:02:35.185524,6091,9310238,0.0
2026-01-02 09:07:35.185524,5848,9854594,0.0
2026-01-02 09:12:35.185524,5932,6997566,0.0
2026-01-02 09:17:35.185524,5904,9198650,0.0
2026-01-02 09:22:35.185524,5245,7428819,0.0
2026-01-02 09:27:35.185524,6669,11589204,0.0
2026-01-02 09:32:35.185524,5509,10199774,0.0
2026-01-02 09:37:35.185524,6425,5087979,0.0
2026-01-02 09:42:35.185524,6136,8005050,0.0
2026-01-02 09:47:35.185524,5498,5866338,0.0
2026-01-02 09:52:35.185524,5337,5468805,0.0
2026-01-02 09:57:35.185524,6351,8407989,0.0
2026-01-02 10:02:35.185524,5373,4756278,0.0
2026-01-02 10:07:35.185524,5690,6958869,0.0
2026-01-02 10:12:35.185524,5730,5264462,0.0
2026-01-02 10:17:35.185524,5809,6536068,0.0
2026-01-02 10:22:35.185524,6106,8137575,0.0
2026-01-02 10:27:35.185524,6599,12029880,0.0
2026-01-02 10:32:35.185524,6625,12712401,0.0
2026-01-02 10:37:35.185524,6248,4756769,0.0
2026-01-02 10:42:35.185524,6213,4937820,0.0
2026-01-02 10:47:35.185524,5894,3746006,0.0
2026-01-02 10:52:35.185524,7052,9628023,0.0
2026-01-02 10:57:35.185524,5719,4751719,0.0
2026-01-02 11:02:35.185524,6682,10381097,0.0
2026-01-02 11:07:35.185524,6983,5716360,0.0
2026-01-02 11:12:35.185524,6479,11078669,0.0
2026-01-02 11:17:35.185524,6207,10258183,0.0
2026-01-02 11:22:35.185524,7564,8817525,0.0
2026-01-02 11:27:35.185524,6511,11583015,0.0
2026-01-02 11:32:35.185524,6708,13148022,0.0
2026-01-02 11:37:35.185524,7363,14692289,0.0
2026-01-02 11:42:35.185524,6224,9994988,0.0
2026-01-02 11:47:35.185524,7310,8689652,0.0
2026-01-02 11:52:35.185524,6928,4086361,0.0
2026-01-02 11:57:35.185524,6810,9272998,0.0
2026-01-02 12:02:35.185524,7085,5279007,0.0
2026-01-02 12:07:35.185524,6799,8069826,0.0
2026-01-02 12:12:35.185524,6731,11277203,0.0
2026-01-02 12:17:35.185524,6492,7538425,0.0
2026-01-02 12:22:35.185524,6389,4250147,0.0
2026-01-02 12:27:35.185524,7017,10203649,0.0
2026-01-02 12:32:35.185524,6273,11296431,0.0
2026-01-02 12:37:35.185524,7162,3685813,0.0
2026-01-02 12:42:35.185524,7390,9633156,0.0
2026-01-02 12:47:35.185524,6347,3934308,0.0
2026-01-02 12:52:35.185524,7386,14488785,0.0
2026-01-02 12:57:35.185524,7337,13093409,0.0
2026-01-02 13:02:35.185524,7030,5341156,0.0
2026-01-02 13:07:35.185524,7366,7255047,0.0
2026-01-02 13:12:35.185524,6338,4891666,0.0
2026-01-02 13:17:35.185524,7206,7337681,0.0
2026-01-02 13:22:35.185524,6940,5555933,0.0
2026-01-02 13:27:35.185524,8040,4898909,0.0
2026-01-02 13:32:35.185524,7417,8974541,0.0
2026-01-02 13:37:35.185524,7549,11080428,0.0
2026-01-02 13:42:35.185524,6846,3777780,0.0
2026-01-02 13:47:35.185524,6870,6245492,0.0
2026-01-02 13:52:35.185524,7125,13225068,0.0
2026-01-02 13:57:35.185524,7609,9527257,0.0
2026-01-02 14:02:35.185524,7216,3991145,0.0
2026-01-02 14:07:35.185524,7681,10992748,0.0
2026-01-02 14:12:35.185524,6813,4027353,0.0
2026-01-02 14:17:35.185524,7857,3967367,0.0
2026-01-02 14:22:35.185524,7101,8107897,0.0
2026-01-02 14:27:35.185524,7329,7036469,0.0
2026-01-02 14:32:35.185524,7086,6147521,0.0
2026-01-02 14:37:35.185524,6745,5712476,0.0
2026-01-02 14:42:35.185524,7727,7994158,0.0
2026-01-02 14:47:35.185524,7808,5658469,0.0
2026-01-02 14:52:35.185524,7189,4202099,0.0
2026-01-02 14:57:35.185524,7314,4779856,0.0
2026-01-02 15:02:35.185524,7377,4845669,0.0
2026-01-02 15:07:35.185524,6472,4928638,0.0
2026-01-02 15:12:35.185524,6660,9942207,0.0
2026-01-02 15:17:35.185524,6949,12337436,0.0
2026-01-02 15:22:35.185524,7475,8320071,0.0
2026-01-02 15:27:35.185524,6834,8685908,0.0
2026-01-02 15:32:35.185524,7192,7977055,0.0
2026-01-02 15:37:35.185524,5664,11304400,0.0
2026-01-02 15:42:35.185524,6914,4236101,0.0
2026-01-02 15:47:35.185524,6882,11526958,0.0
2026-01-02 15:52:35.185524,6673,11562236,0.0
2026-01-02 15:57:35.185524,7006,13780196,0.0
2026-01-02 16:02:35.185524,7220,7965655,0.0
2026-01-02 16:07:35.185524,6705,13323328,0.0
2026-01-02 16:12:35.185524,6529,8749535,0.0
2026-01-02 16:17:35.185524,5856,3282616,0.0
2026-01-02 16:22:35.185524,6693,6268250,0.0
2026-01-02 16:27:35.185524,7057,11208913,0.0
2026-01-02 16:32:35.185524,4955,7412084,0.0
2026-01-02 16:37:35.185524,6140,7306697,0.0
2026-01-02 16:42:35.185524,7483,9270885,0.0
2026-01-02 16:47:35.185524,7513,5140194,0.0
2026-01-02 16:52:35.185524,7436,13057087,0.0
2026-01-02 16:57:35.185524,6297,8936389,0.0
2026-01-02 17:02:35.185524,5769,8431809,0.0
2026-01-02 17:07:35.185524,4763,3971065,0.0
2026-01-02 17:12:35.185524,5818,5244401,0.0
2026-01-02 17:17:35.185524,6468,9809019,0.0
2026-01-02 17:22:35.185524,5160,7277979,0.0
2026-01-02 17:27:35.185524,5977,5688865,0.0
2026-01-02 17:32:35.185524,6266,11338741,0.0
2026-01-02 17:37:35.185524,6396,9415602,0.0
2026-01-02 17:42:35.185524,6030,8767138,0.0
2026-01-02 17:47:35.185524,5774,6627100,0.0
2026-01-02 17:52:35.185524,5438,4991164,0.0
2026-01-02 17:57:35.185524,6740,11806956,0.0
2026-01-02 18:02:35.185524,6829,10342654,0.0
2026-01-02 18:07:35.185524,7021,9146703,0.0
2026-01-02 18:12:35.185524,5631,7806227,0.0
2026-01-02 18:17:35.185524,6202,6784393,0.0
2026-01-02 18:22:35.185524,4675,3761397,0.0
2026-01-02 18:27:35.185524,5413,10504904,0.0
2026-01-02 18:32:35.185524,6303,4213726,0.0
2026-01-02 18:37:35.185524,6023,8040708,0.0
2026-01-02 18:42:35.185524,4747,4686191,0.0
2026-01-02 18:47:35.185524,5077,2790555,0.0
2026-01-02 18:52:35.185524,5623,7997307,0.0
2026-01-02 18:57:35.185524,4775,2448191,0.0
2026-01-02 19:02:35.185524,5583,4436593,0.0
2026-01-02 19:07:35.185524,4456,6441480,0.0
2026-01-02 19:12:35.185524,5111,4231633,0.0
2026-01-02 19:17:35.185524,5427,6901629,0.0
2026-01-02 19:22:35.185524,6449,6208905,0.0
2026-01-02 19:27:35.185524,4797,9580104,0.0
2026-01-02 19:32:35.185524,5782,9447295,0.0
2026-01-02 19:37:35.185524,5352,10332629,0.0
2026-01-02 19:42:35.185524,5494,8663408,0.0
2026-01-02 19:47:35.185524,5329,5281273,0.0
2026-01-02 19:52:35.185524,4966,7849875,0.0
2026-01-02 19:57:35.185524,5401,7657764,0.0
2026-01-02 20:02:35.185524,4843,3983515,0.0
2026-01-02 20:07:35.185524,4904,6020476,0.0
2026-01-02 20:12:35.185524,4823,3118958,0.0
2026-01-02 20:17:35.185524,4378,5187299,0.0
2026-01-02 20:22:35.185524,4652,7445676,0.0
2026-01-02 20:27:35.185524,3444,3752383,0.0
2026-01-02 20:32:35.185524,5918,2984860,0.0
2026-01-02 20:37:35.185524,5150,6338987,0.0
2026-01-02 20:42:35.185524,4221,7139202,0.0
2026-01-02 20:47:35.185524,5204,9839596,0.0
2026-01-02 20:52:35.185524,5524,5285284,0.0
2026-01-02 20:57:35.185524,5288,8879247,0.0
2026-01-02 21:02:35.185524,3712,2262572,0.0
2026-01-02 21:07:35.185524,4553,5460636,0.0
2026-01-02 21:12:35.185524,4727,4801825,0.0
2026-01-02 21:17:35.185524,4802,8125010,0.0
2026-01-02 21:22:35.185524,4602,5088924,0.0
2026-01-02 21:27:35.185524,4485,6632366,0.0
2026-01-02 21:32:35.185524,4897,5753692,0.0
2026-01-02 21:37:35.185524,4880,6875319,0.0
2026-01-02 21:42:35.185524,4325,2378532,0.0
2026-01-02 21:47:35.185524,4510,4002220,0.0
2026-01-02 21:52:35.185524,4120,4737059,0.0
2026-01-02 21:57:35.185524,3032,2645009,0.0
2026-01-02 22:02:35.185524,4301,2763601,0.0
2026-01-02 22:07:35.185524,3469,4894494,0.0
2026-01-02 22:12:35.185524,5053,9449945,0.0
2026-01-02 22:17:35.185524,4038,7477890,0.0
2026-01-02 22:22:35.185524,3808,4073536,0.0
2026-01-02 22:27:35.185524,4245,5507211,0.0
2026-01-02 22:32:35.185524,3878,7505681,0.0
2026-01-02 22:37:35.185524,4101,3847308,0.0
2026-01-02 22:42:35.185524,3275,4382844,0.0
2026-01-02 22:47:35.185524,3876,2782273,0.0
2026-01-02 22:52:35.185524,3952,3222580,0.0
2026-01-02 22:57:35.185524,3668,3127222,0.0
2026-01-02 23:02:35.185524,4355,8358282,0.0
2026-01-02 23:07:35.185524,3046,4331666,0.0
2026-01-02 23:12:35.185524,2974,3834817,0.0
2026-01-02 23:17:35.185524,4202,2948048,0.0
2026-01-02 23:22:35.185524,3046,3257164,0.0
2026-01-02 23:27:35.185524,3687,2941691,0.0
2026-01-02 23:32:35.185524,3537,3934270,0.0
2026-01-02 23:37:35.185524,2994,1630967,0.0
2026-01-02 23:42:35.185524,3719,2914530,0.0
2026-01-02 23:47:35.185524,3774,5794245,0.0
2026-01-02 23:52:35.185524,3269,6430705,0.0
2026-01-02 23:57:35.185524,3124,5583064,0.0
2026-01-03 00:02:35.185524,3199,5838052,0.0
2026-01-03 00:07:35.185524,3901,3032421,0.0
2026-01-03 00:12:35.185524,3294,3490630,0.0
2026-01-03 00:17:35.185524,3832,2401795,0.0
2026-01-03 00:22:35.185524,3558,2467877,0.0
2026-01-03 00:27:35.185524,3180,3520500,0.0
2026-01-03 00:32:35.185524,3190,4079837,0.0
2026-01-03 00:37:35.185524,2763,2314181,0.0
2026-01-03 00:42:35.185524,3152,3038832,0.0
2026-01-03 00:47:35.185524,2731,3298131,0.0
2026-01-03 00:52:35.185524,2654,3935536,0.0
2026-01-03 00:57:35.185524,2850,1553160,0.0
2026-01-03 01:02:35.185524,3347,3762344,0.0
2026-01-03 01:07:35.185524,3592,6917020,0.0
2026-01-03 01:12:35.185524,3152,3613630,0.0
2026-01-03 01:17:35.185524,3188,1858219,0.0
2026-01-03 01:22:35.185524,1935,2920670,0.0
2026-01-03 01:27:35.185524,3246,4416992,0.0
2026-01-03 01:32:35.185524,3033,4639927,0.0
2026-01-03 01:37:35.185524,3466,3751826,0.0
2026-01-03 01:42:35.185524,3495,4042361,0.0
2026-01-03 01:47:35.185524,3761,2833959,0.0
2026-01-03 01:52:35.185524,2974,2902302,0.0
2026-01-03 01:57:35.185524,2267,3465278,0.0
2026-01-03 02:02:35.185524,2471,3463652,0.0
2026-01-03 02:07:35.185524,2969,5265521,0.0
2026-01-03 02:12:35.185524,3661,4163601,0.0
2026-01-03 02:17:35.185524,2923,2920384,0.0
2026-01-03 02:22:35.185524,4152,3362775,0.0
2026-01-03 02:27:35.185524,3104,3655508,0.0
2026-01-03 02:32:35.185524,2840,4189681,0.0
2026-01-03 02:37:35.185524,3327,4359436,0.0
2026-01-03 02:42:35.185524,2789,3177461,0.0
2026-01-03 02:47:35.185524,2714,3501685,0.0
2026-01-03 02:52:35.185524,3430,4882483,0.0
2026-01-03 02:57:35.185524,2006,2246930,0.0
2026-01-03 03:02:35.185524,3284,4541220,0.0
2026-01-03 03:07:35.185524,3803,4332733,0.0
2026-01-03 03:12:35.185524,3660,2033035,0.0
2026-01-03 03:17:35.185524,3452,5037210,0.0
2026-01-03 03:22:35.185524,3157,3200962,0.0
2026-01-03 03:27:35.185524,3424,4710072,0.0
2026-01-03 03:32:35.185524,3199,5707699,0.0
2026-01-03 03:37:35.185524,3065,3004498,0.0
2026-01-03 03:42:35.185524,2698,4838946,0.0
2026-01-03 03:47:35.185524,3761,4034570,0.0
2026-01-03 03:52:35.185524,3990,2109726,0.0
2026-01-03 03:57:35.185524,3788,5177434,0.0
2026-01-03 04:02:35.185524,3263,3739420,0.0
2026-01-03 04:07:35.185524,3678,6398729,0.0
2026-01-03 04:12:35.185524,3493,3869076,0.0
2026-01-03 04:17:35.185524,4129,4264754,0.0
2026-01-03 04:22:35.185524,4049,2339381,0.0
2026-01-03 04:27:35.185524,3706,6745998,0.0
2026-01-03 04:32:35.185524,2893,2087515,0.0
2026-01-03 04:37:35.185524,2864,2591655,0.0
2026-01-03 04:42:35.185524,4161,4712166,0.0
2026-01-03 04:47:35.185524,3375,4824161,0.0
2026-01-03 04:52:35.185524,3278,4459334,0.0
2026-01-03 04:57:35.185524,2975,1922914,0.0
2026-01-03 05:02:35.185524,3506,3312466,0.0
2026-01-03 05:07:35.185524,3744,4368323,0.0
2026-01-03 05:12:35.185524,3987,7732409,0.0
2026-01-03 05:17:35.185524,3565,2124914,0.0
2026-01-03 05:22:35.185524,3369,4168973,0.0
2026-01-03 05:27:35.185524,3572,4603065,0.0
2026-01-03 05:32:35.185524,3999,7731952,0.0
2026-01-03 05:37:35.185524,3575,6490000,0.0
2026-01-03 05:42:35.185524,3663,7024258,0.0
2026-01-03 05:47:35.185524,4074,8017677,0.0
2026-01-03 05:52:35.185524,4356,7585606,0.0
2026-01-03 05:57:35.185524,4589,4983680,0.0
2026-01-03 06:02:35.185524,3626,7027377,0.0
2026-01-03 06:07:35.185524,4761,3346526,0.0
2026-01-03 06:12:35.185524,4578,8026864,0.0
2026-01-03 06:17:35.185524,4582,6887385,0.0
2026-01-03 06:22:35.185524,4556,3682687,0.0
2026-01-03 06:27:35.185524,5584,9915227,0.0
2026-01-03 06:32:35.185524,4124,7421531,0.0
2026-01-03 06:37:35.185524,4895,5041136,0.0
2026-01-03 06:42:35.185524,4417,3179207,0.0
2026-01-03 06:47:35.185524,3835,5833040,0.0
2026-01-03 06:52:35.185524,4240,3652846,0.0
2026-01-03 06:57:35.185524,4933,3181869,0.0
2026-01-03 07:02:35.185524,3909,3210332,0.0
2026-01-03 07:07:35.185524,4519,4718633,0.0
2026-01-03 07:12:35.185524,4516,4991718,0.0
2026-01-03 07:17:35.185524,4356,7004058,0.0
2026-01-03 07:22:35.185524,5314,9579300,0.0
2026-01-03 07:27:35.185524,5351,8575214,0.0
2026-01-03 07:32:35.185524,5375,9889336,0.0
2026-01-03 07:37:35.185524,4719,8772703,0.0
2026-01-03 07:42:35.185524,4459,4916282,0.0
2026-01-03 07:47:35.185524,4953,7079004,0.0
2026-01-03 07:52:35.185524,5981,6433579,0.0
2026-01-03 07:57:35.185524,5516,8954439,0.0
2026-01-03 08:02:35.185524,6192,11794663,0.0
2026-01-03 08:07:35.185524,4727,5984453,0.0
2026-01-03 08:12:35.185524,4335,4231474,0.0
2026-01-03 08:17:35.185524,5885,7440966,0.0
2026-01-03 08:22:35.185524,4240,8058821,0.0
2026-01-03 08:27:35.185524,5376,3986849,0.0
2026-01-03 08:32:35.185524,4219,7790346,0.0
2026-01-03 08:37:35.185524,5198,2972433,0.0
2026-01-03 08:42:35.185524,4876,6856276,0.0
2026-01-03 08:47:35.185524,5544,10365379,0.0
2026-01-03 08:52:35.185524,4977,3668405,0.0
2026-01-03 08:57:35.185524,5850,4737397,0.0
2026-01-03 09:02:35.185524,5642,9560798,0.0
2026-01-03 09:07:35.185524,6153,4026100,0.0
2026-01-03 09:12:35.185524,5647,8382321,0.0
2026-01-03 09:17:35.185524,6031,4693089,0.0
2026-01-03 09:22:35.185524,5496,7003816,0.0
2026-01-03 09:27:35.185524,5447,6144594,0.0
2026-01-03 09:32:35.185524,6530,8054731,0.0
2026-01-03 09:37:35.185524,5698,5713481,0.0
2026-01-03 09:42:35.185524,6218,3525359,0.0
2026-01-03 09:47:35.185524,5797,6652338,0.0
2026-01-03 09:52:35.185524,6787,3642182,0.0
2026-01-03 09:57:35.185524,5713,6141769,0.0
2026-01-03 10:02:35.185524,5849,5966438,0.0
2026-01-03 10:07:35.185524,6403,6314337,0.0
2026-01-03 10:12:35.185524,5542,8592650,0.0
2026-01-03 10:17:35.185524,6081,8540680,0.0
2026-01-03 10:22:35.185524,7486,9788258,0.0
2026-01-03 10:27:35.185524,6534,5275722,0.0
2026-01-03 10:32:35.185524,6444,12071052,0.0
2026-01-03 10:37:35.185524,5903,11469044,0.0
2026-01-03 10:42:35.185524,5721,8867185,0.0
2026-01-03 10:47:35.185524,6566,6297859,0.0
2026-01-03 10:52:35.185524,5782,11563885,0.0
2026-01-03 10:57:35.185524,6872,3495344,0.0
2026-01-03 11:02:35.185524,6293,5396114,0.0
2026-01-03 11:07:35.185524,7099,9952268,0.0
2026-01-03 11:12:35.185524,6761,6139285,0.0
2026-01-03 11:17:35.185524,5799,7511637,0.0
2026-01-03 11:22:35.185524,6872,8153137,0.0
2026-01-03 11:27:35.185524,7814,13547483,0.0
2026-01-03 11:32:35.185524,7794,8489452,0.0
2026-01-03 11:37:35.185524,6858,9346191,0.0
2026-01-03 11:42:35.185524,6734,7210698,0.0
2026-01-03 11:47:35.185524,6388,5619923,0.0
2026-01-03 11:52:35.185524,7410,7284054,0.0
2026-01-03 11:57:35.185524,7429,6297307,0.0
2026-01-03 12:02:35.185524,7221,6747663,0.0
2026-01-03 12:07:35.185524,7456,7511172,0.0
2026-01-03 12:12:35.185524,5954,7112408,0.0
2026-01-03 12:17:35.185524,6919,9852926,0.0
2026-01-03 12:22:35.185524,7180,3889358,0.0
2026-01-03 12:27:35.185524,7057,9018854,0.0
2026-01-03 12:32:35.185524,8495,12311797,0.0
2026-01-03 12:37:35.185524,7511,8284839,0.0
2026-01-03 12:42:35.185524,6937,7695958,0.0
2026-01-03 12:47:35.185524,7567,4616946,0.0
2026-01-03 12:52:35.185524,6567,8706747,0.0
2026-01-03 12:57:35.185524,7946,11444173,0.0
2026-01-03 13:02:35.185524,6673,10443834,0.0
2026-01-03 13:07:35.185524,7119,6240064,0.0
2026-01-03 13:12:35.185524,6950,11062994,0.0
2026-01-03 13:17:35.185524,8081,6027254,0.0
2026-01-03 13:22:35.185524,5982,6732441,0.0
2026-01-03 13:27:35.185524,7126,14215184,0.0
2026-01-03 13:32:35.185524,6526,5691655,0.0
2026-01-03 13:37:35.185524,6555,9742504,0.0
2026-01-03 13:42:35.185524,6069,7792485,0.0
2026-01-03 13:47:35.185524,7415,11811238,0.0
2026-01-03 13:52:35.185524,6816,6603108,0.0
2026-01-03 13:57:35.185524,7576,9126503,0.0
2026-01-03 14:02:35.185524,6807,11852178,0.0
2026-01-03 14:07:35.185524,7052,13499770,0.0
2026-01-03 14:12:35.185524,7085,13937691,0.0
2026-01-03 14:17:35.185524,6897,8986174,0.0
2026-01-03 14:22:35.185524,7321,6100377,0.0
2026-01-03 14:27:35.185524,7241,5027042,0.0
2026-01-03 14:32:35.185524,6820,8878546,0.0
2026-01-03 14:37:35.185524,7549,6916818,0.0
2026-01-03 14:42:35.185524,7157,8452710,0.0
2026-01-03 14:47:35.185524,7568,11731006,0.0
2026-01-03 14:52:35.185524,7654,6592328,0.0
2026-01-03 14:57:35.185524,7185,3666834,0.0
2026-01-03 15:02:35.185524,6212,4595679,0.0
2026-01-03 15:07:35.185524,6784,6337455,0.0
2026-01-03 15:12:35.185524,6736,12049995,0.0
2026-01-03 15:17:35.185524,7963,10240042,0.0
2026-01-03 15:22:35.185524,6839,8523821,0.0
2026-01-03 15:27:35.185524,6347,12052602,0.0
2026-01-03 15:32:35.185524,7266,5527240,0.0
2026-01-03 15:37:35.185524,7252,10647511,0.0
2026-01-03 15:42:35.185524,7344,4401871,0.0
2026-01-03 15:47:35.185524,7841,6629944,0.0
2026-01-03 15:52:35.185524,6512,9042142,0.0
2026-01-03 15:57:35.185524,6966,5675663,0.0
2026-01-03 16:02:35.185524,6356,11841195,0.0
2026-01-03 16:07:35.185524,5762,10579598,0.0
2026-01-03 16:12:35.185524,6657,9348414,0.0
2026-01-03 16:17:35.185524,6957,7842617,0.0
2026-01-03 16:22:35.185524,6020,8611177,0.0
2026-01-03 16:27:35.185524,6748,8645300,0.0
2026-01-03 16:32:35.185524,6918,13584588,0.0
2026-01-03 16:37:35.185524,6462,5336739,0.0
2026-01-03 16:42:35.185524,6775,4521724,0.0
2026-01-03 16:47:35.185524,6553,3578270,0.0
2026-01-03 16:52:35.185524,6443,4638889,0.0
2026-01-03 16:57:35.185524,6506,4286080,0.0
2026-01-03 17:02:35.185524,6273,6724525,0.0
2026-01-03 17:07:35.185524,6779,7374267,0.0
2026-01-03 17:12:35.185524,7333,8287399,0.0
2026-01-03 17:17:35.185524,6132,11031637,0.0
2026-01-03 17:22:35.185524,6875,8179249,0.0
2026-01-03 17:27:35.185524,6630,11760327,0.0
2026-01-03 17:32:35.185524,5941,3260122,0.0
2026-01-03 17:37:35.185524,5967,9292539,0.0
2026-01-03 17:42:35.185524,6281,11724088,0.0
2026-01-03 17:47:35.185524,5688,7968749,0.0
2026-01-03 17:52:35.185524,5966,9220647,0.0
2026-01-03 17:57:35.185524,5951,3790888,0.0
2026-01-03 18:02:35.185524,6839,3949435,0.0
2026-01-03 18:07:35.185524,6725,9861327,0.0
2026-01-03 18:12:35.185524,5248,9664165,0.0
2026-01-03 18:17:35.185524,5761,3620970,0.0
2026-01-03 18:22:35.185524,6303,8890511,0.0
2026-01-03 18:27:35.185524,5033,4813818,0.0
2026-01-03 18:32:35.185524,5887,6672675,0.0
2026-01-03 18:37:35.185524,5437,8812760,0.0
2026-01-03 18:42:35.185524,5742,3460074,0.0
2026-01-03 18:47:35.185524,6332,7773553,0.0
2026-01-03 18:52:35.185524,5863,10024021,0.0
2026-01-03 18:57:35.185524,5731,11196545,0.0
2026-01-03 19:02:35.185524,5556,6753356,0.0
2026-01-03 19:07:35.185524,5292,8382018,0.0
2026-01-03 19:12:35.185524,6295,5407804,0.0
2026-01-03 19:17:35.185524,6849,13553919,0.0
2026-01-03 19:22:35.185524,4782,9136061,0.0
2026-01-03 19:27:35.185524,5360,8330843,0.0
2026-01-03 19:32:35.185524,5677,5466422,0.0
2026-01-03 19:37:35.185524,5831,7895489,0.0
2026-01-03 19:42:35.185524,4277,7277724,0.0
2026-01-03 19:47:35.185524,5237,7570386,0.0
2026-01-03 19:52:35.185524,5130,3947958,0.0
2026-01-03 19:57:35.185524,4930,4428779,0.0
2026-01-03 20:02:35.185524,5515,5010121,0.0
2026-01-03 20:07:35.185524,4673,3346478,0.0
2026-01-03 20:12:35.185524,5574,3912513,0.0
2026-01-03 20:17:35.185524,5073,6420353,0.0
2026-01-03 20:22:35.185524,4910,2767090,0.0
2026-01-03 20:27:35.185524,5259,3050379,0.0
2026-01-03 20:32:35.185524,3519,4850735,0.0
2026-01-03 20:37:35.185524,5006,3565313,0.0010701139860512642
2026-01-03 20:42:35.185524,4116,2636147,0.0
2026-01-03 20:47:35.185524,5451,6575434,0.0
2026-01-03 20:52:35.185524,3961,4448122,0.0
2026-01-03 20:57:35.185524,4359,7949870,0.00011042910699920853
2026-01-03 21:02:35.185524,4065,2136997,0.00029140888951195536
2026-01-03 21:07:35.185524,4687,3033899,0.0
2026-01-03 21:12:35.185524,2586,1337718,0.0
2026-01-03 21:17:35.185524,3666,5241143,0.0
2026-01-03 21:22:35.185524,4492,7602575,0.0
2026-01-03 21:27:35.185524,3787,2352467,0.0
2026-01-03 21:32:35.185524,4211,2165760,0.0
2026-01-03 21:37:35.185524,3920,2281454,0.0
2026-01-03 21:42:35.185524,4516,3806793,0.0
2026-01-03 21:47:35.185524,3830,6493839,0.0
2026-01-03 21:52:35.185524,4387,3355261,0.0
2026-01-03 21:57:35.185524,4199,4013512,0.0
2026-01-03 22:02:35.185524,4455,3720354,0.0
2026-01-03 22:07:35.185524,4186,3517469,0.0
2026-01-03 22:12:35.185524,3393,4769290,0.0
2026-01-03 22:17:35.185524,3836,5729288,0.0
2026-01-03 22:22:35.185524,3665,3121504,0.0
2026-01-03 22:27:35.185524,3941,7199095,0.0
2026-01-03 22:32:35.185524,3524,2664740,0.0
2026-01-03 22:37:35.185524,3083,4021852,0.0
2026-01-03 22:42:35.185524,3705,6323484,0.0
2026-01-03 22:47:35.185524,4236,3372683,0.006530589805123601
2026-01-03 22:52:35.185524,2843,4925782,0.0
2026-01-03 22:57:35.185524,3569,4552348,0.0
2026-01-03 23:02:35.185524,3670,7014275,0.0
2026-01-03 23:07:35.185524,4634,8271103,0.0
2026-01-03 23:12:35.185524,4497,2426511,0.0
2026-01-03 23:17:35.185524,3922,6035860,0.0
2026-01-03 23:22:35.185524,3901,3032146,0.0
2026-01-03 23:27:35.185524,4077,2793376,0.008182982467711366
2026-01-03 23:32:35.185524,4099,7852996,0.0018364618222669344
2026-01-03 23:37:35.185524,3665,6582330,0.0
2026-01-03 23:42:35.185524,3661,2235442,0.0
2026-01-03 23:47:35.185524,4265,2476955,0.0
2026-01-03 23:52:35.185524,3317,4965928,0.0
2026-01-03 23:57:35.185524,3097,5663334,0.00013904092443967758
2026-01-04 00:02:35.185524,3387,4792709,0.0
2026-01-04 00:07:35.185524,3220,5534452,0.0
2026-01-04 00:12:35.185524,3219,2576862,0.0
2026-01-04 00:17:35.185524,3396,4324382,0.0
2026-01-04 00:22:35.185524,3370,4331337,0.0033457377689804207
2026-01-04 00:27:35.185524,3157,5810057,0.001694382602526412
2026-01-04 00:32:35.185524,3778,2336192,0.0
2026-01-04 00:37:35.185524,2893,4414106,0.009345943201551023
2026-01-04 00:42:35.185524,3218,2289625,0.004745366214153923
2026-01-04 00:47:35.185524,3446,3933738,0.0
2026-01-04 00:52:35.185524,2864,2200371,0.0
2026-01-04 00:57:35.185524,2866,1478094,0.007200904205193426
2026-01-04 01:02:35.185524,2672,2221289,0.009068468808098471
2026-01-04 01:07:35.185524,3287,6013367,0.0
2026-01-04 01:12:35.185524,3234,2211116,0.0024965282027301604
2026-01-04 01:17:35.185524,2846,4470291,0.0
2026-01-04 01:22:35.185524,3757,3065652,0.002268272877949099
2026-01-04 01:27:35.185524,3980,3485839,0.0009233416718341094
2026-01-04 01:32:35.185524,2836,1505656,0.008798318604204734
2026-01-04 01:37:35.185524,4559,7844457,0.009085597645825437
2026-01-04 01:42:35.185524,2442,4139649,0.006554523625096826
2026-01-04 01:47:35.185524,3315,2863493,0.012845319195719735
2026-01-04 01:52:35.185524,4091,6210586,0.0
2026-01-04 01:57:35.185524,3880,7587108,0.0
2026-01-04 02:02:35.185524,3178,2807020,0.0
2026-01-04 02:07:35.185524,2290,1395047,0.003126854842606214
2026-01-04 02:12:35.185524,2975,3986211,0.010580062914405322
2026-01-04 02:17:35.185524,3034,5244659,0.0017517357246151352
2026-01-04 02:22:35.185524,3641,3173461,0.007273173086188304
2026-01-04 02:27:35.185524,3154,4652332,0.0028315827907141296
2026-01-04 02:32:35.185524,2872,4995889,0.013082694823266048
2026-01-04 02:37:35.185524,3826,4144295,0.0022023410112779144
2026-01-04 02:42:35.185524,2463,1786653,0.016302204998282995
2026-01-04 02:47:35.185524,3342,3698418,0.016380012924677008
2026-01-04 02:52:35.185524,3918,4800203,0.0010274027162403571
2026-01-04 02:57:35.185524,3707,4671187,0.0050390811925943805
2026-01-04 03:02:35.185524,3242,2650205,0.0034123966766156106
2026-01-04 03:07:35.185524,4071,4948091,0.006483242826732452
2026-01-04 03:12:35.185524,3246,6390718,0.0016770117583968678
2026-01-04 03:17:35.185524,3313,3461253,0.012292488004291462
2026-01-04 03:22:35.185524,2775,1798136,0.012251089325537961
2026-01-04 03:27:35.185524,2701,1597970,0.010310657445352402
2026-01-04 03:32:35.185524,3289,5238944,0.0
2026-01-04 03:37:35.185524,3825,7303942,0.012342520182906888
2026-01-04 03:42:35.185524,2892,4564537,0.00438155450163879
2026-01-04 03:47:35.185524,3757,5995468,0.012157499158819425
2026-01-04 03:52:35.185524,1806,1427123,0.010448562124866017
2026-01-04 03:57:35.185524,3468,6159026,0.017947046449928415
2026-01-04 04:02:35.185524,3630,3933724,0.01487857889399297
2026-01-04 04:07:35.185524,2841,1550504,0.01236547548892155
2026-01-04 04:12:35.185524,3509,5611297,0.009023589410866032
2026-01-04 04:17:35.185524,3985,4738834,0.00467820712256726
2026-01-04 04:22:35.185524,4394,5359060,0.0014109855286808595
2026-01-04 04:27:35.185524,3065,5558463,0.005028133120618825
2026-01-04 04:32:35.185524,3522,6094699,0.004436003578034368
2026-01-04 04:37:35.185524,3792,5490431,0.015879053867510144
2026-01-04 04:42:35.185524,3672,5122035,0.005762260860054131
2026-01-04 04:47:35.185524,3963,4440215,0.010159471977544894
2026-01-04 04:52:35.185524,4671,3431527,0.015540583841203779
2026-01-04 04:57:35.185524,3686,4410020,0.008236590773253265
2026-01-04 05:02:35.185524,3510,2163072,0.0033372601856012703
2026-01-04 05:07:35.185524,4105,3830767,0.005607660909374238
2026-01-04 05:12:35.185524,4038,2922844,0.012127176195155296
2026-01-04 05:17:35.185524,3048,3245078,0.01595146638470523
2026-01-04 05:22:35.185524,3547,2860849,0.01050500827747544
2026-01-04 05:27:35.185524,3748,4599692,0.012181583886693824
2026-01-04 05:32:35.185524,4479,8304344,0.013096801118009356
2026-01-04 05:37:35.185524,4432,8421117,0.014605824467079634
2026-01-04 05:42:35.185524,3438,6449631,0.013131850191375026
2026-01-04 05:47:35.185524,3303,1938505,0.005355942760315461
2026-01-04 05:52:35.185524,3971,6456740,0.015785388285391888
2026-01-04 05:57:35.185524,3316,4167451,0.01587357093106881
2026-01-04 06:02:35.185524,4490,6994716,0.008535131455001602
2026-01-04 06:07:35.185524,4070,6606977,0.005605922417617346
2026-01-04 06:12:35.185524,4218,4224065,0.010272268306597254
2026-01-04 06:17:35.185524,4000,4996206,0.013192941502017629
2026-01-04 06:22:35.185524,4416,4969429,0.010054060762337447
2026-01-04 06:27:35.185524,4503,8228738,0.017267148436155302
2026-01-04 06:32:35.185524,3814,6206249,0.006915138593989871
2026-01-04 06:37:35.185524,4824,7869101,0.010118189776533877
2026-01-04 06:42:35.185524,4436,8029513,0.010425410827515904
2026-01-04 06:47:35.185524,3860,4962715,0.022997901544860214
2026-01-04 06:52:35.185524,4241,6593126,0.014760102178372486
2026-01-04 06:57:35.185524,4710,9390812,0.014040761238348857
2026-01-04 07:02:35.185524,4671,8548969,0.016647231970075296
2026-01-04 07:07:35.185524,4807,5448690,0.017031563937742134
2026-01-04 07:12:35.185524,4713,5467715,0.010086166269059988
2026-01-04 07:17:35.185524,4339,2861650,0.028075427912267865
2026-01-04 07:22:35.185524,4682,6652025,0.013452695650602132
2026-01-04 07:27:35.185524,4696,4130080,0.026406517856803806
2026-01-04 07:32:35.185524,5000,7972734,0.02312412554590952
2026-01-04 07:37:35.185524,5458,8712581,0.02217032489898232
2026-01-04 07:42:35.185524,4991,8212230,0.024490323217655686
2026-01-04 07:47:35.185524,5364,9586161,0.02461871098690556
2026-01-04 07:52:35.185524,5111,10146729,0.016970891448681774
2026-01-04 07:57:35.185524,6625,12153438,0.02131429574261147
2026-01-04 08:02:35.185524,4741,4547156,0.013472229749977048
2026-01-04 08:07:35.185524,4631,4231251,0.015957070424207877
2026-01-04 08:12:35.185524,5742,9284426,0.016973423547659003
2026-01-04 08:17:35.185524,5778,4325675,0.028803836240834317
2026-01-04 08:22:35.185524,5513,5788577,0.027375286904950266
2026-01-04 08:27:35.185524,4713,8690619,0.021263945198808063
2026-01-04 08:32:35.185524,5447,9788339,0.013441636579270931
2026-01-04 08:37:35.185524,5675,4467524,0.0141530858817069
2026-01-04 08:42:35.185524,5214,3456014,0.014478421100620035
2026-01-04 08:47:35.185524,6153,9593792,0.029054270675166013
2026-01-04 08:52:35.185524,5683,8909507,0.030230764256959898
2026-01-04 08:57:35.185524,5796,3291979,0.01375154418827599
2026-01-04 09:02:35.185524,6591,4506869,0.027495652390198487
2026-01-04 09:07:35.185524,5893,7007442,0.023809754655705527
2026-01-04 09:12:35.185524,5996,6383057,0.029386940255478507
2026-01-04 09:17:35.185524,5834,4253855,0.021658078445435776
2026-01-04 09:22:35.185524,5116,6249300,0.01719561962834274
2026-01-04 09:27:35.185524,4998,6967919,0.030043870614991974
2026-01-04 09:32:35.185524,5845,4241674,0.025173983415340474
2026-01-04 09:37:35.185524,6227,8425826,0.02470502003597727
2026-01-04 09:42:35.185524,6605,9492854,0.021768602181226733
2026-01-04 09:47:35.185524,6179,11175675,0.03133940535533331
2026-01-04 09:52:35.185524,7050,5085862,0.032122254550618554
2026-01-04 09:57:35.185524,7018,9994495,0.03161708795623654
2026-01-04 10:02:35.185524,6997,5662283,0.01578343398860879
2026-01-04 10:07:35.185524,6821,7212527,0.03309408556397041
2026-01-04 10:12:35.185524,5945,9499657,0.03146446647730568
2026-01-04 10:17:35.185524,5944,8776829,0.029176843119993117
2026-01-04 10:22:35.185524,6170,3121488,0.02813962269703348
2026-01-04 10:27:35.185524,6460,9751159,0.032129705166193
2026-01-04 10:32:35.185524,6191,7173649,0.0345116595242625
2026-01-04 10:37:35.185524,5100,5657505,0.017550856813687423
2026-01-04 10:42:35.185524,6753,7288727,0.022323953295358002
2026-01-04 10:47:35.185524,6230,3350366,0.023665770666638015
2026-01-04 10:52:35.185524,7368,10784778,0.03585883438931254
2026-01-04 10:57:35.185524,6677,8483664,0.018083093766935055
2026-01-04 11:02:35.185524,6844,13129826,0.033978882197093094
2026-01-04 11:07:35.185524,6531,9590548,0.022965300765404977
2026-01-04 11:12:35.185524,6860,4365764,0.034431542941455645
2026-01-04 11:17:35.185524,6925,5934162,0.035655681508730164
2026-01-04 11:22:35.185524,7001,6665313,0.03447003580515786
2026-01-04 11:27:35.185524,7284,5876612,0.022308343480066446
2026-01-04 11:32:35.185524,6308,9277690,0.021604880616877015
2026-01-04 11:37:35.185524,6275,11675597,0.03266728989451084
2026-01-04 11:42:35.185524,7373,14451726,0.03050136577780014
2026-01-04 11:47:35.185524,7395,13211209,0.03880911718685363
2026-01-04 11:52:35.185524,7725,7614731,0.03999355587722421
2026-01-04 11:57:35.185524,7109,10381732,0.020676042248954623
2026-01-04 12:02:35.185524,7098,8501096,0.02582661793505952
2026-01-04 12:07:35.185524,6860,12487458,0.038083458192049016
2026-01-04 12:12:35.185524,6245,8649385,0.02222536444438303
2026-01-04 12:17:35.185524,6988,10761479,0.03346128573751565
2026-01-04 12:22:35.185524,6940,12183361,0.025932304184711867
2026-01-04 12:27:35.185524,7127,7284021,0.03410890114621845
2026-01-04 12:32:35.185524,7740,7875463,0.022090844178179823
2026-01-04 12:37:35.185524,7884,4507493,0.032519802921659735
2026-01-04 12:42:35.185524,6958,11314780,0.027778932525462322
2026-01-04 12:47:35.185524,6299,10547357,0.04231079684490927
2026-01-04 12:52:35.185524,6376,9646647,0.03136332899222715
2026-01-04 12:57:35.185524,6792,12583874,0.02820212689455516
2026-01-04 13:02:35.185524,6457,11284455,0.02335655743368622
2026-01-04 13:07:35.185524,7412,14016953,0.036135276203985114
2026-01-04 13:12:35.185524,7167,4235797,0.02675932679541233
2026-01-04 13:17:35.185524,6760,12417425,0.03326830856989263
2026-01-04 13:22:35.185524,6909,13789982,0.030064879084955663
2026-01-04 13:27:35.185524,6982,10756236,0.0416851009185796
2026-01-04 13:32:35.185524,7215,6979298,0.0437199822323158
2026-01-04 13:37:35.185524,7508,10935223,0.025453806256728294
2026-01-04 13:42:35.185524,6984,4455529,0.03943059241992454
2026-01-04 13:47:35.185524,7394,8735295,0.04139608224813965
2026-01-04 13:52:35.185524,7548,8620330,0.030066488466288725
2026-01-04 13:57:35.185524,7721,6288277,0.03105468263104644
2026-01-04 14:02:35.185524,7276,12663838,0.044424771908290375
2026-01-04 14:07:35.185524,7073,3880779,0.03034493835091675
2026-01-04 14:12:35.185524,7286,11699025,0.036575104517288945
2026-01-04 14:17:35.185524,7535,11869714,0.028051099375281857
2026-01-04 14:22:35.185524,6568,4941606,0.04463853242464512
2026-01-04 14:27:35.185524,6813,8734826,0.04269383792261256
2026-01-04 14:32:35.185524,6762,7606525,0.041818717740556496
2026-01-04 14:37:35.185524,6603,12607708,0.039356015972869786
2026-01-04 14:42:35.185524,6997,6528040,0.04282845073330356
2026-01-04 14:47:35.185524,6096,4990576,0.04008195337994327
2026-01-04 14:52:35.185524,7032,14053341,0.028274975923533313
2026-01-04 14:57:35.185524,6330,11857197,0.044594688262594176
2026-01-04 15:02:35.185524,7440,10659521,0.04098112018208044
2026-01-04 15:07:35.185524,7655,7626629,0.028633824582364374
2026-01-04 15:12:35.185524,6358,5791419,0.0369351123421225
2026-01-04 15:17:35.185524,6881,9076085,0.03010311789165945
2026-01-04 15:22:35.185524,7653,6607833,0.043190784353007654
2026-01-04 15:27:35.185524,6597,4859982,0.02935453225711488
2026-01-04 15:32:35.185524,7747,7179654,0.04177956932584009
2026-01-04 15:37:35.185524,6665,12408676,0.0432886171414948
2026-01-04 15:42:35.185524,7034,13819757,0.0391723056890765
2026-01-04 15:47:35.185524,6990,9870695,0.036434111245807435
2026-01-04 15:52:35.185524,6821,7412978,0.04301108735915313
2026-01-04 15:57:35.185524,6801,7171785,0.041781143499724324
2026-01-04 16:02:35.185524,6816,9712587,0.041000008526961215
2026-01-04 16:07:35.185524,6223,10954336,0.037715807132493374
2026-01-04 16:12:35.185524,6351,7584672,0.044856390974182696
2026-01-04 16:17:35.185524,6945,8634507,0.04857692607761508
2026-01-04 16:22:35.185524,7543,13682205,0.04439673910904502
2026-01-04 16:27:35.185524,7122,4345853,0.03512044726831179
2026-01-04 16:32:35.185524,6532,7798827,0.04307907549354205
2026-01-04 16:37:35.185524,7342,8778185,0.03832020484172489
2026-01-04 16:42:35.185524,5843,7961536,0.03978158141350255
2026-01-04 16:47:35.185524,7092,4196218,0.046894090987227306
2026-01-04 16:52:35.185524,6068,8720084,0.03666689778449225
2026-01-04 16:57:35.185524,6787,5352839,0.05242233392237982
2026-01-04 17:02:35.185524,6193,12326084,0.041621271282119156
2026-01-04 17:07:35.185524,5885,3732956,0.045919403492453006
2026-01-04 17:12:35.185524,6293,9903642,0.04698393032722802
2026-01-04 17:17:35.185524,6139,6799630,0.04073732788575847
2026-01-04 17:22:35.185524,6673,8884052,0.04142064502960413
2026-01-04 17:27:35.185524,6155,5047997,0.03536349785980029
2026-01-04 17:32:35.185524,6684,6826097,0.05148028432554482
2026-01-04 17:37:35.185524,7044,6582745,0.05202023932871045
2026-01-04 17:42:35.185524,6152,8176541,0.04332931625102017
2026-01-04 17:47:35.185524,6603,11575086,0.0386948458860062
2026-01-04 17:52:35.185524,6541,10467615,0.03781057763667395
2026-01-04 17:57:35.185524,6260,5207091,0.04982939473215166
2026-01-04 18:02:35.185524,6520,8722715,0.05232112871721438
2026-01-04 18:07:35.185524,6136,7821662,0.035881951372941985
2026-01-04 18:12:35.185524,5881,3887724,0.04384908613598436
2026-01-04 18:17:35.185524,6965,3713632,0.04725545278484865
2026-01-04 18:22:35.185524,6343,3790293,0.04057256921338996
2026-01-04 18:27:35.185524,5604,3475695,0.05442419705899831
2026-01-04 18:32:35.185524,5682,3075740,0.05422969214858021
2026-01-04 18:37:35.185524,5840,7734211,0.03707927734081695
2026-01-04 18:42:35.185524,5749,4773237,0.041867002454097774
2026-01-04 18:47:35.185524,5114,7593691,0.04014551393676951
2026-01-04 18:52:35.185524,5083,5620735,0.047656414960038584
2026-01-04 18:57:35.185524,5665,10873884,0.04320591665186826
2026-01-04 19:02:35.185524,5880,11287693,0.043223814307705645
2026-01-04 19:07:35.185524,5163,5736532,0.05333271459884807
2026-01-04 19:12:35.185524,5424,6496651,0.04242871421575875
2026-01-04 19:17:35.185524,6082,8218827,0.03917750651662343
2026-01-04 19:22:35.185524,5497,5138557,0.039424820116274725
2026-01-04 19:27:35.185524,5540,3256106,0.04540797285700071
2026-01-04 19:32:35.185524,6003,7860884,0.05055362777708135
2026-01-04 19:37:35.185524,5500,10868451,0.04095342611321387
2026-01-04 19:42:35.185524,5292,5053212,0.050944508095106256
2026-01-04 19:47:35.185524,5001,9327790,0.055782548612926815
2026-01-04 19:52:35.185524,5105,6174283,0.04979109762746848
2026-01-04 19:57:35.185524,5526,6431355,0.04826599425205986
2026-01-04 20:02:35.185524,4797,5298757,0.05180285687509824
2026-01-04 20:07:35.185524,4852,8398865,0.05378745752342669
2026-01-04 20:12:35.185524,4202,6746042,0.0526300264869333
2026-01-04 20:17:35.185524,4928,5231751,0.05978054826010344
2026-01-04 20:22:35.185524,4948,8089420,0.041382706420229114
2026-01-04 20:27:35.185524,4752,6723561,0.05884744076135761
2026-01-04 20:32:35.185524,4778,4283488,0.05838515555061912
2026-01-04 20:37:35.185524,4846,7142986,0.0512202914636174
2026-01-04 20:42:35.185524,4139,8046260,0.06012107174134552
2026-01-04 20:47:35.185524,4950,2713128,0.051689701209277725
2026-01-04 20:52:35.185524,4791,9428970,0.056347347506261705
2026-01-04 20:57:35.185524,5552,9096650,0.04523695823700083
2026-01-04 21:02:35.185524,4603,4281699,0.05939185463681266
2026-01-04 21:07:35.185524,5333,5586808,0.05021618570023527
2026-01-04 21:12:35.185524,4228,4122257,0.045103177084208856
2026-01-04 21:17:35.185524,4164,5185865,0.056801607625268265
2026-01-04 21:22:35.185524,4405,4997463,0.0453327856256641
2026-01-04 21:27:35.185524,4801,8527254,0.053468816863494785
2026-01-04 21:32:35.185524,4276,6048274,0.048381232119258294
2026-01-04 21:37:35.185524,3870,1961008,0.04597812104652091
2026-01-04 21:42:35.185524,3609,4613980,0.06083202390182377
2026-01-04 21:47:35.185524,3782,6446915,0.043467849831531125
2026-01-04 21:52:35.185524,4844,8790086,0.05393031746987094
2026-01-04 21:57:35.185524,3912,5606592,0.04434418027964153
2026-01-04 22:02:35.185524,3634,3317206,0.04922164413683207
2026-01-04 22:07:35.185524,4027,7142811,0.059008571324174044
2026-01-04 22:12:35.185524,3909,2669114,0.045936330525209464
2026-01-04 22:17:35.185524,4048,2662138,0.06076504376049814
2026-01-04 22:22:35.185524,4425,3303046,0.06165652636621911
2026-01-04 22:27:35.185524,3364,3585723,0.05713738388144634
2026-01-04 22:32:35.185524,4204,8301840,0.05841292622680935
2026-01-04 22:37:35.185524,4107,3774120,0.06057006026225657
2026-01-04 22:42:35.185524,3697,1975528,0.05315469273848679
2026-01-04 22:47:35.185524,4210,5364729,0.04696961602814172
2026-01-04 22:52:35.185524,4103,4072201,0.046353329070476235
2026-01-04 22:57:35.185524,3398,4440766,0.049721324593312334
2026-01-04 23:02:35.185524,4372,2952321,0.06506981477033054
2026-01-04 23:07:35.185524,4017,5614373,0.048350994225658576
2026-01-04 23:12:35.185524,3344,5786824,0.04633417413688374
2026-01-04 23:17:35.185524,3560,3969869,0.051216638854845495
2026-01-04 23:22:35.185524,4204,7870182,0.06143433263563647
2026-01-04 23:27:35.185524,3840,7440657,0.051612800173369285
2026-01-04 23:32:35.185524,3925,5485838,0.04925791253541658
2026-01-04 23:37:35.185524,3735,2312246,0.06291156151096625
2026-01-04 23:42:35.185524,3077,5630706,0.048482540963673056
2026-01-04 23:47:35.185524,3464,2914130,0.06528429690575467
2026-01-04 23:52:35.185524,3406,5994258,0.052554079079301916
2026-01-04 23:57:35.185524,2757,3922312,0.06169731303231955
2026-01-05 00:02:35.185524,3727,6901277,0.058343063570070616
2026-01-05 00:07:35.185524,3846,6036681,0.06006146056202236
2026-01-05 00:12:35.185524,3600,2119251,0.060190338690870926
2026-01-05 00:17:35.185524,3857,5531356,0.055292195754837105
2026-01-05 00:22:35.185524,3595,6345418,0.04839536711753819
2026-01-05 00:27:35.185524,3699,4424069,0.05355758940553278
2026-01-05 00:32:35.185524,3147,1992075,0.051877793115844124
2026-01-05 00:37:35.185524,2156,3708740,0.0615115077837291
2026-01-05 00:42:35.185524,2703,3047667,0.06628054426576704
2026-01-05 00:47:35.185524,2950,3341739,0.06795711372935098
2026-01-05 00:52:35.185524,3269,4493858,0.04921604497369288
2026-01-05 00:57:35.185524,3248,6442119,0.05316442380719902
2026-01-05 01:02:35.185524,3394,6742138,0.057920203417185734
2026-01-05 01:07:35.185524,2988,4677586,0.06266198401938083
2026-01-05 01:12:35.185524,3135,3998604,0.06489019479172926
2026-01-05 01:17:35.185524,3742,3862624,0.053282165245583456
2026-01-05 01:22:35.185524,3369,4520050,0.05107562217969436
2026-01-05 01:27:35.185524,3076,1660355,0.05141915734229362
2026-01-05 01:32:35.185524,3635,7225780,0.05526869546370517
2026-01-05 01:37:35.185524,4056,3624497,0.05551652280840796
2026-01-05 01:42:35.185524,3222,2485107,0.05046376450304425
2026-01-05 01:47:35.185524,3461,4549486,0.06813038696759811
2026-01-05 01:52:35.185524,3564,2950172,0.0693605618983459
2026-01-05 01:57:35.185524,2843,2413955,0.07027564979775648
2026-01-05 02:02:35.185524,3694,6481003,0.06279044337421412
2026-01-05 02:07:35.185524,2570,2001019,0.05386854001732179
2026-01-05 02:12:35.185524,3014,2293603,0.06358297186952327
2026-01-05 02:17:35.185524,3547,2240630,0.06314177007571499
2026-01-05 02:22:35.185524,3411,4771932,0.0533623752953135
2026-01-05 02:27:35.185524,3601,6683209,0.054632224521368684
2026-01-05 02:32:35.185524,2412,4048776,0.05737120650639629
2026-01-05 02:37:35.185524,2639,2383922,0.05693358123769037
2026-01-05 02:42:35.185524,3598,3153914,0.06540447671867614
2026-01-05 02:47:35.185524,3232,3877569,0.06534019746422767
2026-01-05 02:52:35.185524,2616,3432921,0.05423698367291635
2026-01-05 02:57:35.185524,3758,2957708,0.05868453652121687
2026-01-05 03:02:35.185524,2856,1695221,0.060840124241327426
2026-01-05 03:07:35.185524,3607,4589672,0.06170350890440536
2026-01-05 03:12:35.185524,3475,5636490,0.056169305269557684
2026-01-05 03:17:35.185524,3838,4984348,0.05991323248447476
2026-01-05 03:22:35.185524,3188,1883492,0.06921797565396996
2026-01-05 03:27:35.185524,3382,5034101,0.06257990356057103
2026-01-05 03:32:35.185524,3787,3464562,0.06333465008588304
2026-01-05 03:37:35.185524,3384,6443216,0.05413654669786477
2026-01-05 03:42:35.185524,2723,2325740,0.05669934769520528
2026-01-05 03:47:35.185524,2933,3431495,0.06923628149964385
2026-01-05 03:52:35.185524,3171,3625252,0.06479709895271163
2026-01-05 03:57:35.185524,2489,1997728,0.07127910545930902
2026-01-05 04:02:35.185524,3715,6410372,0.06527168282425519
2026-01-05 04:07:35.185524,3559,6270000,0.05679325781741129
2026-01-05 04:12:35.185524,3570,4693386,0.05448908427360226
2026-01-05 04:17:35.185524,2957,2548653,0.07184233691190718
2026-01-05 04:22:35.185524,3784,2015779,0.07090191621355246
2026-01-05 04:27:35.185524,3340,6294648,0.06969259312464787
2026-01-05 04:32:35.185524,3579,4368793,0.06720561823838218
2026-01-05 04:37:35.185524,3355,4616618,0.06201912156202506
2026-01-05 04:42:35.185524,3378,3626002,0.07265737881992057
2026-01-05 04:47:35.185524,3725,6342188,0.07375832584073716
2026-01-05 04:52:35.185524,3568,3938944,0.07090837908080942
2026-01-05 04:57:35.185524,3349,2756754,0.07203024679008115
2026-01-05 05:02:35.185524,3613,3708768,0.0668012106764821
2026-01-05 05:07:35.185524,4098,3005541,0.06831271718151682
2026-01-05 05:12:35.185524,3154,1840327,0.0551453868549331
2026-01-05 05:17:35.185524,4245,5733123,0.06255166355128992
2026-01-05 05:22:35.185524,3896,6963841,0.06864370389978294
2026-01-05 05:27:35.185524,3557,5400705,0.07495882708140945
2026-01-05 05:32:35.185524,3771,7082515,0.0695735968076433
2026-01-05 05:37:35.185524,4197,5420403,0.06844920898480136
2026-01-05 05:42:35.185524,4549,3777862,0.07302331972366821
2026-01-05 05:47:35.185524,3826,6296441,0.07402895480921629
2026-01-05 05:52:35.185524,4161,2752811,0.07511045124547466
2026-01-05 05:57:35.185524,5317,6709254,0.07192759435718726
2026-01-05 06:02:35.185524,4510,6555230,0.06508914193259656
2026-01-05 06:07:35.185524,4642,8627450,0.0617806135661198
2026-01-05 06:12:35.185524,4414,6808100,0.05766366513977761
2026-01-05 06:17:35.185524,4568,7737760,0.07134097799926681
2026-01-05 06:22:35.185524,5551,11035951,0.06671389532771449
2026-01-05 06:27:35.185524,4111,4606652,0.07456862672299662
2026-01-05 06:32:35.185524,4712,9374501,0.06725117344399052
2026-01-05 06:37:35.185524,5064,8992525,0.061323743855800236
2026-01-05 06:42:35.185524,3911,5913639,0.06142559292108342
2026-01-05 06:47:35.185524,4500,6857040,0.0649849432835861
2026-01-05 06:52:35.185524,5298,10454037,0.07229798512469154
2026-01-05 06:57:35.185524,4744,5440801,0.07301306546716801
2026-01-05 07:02:35.185524,5002,4359398,0.07647264784220253
2026-01-05 07:07:35.185524,4524,2806987,0.07024176037597395
2026-01-05 07:12:35.185524,4538,8322120,0.06773173567367816
2026-01-05 07:17:35.185524,4533,5677958,0.07241096394511679
2026-01-05 07:22:35.185524,4308,6159781,0.07655029088711768
2026-01-05 07:27:35.185524,5562,6566152,0.06903569212691014
2026-01-05 07:32:35.185524,4936,7919966,0.06136027028119172
2026-01-05 07:37:35.185524,4704,5688121,0.05964409164859419
2026-01-05 07:42:35.185524,4676,2710595,0.07383028396523816
2026-01-05 07:47:35.185524,5624,6133249,0.06912518160491718
2026-01-05 07:52:35.185524,3931,6441878,0.05785426263050913
2026-01-05 07:57:35.185524,5192,3373445,0.059273708437973735
2026-01-05 08:02:35.185524,5726,10016526,0.06640177333873296
2026-01-05 08:07:35.185524,4637,4558199,0.06707808992968571
2026-01-05 08:12:35.185524,5039,3694300,0.07642174184432496
2026-01-05 08:17:35.185524,6312,6015231,0.07054060907729025
2026-01-05 08:22:35.185524,5263,3299555,0.06324378599129604
2026-01-05 08:27:35.185524,5452,8856048,0.07008742885876604
2026-01-05 08:32:35.185524,5745,3829948,0.06886638714652502
2026-01-05 08:37:35.185524,5491,9738098,0.07475903451034326
2026-01-05 08:42:35.185524,6532,12149421,0.06079316540162543
2026-01-05 08:47:35.185524,5010,4158671,0.05982769346340065
2026-01-05 08:52:35.185524,4843,3723204,0.07354501105627638
2026-01-05 08:57:35.185524,5932,7700115,0.06662249825392202
2026-01-05 09:02:35.185524,5703,10029316,0.06827614597245484
2026-01-05 09:07:35.185524,6201,5668395,0.07503545465903097
2026-01-05 09:12:35.185524,5827,3053039,0.06219236459417403
2026-01-05 09:17:35.185524,6268,6754185,0.07106515168755707
2026-01-05 09:22:35.185524,5948,3059957,0.07622221848769052
2026-01-05 09:27:35.185524,5518,9772150,0.07322900446444724
2026-01-05 09:32:35.185524,5892,5665988,0.06927490009943318
2026-01-05 09:37:35.185524,5685,8484051,0.0700437942290759
2026-01-05 09:42:35.185524,6001,3246187,0.06767599999564983
2026-01-05 09:47:35.185524,6148,3777319,0.06944509455959542
2026-01-05 09:52:35.185524,5328,8868498,0.07725834125186566
2026-01-05 09:57:35.185524,6042,7564423,0.06932942457661444
2026-01-05 10:02:35.185524,6305,5217834,0.07014423408356125
2026-01-05 10:07:35.185524,6642,7163918,0.07659256751716177
2026-01-05 10:12:35.185524,6349,7061865,0.06066952893696918
2026-01-05 10:17:35.185524,5788,5697373,0.06974783123438144
2026-01-05 10:22:35.185524,5435,6056319,0.06913661491333012
2026-01-05 10:27:35.185524,6062,11491947,0.06859575593238311
2026-01-05 10:32:35.185524,6779,8353619,0.07146356528447097
2026-01-05 10:37:35.185524,7043,11099090,0.07921284275282375
2026-01-05 10:42:35.185524,6951,9029345,0.06534717699789472
2026-01-05 10:47:35.185524,6933,10067039,0.07469441271866072
2026-01-05 10:52:35.185524,6050,6344948,0.07373256894644259
2026-01-05 10:57:35.185524,6166,6969238,0.060880820527673574
2026-01-05 11:02:35.185524,6699,4525927,0.06557661146196321
2026-01-05 11:07:35.185524,7171,9785435,0.0659505463292607
2026-01-05 11:12:35.185524,6471,4890924,0.07867851375626767
2026-01-05 11:17:35.185524,7128,13128148,0.06516506072747252
2026-01-05 11:22:35.185524,6571,5722653,0.06047377627695442
2026-01-05 11:27:35.185524,6803,5498948,0.06558820473369109
2026-01-05 11:32:35.185524,6805,5130249,0.06038198150783884
2026-01-05 11:37:35.185524,7134,11110674,0.07103052441776184
2026-01-05 11:42:35.185524,6264,6364727,0.06408735481776916
2026-01-05 11:47:35.185524,6492,3303748,0.06734070986158303
2026-01-05 11:52:35.185524,5869,4916602,0.07426471892726558
2026-01-05 11:57:35.185524,6634,10415960,0.07605278532115568
2026-01-05 12:02:35.185524,5642,5299552,0.0621271889860901
2026-01-05 12:07:35.185524,7417,14807584,0.07649831254532898
2026-01-05 12:12:35.185524,6292,7043351,0.06916017756439823
2026-01-05 12:17:35.185524,6762,10049935,0.07980670506262358
2026-01-05 12:22:35.185524,7177,12245267,0.07470003786886965
2026-01-05 12:27:35.185524,7340,8084276,0.06205776124904658
2026-01-05 12:32:35.185524,7562,14713374,0.06683016510626233
2026-01-05 12:37:35.185524,6392,4698438,0.061921652050577675
2026-01-05 12:42:35.185524,7168,6811139,0.06505074570989189
2026-01-05 12:47:35.185524,6255,9572932,0.06996214335873724
2026-01-05 12:52:35.185524,7809,15433533,0.07491188450496575
2026-01-05 12:57:35.185524,7639,14720382,0.06369600829568822
2026-01-05 13:02:35.185524,7387,12311720,0.06429709955569807
2026-01-05 13:07:35.185524,6978,12912896,0.06681679059556314
2026-01-05 13:12:35.185524,6933,12849094,0.07841049420329967
2026-01-05 13:17:35.185524,6319,6065072,0.06601728918675623
2026-01-05 13:22:35.185524,7649,11021608,0.06671726879538437
2026-01-05 13:27:35.185524,7035,8246884,0.07350484959983769
2026-01-05 13:32:35.185524,6646,11118561,0.062323708915004564
2026-01-05 13:37:35.185524,7162,8815569,0.07242630991953186
2026-01-05 13:42:35.185524,6628,9592267,0.06330752572526555
2026-01-05 13:47:35.185524,7480,6294308,0.07270501260550488
2026-01-05 13:52:35.185524,7864,8844563,0.0658454904214821
2026-01-05 13:57:35.185524,7377,9006606,0.07938961766005904
2026-01-05 14:02:35.185524,6260,7653022,0.060371943251044974
2026-01-05 14:07:35.185524,7284,3701124,0.06303863631496884
2026-01-05 14:12:35.185524,7552,4733230,0.062197427029839936
2026-01-05 14:17:35.185524,7152,9349726,0.0677362911930378
2026-01-05 14:22:35.185524,6715,4818727,0.06446434387193764
2026-01-05 14:27:35.185524,6520,4099947,0.06747927870649102
2026-01-05 14:32:35.185524,6891,13386546,0.06848997772902651
2026-01-05 14:37:35.185524,7263,13704687,0.07431345286768615
2026-01-05 14:42:35.185524,6607,7303650,0.07069431635438367
2026-01-05 14:47:35.185524,7427,8181614,0.07436288851362526
2026-01-05 14:52:35.185524,6781,6125149,0.06204317070458017
2026-01-05 14:57:35.185524,7361,6639571,0.06484539859583524
2026-01-05 15:02:35.185524,6673,4022090,0.07397642990455414
2026-01-05 15:07:35.185524,7171,5097996,0.07568833425369655
2026-01-05 15:12:35.185524,7621,4069709,0.07482529118961442
2026-01-05 15:17:35.185524,6829,13353934,0.07960107901597915
2026-01-05 15:22:35.185524,7768,6277807,0.06778962713583059
2026-01-05 15:27:35.185524,6446,6832689,0.0651141640240481
2026-01-05 15:32:35.185524,7165,6391409,0.07670553884165283
2026-01-05 15:37:35.185524,6304,7775979,0.07032106863216042
2026-01-05 15:42:35.185524,6895,8481993,0.06740145134771251
2026-01-05 15:47:35.185524,6501,10389884,0.076960173892034
2026-01-05 15:52:35.185524,6813,10527685,0.0669360789456013
2026-01-05 15:57:35.185524,7366,5626669,0.06520180717200558
2026-01-05 16:02:35.185524,6675,6519238,0.060276744545645314
2026-01-05 16:07:35.185524,7028,3646739,0.07008356327895177
2026-01-05 16:12:35.185524,7256,5057005,0.0762701807752705
2026-01-05 16:17:35.185524,7086,4660363,0.06338708054661818
2026-01-05 16:22:35.185524,7144,9261089,0.07808019898582834
2026-01-05 16:27:35.185524,6455,4503670,0.07242460625889906
2026-01-05 16:32:35.185524,6421,7094505,0.07542500672780893
2026-01-05 16:37:35.185524,7540,11292542,0.06562426128492067
2026-01-05 16:42:35.185524,7105,3621929,0.07117145158846251
2026-01-05 16:47:35.185524,6769,11373825,0.0602522251040557
2026-01-05 16:52:35.185524,6962,4672856,0.0738368169536558
2026-01-05 16:57:35.185524,6877,3919807,0.07756264486457601
2026-01-05 17:02:35.185524,6314,3634093,0.06670790584070155
2026-01-05 17:07:35.185524,6714,8358295,0.07003017505531778
2026-01-05 17:12:35.185524,5879,3660248,0.07804541679694922
2026-01-05 17:17:35.185524,6753,12475213,0.07679121710406382
2026-01-05 17:22:35.185524,7051,6518571,0.07201433417486333
2026-01-05 17:27:35.185524,5965,10280305,0.06693396663806647
2026-01-05 17:32:35.185524,6252,6482897,0.06594032590360063
2026-01-05 17:37:35.185524,6790,5956238,0.07355598191828035
2026-01-05 17:42:35.185524,5815,9431368,0.05941502062895547
2026-01-05 17:47:35.185524,6125,11681211,0.07549887738296933
2026-01-05 17:52:35.185524,5818,6482388,0.059854564093034496
2026-01-05 17:57:35.185524,6036,6598649,0.07205957210137381
2026-01-05 18:02:35.185524,6696,11167851,0.05981340183812082
2026-01-05 18:07:35.185524,6128,9035041,0.06137458686009471
2026-01-05 18:12:35.185524,5776,7443696,0.07358517536913482
2026-01-05 18:17:35.185524,5723,3988166,0.0650551943657103
2026-01-05 18:22:35.185524,5718,3123453,0.07549545309269122
2026-01-05 18:27:35.185524,6187,11962041,0.07170065864324612
2026-01-05 18:32:35.185524,6274,7496642,0.06411139178287338
2026-01-05 18:37:35.185524,5049,4211940,0.07174010661546518
2026-01-05 18:42:35.185524,5794,5949941,0.07302048298023944
2026-01-05 18:47:35.185524,5967,4968274,0.06393141880450084
2026-01-05 18:52:35.185524,6024,8852534,0.06545935345952628
2026-01-05 18:57:35.185524,5277,3610716,0.07211259375711485
2026-01-05 19:02:35.185524,5557,6080272,0.07109217902559377
2026-01-05 19:07:35.185524,4473,7775074,0.0631548598168571
2026-01-05 19:12:35.185524,5571,2959550,0.058203890879735126
2026-01-05 19:17:35.185524,5759,9048911,0.07432291367450532
2026-01-05 19:22:35.185524,6062,6543392,0.07445879855298128
2026-01-05 19:27:35.185524,5469,10036929,0.07730347232445851
2026-01-05 19:32:35.185524,6020,7101534,0.07559738589366
2026-01-05 19:37:35.185524,5246,9542483,0.07073398569313213
2026-01-05 19:42:35.185524,5580,8997020,0.07451540185059571
2026-01-05 19:47:35.185524,5875,6670019,0.07409240406986196
2026-01-05 19:52:35.185524,4805,7829427,0.05889945956678401
2026-01-05 19:57:35.185524,6674,5836179,0.0698421603222351
2026-01-05 20:02:35.185524,5363,6799042,0.059529710849323916
2026-01-05 20:07:35.185524,4168,3148488,0.0604355754612782
2026-01-05 20:12:35.185524,4144,5099445,0.05775786308495135
2026-01-05 20:17:35.185524,5464,9900387,0.06573585987409084
2026-01-05 20:22:35.185524,4666,7775224,0.06473412276032806
2026-01-05 20:27:35.185524,5092,8527596,0.06081307234687968
2026-01-05 20:32:35.185524,5085,6669719,0.06134026353509898
2026-01-05 20:37:35.185524,4872,8362031,0.05708026956867954
2026-01-05 20:42:35.185524,5606,8776429,0.0729835797336934
2026-01-05 20:47:35.185524,5378,6738212,0.07341401201011223
2026-01-05 20:52:35.185524,5243,3732175,0.07559941781951279
2026-01-05 20:57:35.185524,4130,7661357,0.06066119495490042
2026-01-05 21:02:35.185524,4619,2865675,0.0683286340352265
2026-01-05 21:07:35.185524,5058,5277834,0.07121846588828913
2026-01-05 21:12:35.185524,3977,5806181,0.06645228418014634
2026-01-05 21:17:35.185524,3520,1880073,0.07351698043175484
2026-01-05 21:22:35.185524,4715,6969118,0.07416443805521455
2026-01-05 21:27:35.185524,3641,6942830,0.0677899454522421
2026-01-05 21:32:35.185524,4116,6736077,0.07029079505364953
2026-01-05 21:37:35.185524,3815,5060410,0.0755773295469987
2026-01-05 21:42:35.185524,4759,9207311,0.05672586999013305
2026-01-05 21:47:35.185524,4437,4657363,0.06931903158037298
2026-01-05 21:52:35.185524,4948,6433027,0.06763420530812256
2026-01-05 21:57:35.185524,4422,7240387,0.060050513712957665
2026-01-05 22:02:35.185524,4089,5816577,0.06247729126239698
2026-01-05 22:07:35.185524,3944,5991314,0.0686655476334927
2026-01-05 22:12:35.185524,3686,3962748,0.06351521943255362
2026-01-05 22:17:35.185524,4048,2048398,0.07412703240937112
2026-01-05 22:22:35.185524,3677,6414327,0.07189550940629409
2026-01-05 22:27:35.185524,3506,4553487,0.07179069372831312
2026-01-05 22:32:35.185524,4719,3971772,0.07296927863813196
2026-01-05 22:37:35.185524,4564,6812569,0.05584303801370642
2026-01-05 22:42:35.185524,3056,1992478,0.06359146355656785
2026-01-05 22:47:35.185524,4003,4014437,0.05919766967868201
2026-01-05 22:52:35.185524,3558,7109897,0.06353256565212398
2026-01-05 22:57:35.185524,4622,6319028,0.0592759758630547
2026-01-05 23:02:35.185524,3427,4066806,0.06814791016522924
2026-01-05 23:07:35.185524,3992,4124089,0.07127442043653297
2026-01-05 23:12:35.185524,3666,6467112,0.056925802951341864
2026-01-05 23:17:35.185524,3440,5424847,0.06700621819905758
2026-01-05 23:22:35.185524,4632,6974122,0.06797238492836781
2026-01-05 23:27:35.185524,3428,3073723,0.06845507946865452
2026-01-05 23:32:35.185524,3731,4098289,0.05978611242844707
2026-01-05 23:37:35.185524,2965,5100430,0.060861003720061556
2026-01-05 23:42:35.185524,3282,2236262,0.05630890509091321
2026-01-05 23:47:35.185524,3318,3396835,0.0615146432121947
2026-01-05 23:52:35.185524,3449,4033476,0.059804030184769943
2026-01-05 23:57:35.185524,4180,6493643,0.06261692611606073
2026-01-06 00:02:35.185524,3510,6243952,0.06038130283981462
2026-01-06 00:07:35.185524,3021,4935172,0.054895826924044856
2026-01-06 00:12:35.185524,3275,6238867,0.05915812191426923
2026-01-06 00:17:35.185524,3476,4911840,0.07229847459004152
2026-01-06 00:22:35.185524,3246,4194589,0.05918542338340456
2026-01-06 00:27:35.185524,3419,2461864,0.06809992200141775
2026-01-06 00:32:35.185524,2804,5187241,0.056091880264246274
2026-01-06 00:37:35.185524,4107,4352295,0.06394374100678274
2026-01-06 00:42:35.185524,3120,3455163,0.0527598421436446
2026-01-06 00:47:35.185524,3068,5545294,0.06331782970248284
2026-01-06 00:52:35.185524,3393,6348704,0.07053428852930071
2026-01-06 00:57:35.185524,3283,4115341,0.054871046921934355
2026-01-06 01:02:35.185524,2754,4377948,0.06275909507318125
2026-01-06 01:07:35.185524,3890,5051472,0.05528363693911445
2026-01-06 01:12:35.185524,2090,1622295,0.058368268288439634
2026-01-06 01:17:35.185524,2487,1438454,0.055791872270854706
2026-01-06 01:22:35.185524,3015,4306810,0.05688424377602305
2026-01-06 01:27:35.185524,2898,3112920,0.05758959499401545
2026-01-06 01:32:35.185524,2892,1476214,0.06808017109632039
2026-01-06 01:37:35.185524,2401,1738109,0.06342345679421706
2026-01-06 01:42:35.185524,3309,3131791,0.05823182767564025
2026-01-06 01:47:35.185524,3800,2832230,0.06215369678248335
2026-01-06 01:52:35.185524,3084,5081151,0.06387077658426095
2026-01-06 01:57:35.185524,3053,1812851,0.05050582115740274
2026-01-06 02:02:35.185524,3864,5293052,0.05287353603727484
2026-01-06 02:07:35.185524,3491,1951720,0.051662307232534316
2026-01-06 02:12:35.185524,3284,2747168,0.0693691457002996
2026-01-06 02:17:35.185524,3430,5191042,0.06340379801439593
2026-01-06 02:22:35.185524,3059,4196362,0.05137238559228594
2026-01-06 02:27:35.185524,2790,5160113,0.05236879921710891
2026-01-06 02:32:35.185524,3154,6035754,0.06702130048325787
2026-01-06 02:37:35.185524,3474,5859146,0.05831705023339996
2026-01-06 02:42:35.185524,2816,2319444,0.06710423072325196
2026-01-06 02:47:35.185524,3492,6092564,0.05071265574286076
2026-01-06 02:52:35.185524,3359,3481425,0.060459769728732224
2026-01-06 02:57:35.185524,4014,5376029,0.05618793052894244
2026-01-06 03:02:35.185524,3832,3530524,0.05558006888743934
2026-01-06 03:07:35.185524,3702,5811897,0.05323547290302194
2026-01-06 03:12:35.185524,3716,3641494,0.06519688893396126
2026-01-06 03:17:35.185524,2992,2694842,0.06273024462159041
2026-01-06 03:22:35.185524,2975,1552662,0.05870531336939291
2026-01-06 03:27:35.185524,3104,4748801,0.04856092563262461
2026-01-06 03:32:35.185524,2527,2486645,0.04883089600579076
2026-01-06 03:37:35.185524,2278,1425358,0.06462283885809411
2026-01-06 03:42:35.185524,3444,4625775,0.06550386841380361
2026-01-06 03:47:35.185524,3671,2844402,0.06328509570869052
2026-01-06 03:52:35.185524,2878,2032351,0.06520331526023261
2026-01-06 03:57:35.185524,3164,3418672,0.048673685008595785
2026-01-06 04:02:35.185524,2784,5350993,0.05076361525638328
2026-01-06 04:07:35.185524,3959,7046925,0.05959561784714029
2026-01-06 04:12:35.185524,3440,2058696,0.061086277070255685
2026-01-06 04:17:35.185524,4515,3835314,0.0548292142900374
2026-01-06 04:22:35.185524,3134,2915997,0.05102154876696301
2026-01-06 04:27:35.185524,4437,3953977,0.04897844649847561
2026-01-06 04:32:35.185524,4293,7183817,0.0652812398662318
2026-01-06 04:37:35.185524,3875,2524925,0.04634556242712012
2026-01-06 04:42:35.185524,3242,3522471,0.05437405431643676
2026-01-06 04:47:35.185524,3452,2189162,0.056381647637804795
2026-01-06 04:52:35.185524,4302,7102295,0.05200474722467487
2026-01-06 04:57:35.185524,3420,4748660,0.06358284198429746
2026-01-06 05:02:35.185524,4162,6193581,0.055620450810061284
2026-01-06 05:07:35.185524,3758,3205205,0.0646993096197649
2026-01-06 05:12:35.185524,4674,5292839,0.06462599396605465
2026-01-06 05:17:35.185524,4045,3053038,0.05294845805456841
2026-01-06 05:22:35.185524,4096,5837136,0.06398471467514026
2026-01-06 05:27:35.185524,3879,3766661,0.05077837872447405
2026-01-06 05:32:35.185524,4019,6529341,0.05649947106105189
2026-01-06 05:37:35.185524,4146,7295095,0.055628500329179244
2026-01-06 05:42:35.185524,3634,2039893,0.052286550475636295
2026-01-06 05:47:35.185524,3313,5761507,0.060418112256950984
2026-01-06 05:52:35.185524,3701,5373483,0.05129834984198628
2026-01-06 05:57:35.185524,4792,7573568,0.046208562961060025
2026-01-06 06:02:35.185524,3933,5192416,0.048882560697102284
2026-01-06 06:07:35.185524,4429,3994798,0.05294030985658775
2026-01-06 06:12:35.185524,4727,4975186,0.05043571307989571
2026-01-06 06:17:35.185524,3923,6706335,0.05616631505268623
2026-01-06 06:22:35.185524,4030,7637082,0.06140561310495913
2026-01-06 06:27:35.185524,4724,2909994,0.062325929930104745
2026-01-06 06:32:35.185524,4526,8733581,0.042753575047712794
2026-01-06 06:37:35.185524,5608,4302284,0.0441665571903953
2026-01-06 06:42:35.185524,5155,8569663,0.048499712631049
2026-01-06 06:47:35.185524,5076,7817673,0.05310672805811003
2026-01-06 06:52:35.185524,4090,6277090,0.047756134757069725
2026-01-06 06:57:35.185524,3828,2749070,0.05281657367151453
2026-01-06 07:02:35.185524,5341,4480867,0.044285818960196656
2026-01-06 07:07:35.185524,4814,9087933,0.059438637386647994
2026-01-06 07:12:35.185524,4083,5021269,0.05883506608100817
2026-01-06 07:17:35.185524,5080,4620123,0.05037676885978856
2026-01-06 07:22:35.185524,4751,4486110,0.04642365448671616
2026-01-06 07:27:35.185524,4383,6058162,0.05186918894704103
2026-01-06 07:32:35.185524,5636,9707266,0.05813869055701782
2026-01-06 07:37:35.185524,4919,3603540,0.04292749213030675
2026-01-06 07:42:35.185524,4702,4938488,0.04968732581597099
2026-01-06 07:47:35.185524,4889,6949905,0.05427613116752129
2026-01-06 07:52:35.185524,5174,3570623,0.05714085550927379
2026-01-06 07:57:35.185524,4972,4605520,0.04422602588721804
2026-01-06 08:02:35.185524,5533,6370921,0.05318546432158738
2026-01-06 08:07:35.185524,6370,7794900,0.05795202744204172
2026-01-06 08:12:35.185524,6337,9920623,0.054374931087793434
2026-01-06 08:17:35.185524,5802,7693611,0.044527484278731225
2026-01-06 08:22:35.185524,3994,6270063,0.04828708902331228
2026-01-06 08:27:35.185524,5192,8871920,0.05103949171516947
2026-01-06 08:32:35.185524,5604,5316649,0.042285482960403645
2026-01-06 08:37:35.185524,5008,5695383,0.03872640317842879
2026-01-06 08:42:35.185524,5872,9838618,0.045134181705149226
2026-01-06 08:47:35.185524,5777,10929557,0.044418841341175665
2026-01-06 08:52:35.185524,5773,6560030,0.04453606638880491
2026-01-06 08:57:35.185524,6182,10865671,0.050580856946082324
2026-01-06 09:02:35.185524,5987,8147153,0.0561006502206038
2026-01-06 09:07:35.185524,4965,3642385,0.04466909063457381
2026-01-06 09:12:35.185524,6148,8648382,0.04406913082066473
2026-01-06 09:17:35.185524,5540,7729059,0.05514289367767619
2026-01-06 09:22:35.185524,5352,9454426,0.055950831007739156
2026-01-06 09:27:35.185524,6462,5337361,0.044801044853530696
2026-01-06 09:32:35.185524,5425,3717830,0.03962123250874529
2026-01-06 09:37:35.185524,6109,4181646,0.03868317303565989
2026-01-06 09:42:35.185524,6157,12297606,0.05138157589381487
2026-01-06 09:47:35.185524,5810,9258320,0.04345071733827598
2026-01-06 09:52:35.185524,6226,10469723,0.045568649740361705
2026-01-06 09:57:35.185524,6459,9230438,0.04722734818016759
2026-01-06 10:02:35.185524,6732,8202153,0.04527752091831819
2026-01-06 10:07:35.185524,6790,4408440,0.04562480936422366
2026-01-06 10:12:35.185524,6136,6891343,0.03863755029165318
2026-01-06 10:17:35.185524,6648,12722768,0.051880171835142964
2026-01-06 10:22:35.185524,5967,9522068,0.034264444129111615
2026-01-06 10:27:35.185524,6197,3153508,0.05338946143609147
2026-01-06 10:32:35.185524,6685,11621076,0.041059849283492565
2026-01-06 10:37:35.185524,6359,8099865,0.053280296420283084
2026-01-06 10:42:35.185524,6548,5582465,0.05164170681828027
2026-01-06 10:47:35.185524,6450,6711115,0.039742350317107364
2026-01-06 10:52:35.185524,6777,12734142,0.044592685207361725
2026-01-06 10:57:35.185524,6247,11507940,0.03830902185688972
2026-01-06 11:02:35.185524,7370,5904094,0.04660164296830093
2026-01-06 11:07:35.185524,6486,12108207,0.050952891053833244
2026-01-06 11:12:35.185524,6389,10126424,0.036687497842414894
2026-01-06 11:17:35.185524,6469,4806826,0.04917169924725621
2026-01-06 11:22:35.185524,6099,4524027,0.047680361134609515
2026-01-06 11:27:35.185524,6044,10023089,0.04380869762742515
2026-01-06 11:32:35.185524,6698,12001079,0.04758370114248803
2026-01-06 11:37:35.185524,6295,11651366,0.046360782329161576
2026-01-06 11:42:35.185524,8040,5999639,0.04319167729975764
2026-01-06 11:47:35.185524,6801,8950239,0.03363166448899593
2026-01-06 11:52:35.185524,6645,10383086,0.03977252493985323
2026-01-06 11:57:35.185524,7532,6187302,0.050033920907023736
2026-01-06 12:02:35.185524,6425,4265081,0.04771127302949784
2026-01-06 12:07:35.185524,7279,6670531,0.041710301672652085
2026-01-06 12:12:35.185524,6542,6989489,0.03956161122045536
2026-01-06 12:17:35.185524,7037,3896229,0.033963946063420354
2026-01-06 12:22:35.185524,7254,14288841,0.03584023493135072
2026-01-06 12:27:35.185524,7596,9580656,0.031476274333484024
2026-01-06 12:32:35.185524,6850,12483079,0.0405046519463826
2026-01-06 12:37:35.185524,7172,4020688,0.043481236144771646
2026-01-06 12:42:35.185524,7534,14564729,0.03715440773437864
2026-01-06 12:47:35.185524,7409,13917545,0.031505494664789656
2026-01-06 12:52:35.185524,7096,11794739,0.035091887643327435
2026-01-06 12:57:35.185524,6753,8053137,0.03122560268228023
2026-01-06 13:02:35.185524,7538,6256039,0.02840365454195683
2026-01-06 13:07:35.185524,6913,5059570,0.037387749981215815
2026-01-06 13:12:35.185524,7269,11625525,0.04714683707664069
2026-01-06 13:17:35.185524,7335,9648445,0.028407629358885036
2026-01-06 13:22:35.185524,6772,11018682,0.037372592132368175
2026-01-06 13:27:35.185524,7318,13569592,0.029124399156613242
2026-01-06 13:32:35.185524,7128,10991726,0.03429632516020773
2026-01-06 13:37:35.185524,7050,10078983,0.036836579078331724
2026-01-06 13:42:35.185524,7591,3904530,0.0353173010931003
2026-01-06 13:47:35.185524,6933,4800779,0.030821408366680784
2026-01-06 13:52:35.185524,7497,7073125,0.031323878626531514
2026-01-06 13:57:35.185524,7228,12372257,0.02840226110678183
2026-01-06 14:02:35.185524,6433,9125240,0.04136751511202382
2026-01-06 14:07:35.185524,6802,10677652,0.04044756611948712
2026-01-06 14:12:35.185524,7877,5348524,0.035973268743776196
2026-01-06 14:17:35.185524,6663,11672649,0.03925330000950649
2026-01-06 14:22:35.185524,6984,7787767,0.042239626807146075
2026-01-06 14:27:35.185524,7150,6029432,0.03490701977079739
2026-01-06 14:32:35.185524,6679,12107176,0.04332518600210138
2026-01-06 14:37:35.185524,7294,7293933,0.02534090167797535
2026-01-06 14:42:35.185524,7723,7195751,0.03504064455978809
2026-01-06 14:47:35.185524,7150,7173212,0.039659411732580474
2026-01-06 14:52:35.185524,6975,11471241,0.02899537619825321
2026-01-06 14:57:35.185524,7466,6091510,0.04141815356159425
2026-01-06 15:02:35.185524,7835,14824589,0.04116824460576731
2026-01-06 15:07:35.185524,6547,10621728,0.032058158759961194
2026-01-06 15:12:35.185524,6663,6696693,0.037786179277271105
2026-01-06 15:17:35.185524,7064,4684411,0.028349753971834642
2026-01-06 15:22:35.185524,6870,6548200,0.028966600654924297
2026-01-06 15:27:35.185524,6448,7318562,0.037568308570117726
2026-01-06 15:32:35.185524,7689,10032462,0.040000982788358085
2026-01-06 15:37:35.185524,7095,8079971,0.040593414151782935
2026-01-06 15:42:35.185524,6602,12682647,0.03517594056623622
2026-01-06 15:47:35.185524,7061,6475542,0.021889298894736935
2026-01-06 15:52:35.185524,7184,10877369,0.030705290196572876
2026-01-06 15:57:35.185524,6920,11207671,0.030250055648270886
2026-01-06 16:02:35.185524,6934,10069118,0.026692836921001693
2026-01-06 16:07:35.185524,8029,13659327,0.02233010632594122
2026-01-06 16:12:35.185524,6794,11725239,0.028099589155994694
2026-01-06 16:17:35.185524,6519,9809102,0.03473722730356793
2026-01-06 16:22:35.185524,6673,3931044,0.03595840433682135
2026-01-06 16:27:35.185524,6189,7123022,0.03853233001897637
2026-01-06 16:32:35.185524,7769,10316032,0.024519043287719464
2026-01-06 16:37:35.185524,5924,6405573,0.02884048129399713
2026-01-06 16:42:35.185524,7285,11246363,0.02152104885611724
2026-01-06 16:47:35.185524,6762,6926957,0.028070048573179504
2026-01-06 16:52:35.185524,7169,5192466,0.020640144514818624
2026-01-06 16:57:35.185524,6462,8133982,0.024389647344427116
2026-01-06 17:02:35.185524,6431,5756437,0.022619670287907203
2026-01-06 17:07:35.185524,7071,10442915,0.020504993829940456
2026-01-06 17:12:35.185524,5673,9597746,0.023704966443962736
2026-01-06 17:17:35.185524,5468,3597863,0.0279838320458689
2026-01-06 17:22:35.185524,6827,13597652,0.01768734255146841
2026-01-06 17:27:35.185524,6855,11983524,0.017998030461081817
2026-01-06 17:32:35.185524,6420,4576125,0.02355572779831789
2026-01-06 17:37:35.185524,7702,9969083,0.02437581294345578
2026-01-06 17:42:35.185524,6327,10127264,0.027462597783034365
2026-01-06 17:47:35.185524,6353,9604852,0.01791173597848548
2026-01-06 17:52:35.185524,5970,3610526,0.03126015850399709
2026-01-06 17:57:35.185524,6062,3416577,0.031738349816242725
2026-01-06 18:02:35.185524,6101,6369635,0.026771241995828584
2026-01-06 18:07:35.185524,5776,3587758,0.021454320777370032
2026-01-06 18:12:35.185524,5724,10060867,0.034050097979559754
2026-01-06 18:17:35.185524,5753,7141916,0.03083112318882883
2026-01-06 18:22:35.185524,6024,6126464,0.02337414131803827
2026-01-06 18:27:35.185524,6105,3124911,0.01716504271922862
2026-01-06 18:32:35.185524,5614,9497333,0.018018237283519933
2026-01-06 18:37:35.185524,6939,4094330,0.015059126571090943
2026-01-06 18:42:35.185524,5243,8868780,0.031423693432797446
2026-01-06 18:47:35.185524,5572,4917774,0.023952349995360743
2026-01-06 18:52:35.185524,4953,9150821,0.03067272234444457
2026-01-06 18:57:35.185524,6081,3321783,0.026098273591386632
2026-01-06 19:02:35.185524,6196,5514903,0.02033400866722738
2026-01-06 19:07:35.185524,6015,4339192,0.029696297484248575
2026-01-06 19:12:35.185524,5116,4701081,0.023170743690241268
2026-01-06 19:17:35.185524,5930,7746241,0.02418641140139567
2026-01-06 19:22:35.185524,5439,3763211,0.017786439238479723
2026-01-06 19:27:35.185524,5535,10069155,0.030312195656495698
2026-01-06 19:32:35.185524,4886,6093137,0.01126041586702686
2026-01-06 19:37:35.185524,4779,2440744,0.02710465578050398
2026-01-06 19:42:35.185524,5474,4463478,0.027334423877401932
2026-01-06 19:47:35.185524,5826,4596367,0.02372919769564148
2026-01-06 19:52:35.185524,5132,3654909,0.02869668679737032
2026-01-06 19:57:35.185524,5796,9781283,0.010013404476557878
2026-01-06 20:02:35.185524,5328,2682580,0.025520438386605178
2026-01-06 20:07:35.185524,5599,8067741,0.01891041788897685
2026-01-06 20:12:35.185524,5040,7346925,0.010223589576396038
2026-01-06 20:17:35.185524,5698,3771260,0.028781120132757507
2026-01-06 20:22:35.185524,5164,3926506,0.020369174393513663
2026-01-06 20:27:35.185524,4797,6649727,0.02330751914036348
2026-01-06 20:32:35.185524,4743,6469185,0.0118113942207136
2026-01-06 20:37:35.185524,4892,6518972,0.01721924994252093
2026-01-06 20:42:35.185524,5061,4037412,0.026479050528388642
2026-01-06 20:47:35.185524,5067,4037954,0.02146970327344406
2026-01-06 20:52:35.185524,5142,8279526,0.009669053234367645
2026-01-06 20:57:35.185524,4855,6162512,0.02300838387592835
2026-01-06 21:02:35.185524,4901,4375474,0.018433023101848203
2026-01-06 21:07:35.185524,3788,5149486,0.020255639709518082
2026-01-06 21:12:35.185524,3419,4399683,0.0248734283921973
2026-01-06 21:17:35.185524,4325,5147835,0.017433417916230855
2026-01-06 21:22:35.185524,5037,6460421,0.02197160344938571
2026-01-06 21:27:35.185524,2995,2403895,0.013086383416295064
2026-01-06 21:32:35.185524,3484,6582489,0.010840981369961769
2026-01-06 21:37:35.185524,4205,6286260,0.022903016914070935
2026-01-06 21:42:35.185524,4111,3559380,0.02350021554517944
2026-01-06 21:47:35.185524,3606,6070650,0.021711278665237928
2026-01-06 21:52:35.185524,4187,7787103,0.016648697488732517
2026-01-06 21:57:35.185524,4958,2588465,0.014001394031820847
2026-01-06 22:02:35.185524,4114,7765952,0.018367622236525872
2026-01-06 22:07:35.185524,4254,5226627,0.0206601382488536
2026-01-06 22:12:35.185524,4845,5619326,0.02394776573626313
2026-01-06 22:17:35.185524,3751,3889891,0.009813480311196662
2026-01-06 22:22:35.185524,3597,6448808,0.021726831307264084
2026-01-06 22:27:35.185524,3826,4024148,0.01008457170214111
2026-01-06 22:32:35.185524,4814,3227877,0.015822477274030893
2026-01-06 22:37:35.185524,2888,3453562,0.009143874643249516
2026-01-06 22:42:35.185524,4332,3461379,0.018449100539481976
2026-01-06 22:47:35.185524,3306,5037284,0.015561845908203363
2026-01-06 22:52:35.185524,3255,2696691,0.010593452543104762
2026-01-06 22:57:35.185524,3655,5097963,0.008182144918371166
2026-01-06 23:02:35.185524,4244,6995726,0.005267638316552798
2026-01-06 23:07:35.185524,2874,4119366,0.008657968397191327
2026-01-06 23:12:35.185524,4323,8191892,0.019832840433138
2026-01-06 23:17:35.185524,4120,2270445,0.014315024667701235
2026-01-06 23:22:35.185524,3017,4588150,0.005361030079279023
2026-01-06 23:27:35.185524,4375,4505740,0.013412573249707427
2026-01-06 23:32:35.185524,3467,3480514,0.01434792957243278
2026-01-06 23:37:35.185524,2988,3225572,0.0053437188275989875
2026-01-06 23:42:35.185524,2661,4074297,0.00259538166012431
2026-01-06 23:47:35.185524,3805,4750092,0.010887323292989038
2026-01-06 23:52:35.185524,3058,6092516,0.01925963641991703
2026-01-06 23:57:35.185524,3799,2638518,0.017021196150845616
2026-01-07 00:02:35.185524,4036,4293368,0.008132783629737595
2026-01-07 00:07:35.185524,2849,5311993,0.0007535557877035737
2026-01-07 00:12:35.185524,3429,5727153,0.0017905307822622153
2026-01-07 00:17:35.185524,3141,3729711,0.012103835561462868
2026-01-07 00:22:35.185524,3467,1894006,0.01054416483694326
2026-01-07 00:27:35.185524,3968,5237317,0.012597807361294351
2026-01-07 00:32:35.185524,3290,3852673,0.0015962631788444918
2026-01-07 00:37:35.185524,4056,3166921,0.01645972507195658
2026-01-07 00:42:35.185524,3597,5333002,0.012008453726234432
2026-01-07 00:47:35.185524,4009,3807729,0.00638005750407176
2026-01-07 00:52:35.185524,2951,2753006,0.0126119568638131
2026-01-07 00:57:35.185524,3099,2646038,0.008138093240952238
2026-01-07 01:02:35.185524,3739,6882179,0.005147913931541365
2026-01-07 01:07:35.185524,2378,1323624,0.008247006763049139
2026-01-07 01:12:35.185524,3491,6937803,0.008475490918507453
2026-01-07 01:17:35.185524,3123,2203765,0.005351371677588193
2026-01-07 01:22:35.185524,2600,5194925,0.008613391957660838
2026-01-07 01:27:35.185524,2595,3336084,0.009471218971813565
2026-01-07 01:32:35.185524,2768,3582690,0.014600690545679711
2026-01-07 01:37:35.185524,2874,2675884,0.00426720671140776
2026-01-07 01:42:35.185524,2772,3469554,0.012928181786614458
2026-01-07 01:47:35.185524,2901,3646685,0.005083517399002931
2026-01-07 01:52:35.185524,2448,1445140,0.006235696375702681
2026-01-07 01:57:35.185524,3257,2699423,0.0
2026-01-07 02:02:35.185524,3904,6114980,0.006511777901490294
2026-01-07 02:07:35.185524,2752,4930525,0.0
2026-01-07 02:12:35.185524,2905,4918883,0.00844254087583072
2026-01-07 02:17:35.185524,3979,3234854,5.602075595094978e-05
2026-01-07 02:22:35.185524,3165,4944086,0.011342032348909391
2026-01-07 02:27:35.185524,2891,3484328,0.0
2026-01-07 02:32:35.185524,2899,2323601,0.004998014796279983
2026-01-07 02:37:35.185524,2958,4718902,0.0
2026-01-07 02:42:35.185524,2342,3581864,0.006930837928323972
2026-01-07 02:47:35.185524,3522,4941164,0.009923789954913801
2026-01-07 02:52:35.185524,3641,4931447,0.006357761037727635
2026-01-07 02:57:35.185524,2897,4399164,0.0
2026-01-07 03:02:35.185524,4156,3067524,0.0004165668953471594
2026-01-07 03:07:35.185524,3715,5756601,0.0007613361091869126
2026-01-07 03:12:35.185524,3707,3869507,0.0
2026-01-07 03:17:35.185524,3135,2658685,0.01121568954237699
2026-01-07 03:22:35.185524,3810,2743330,0.0
2026-01-07 03:27:35.185524,3226,5996846,0.00932423044036348
2026-01-07 03:32:35.185524,3957,2135019,0.0
2026-01-07 03:37:35.185524,4096,4123706,0.0
2026-01-07 03:42:35.185524,3794,7553455,0.008930179721464619
2026-01-07 03:47:35.185524,3183,1856874,0.00024419729921685944
2026-01-07 03:52:35.185524,3100,2091373,0.0
2026-01-07 03:57:35.185524,3798,3953323,0.0
2026-01-07 04:02:35.185524,3362,4118512,0.0
2026-01-07 04:07:35.185524,4079,2735898,0.005774174794123824
2026-01-07 04:12:35.185524,3658,5478093,0.004025940429438575
2026-01-07 04:17:35.185524,3839,2259298,0.008231957912505283
2026-01-07 04:22:35.185524,3256,2195098,0.0
2026-01-07 04:27:35.185524,3470,6707494,0.0
2026-01-07 04:32:35.185524,3533,5307030,0.0
2026-01-07 04:37:35.185524,3704,6928839,0.005527549673298276
2026-01-07 04:42:35.185524,2765,1507815,0.003539068859577962
2026-01-07 04:47:35.185524,3787,2452504,0.0008739136352110804
2026-01-07 04:52:35.185524,4159,2307322,0.006696336017236204
2026-01-07 04:57:35.185524,4190,4857465,0.0
2026-01-07 05:02:35.185524,4253,2844400,0.0015224244989518708
2026-01-07 05:07:35.185524,3720,6625971,0.0
2026-01-07 05:12:35.185524,3655,5175958,0.0023681479202490568
2026-01-07 05:17:35.185524,3847,5588563,0.0
2026-01-07 05:22:35.185524,4184,4903083,0.0
2026-01-07 05:27:35.185524,4449,6827508,0.0010980683784611919
2026-01-07 05:32:35.185524,4140,2809692,0.0028682022447639576
2026-01-07 05:37:35.185524,3398,5307325,0.0
2026-01-07 05:42:35.185524,3930,7330742,0.0
2026-01-07 05:47:35.185524,3876,4077694,0.0006077184244808135
2026-01-07 05:52:35.185524,3260,2945171,0.0007651778759857567
2026-01-07 05:57:35.185524,4357,6244733,0.0
2026-01-07 06:02:35.185524,3978,5395472,0.0
2026-01-07 06:07:35.185524,5788,9256568,0.0
2026-01-07 06:12:35.185524,4714,7768758,0.0019120313635891933
2026-01-07 06:17:35.185524,4884,3925709,0.0
2026-01-07 06:22:35.185524,4450,8320184,0.0
2026-01-07 06:27:35.185524,4974,5358136,0.0
2026-01-07 06:32:35.185524,5312,10387931,0.0
2026-01-07 06:37:35.185524,4828,6543285,0.0
2026-01-07 06:42:35.185524,4781,3689161,0.0
2026-01-07 06:47:35.185524,5211,6111595,0.0
2026-01-07 06:52:35.185524,4180,3352766,0.0
2026-01-07 06:57:35.185524,4214,8085015,0.0
2026-01-07 07:02:35.185524,4941,6715418,0.0
2026-01-07 07:07:35.185524,4593,3761584,0.0
2026-01-07 07:12:35.185524,5471,6074529,0.0
2026-01-07 07:17:35.185524,4620,2472012,0.0
2026-01-07 07:22:35.185524,5000,7174400,0.0014501716233918643
2026-01-07 07:27:35.185524,5085,5317289,0.0
2026-01-07 07:32:35.185524,4807,5212290,0.0
2026-01-07 07:37:35.185524,4906,8171693,0.0
2026-01-07 07:42:35.185524,4739,9443626,0.0
2026-01-07 07:47:35.185524,5195,9396604,0.0
2026-01-07 07:52:35.185524,4911,9237656,0.0
2026-01-07 07:57:35.185524,4853,6701120,0.00021698627107805644
2026-01-07 08:02:35.185524,5215,8271285,0.0
2026-01-07 08:07:35.185524,5902,4986314,0.0
2026-01-07 08:12:35.185524,5162,3369421,0.0
2026-01-07 08:17:35.185524,5642,9112889,0.0
2026-01-07 08:22:35.185524,6048,9563569,0.0
2026-01-07 08:27:35.185524,5442,6247554,0.0
2026-01-07 08:32:35.185524,5872,2995121,0.0
2026-01-07 08:37:35.185524,5760,5265057,0.0
2026-01-07 08:42:35.185524,5600,10471951,0.0
2026-01-07 08:47:35.185524,6295,3214653,0.0
2026-01-07 08:52:35.185524,5545,3988578,0.0
2026-01-07 08:57:35.185524,5992,10688182,0.0
2026-01-07 09:02:35.185524,6366,10441578,0.0
2026-01-07 09:07:35.185524,6055,7300234,0.0
2026-01-07 09:12:35.185524,5687,10398574,0.0
2026-01-07 09:17:35.185524,5454,6190336,0.0
2026-01-07 09:22:35.185524,5739,11274272,0.0
2026-01-07 09:27:35.185524,7147,11771597,0.0
2026-01-07 09:32:35.185524,5552,9102104,0.0
2026-01-07 09:37:35.185524,5619,8716328,0.0
2026-01-07 09:42:35.185524,6038,9758583,0.0
2026-01-07 09:47:35.185524,5540,4748408,0.0
2026-01-07 09:52:35.185524,5428,10121275,0.0
2026-01-07 09:57:35.185524,6291,8951154,0.0
2026-01-07 10:02:35.185524,5723,3166233,0.0
2026-01-07 10:07:35.185524,6682,3658340,0.0
2026-01-07 10:12:35.185524,6647,10791985,0.0
2026-01-07 10:17:35.185524,6425,11747057,0.0
2026-01-07 10:22:35.185524,5982,8227154,0.0
2026-01-07 10:27:35.185524,7309,10705212,0.0
2026-01-07 10:32:35.185524,6211,11619774,0.0
2026-01-07 10:37:35.185524,6466,9452759,0.0
2026-01-07 10:42:35.185524,6134,8791829,0.0
2026-01-07 10:47:35.185524,6427,8311705,0.0
2026-01-07 10:52:35.185524,6733,6270197,0.0
2026-01-07 10:57:35.185524,6285,7067834,0.0
2026-01-07 11:02:35.185524,7225,9305240,0.0
2026-01-07 11:07:35.185524,6690,11142427,0.0
2026-01-07 11:12:35.185524,7580,9027421,0.0
2026-01-07 11:17:35.185524,6776,3553034,0.0
2026-01-07 11:22:35.185524,7000,12422763,0.0
2026-01-07 11:27:35.185524,6741,7701310,0.0
2026-01-07 11:32:35.185524,7142,13372560,0.0
2026-01-07 11:37:35.185524,6138,7023234,0.0
2026-01-07 11:42:35.185524,6142,6057119,0.0
2026-01-07 11:47:35.185524,7371,12640853,0.0
2026-01-07 11:52:35.185524,7007,12456001,0.0
2026-01-07 11:57:35.185524,6169,9336536,0.0
2026-01-07 12:02:35.185524,6478,8965093,0.0
2026-01-07 12:07:35.185524,6888,10664589,0.0
2026-01-07 12:12:35.185524,7682,13613520,0.0
2026-01-07 12:17:35.185524,6654,3872061,0.0
2026-01-07 12:22:35.185524,7464,13734011,0.0
2026-01-07 12:27:35.185524,6660,4078039,0.0
2026-01-07 12:32:35.185524,7067,8858650,0.0
2026-01-07 12:37:35.185524,7082,6328826,0.0
2026-01-07 12:42:35.185524,7464,7016753,0.0
2026-01-07 12:47:35.185524,6881,12251565,0.0
2026-01-07 12:52:35.185524,7049,3880014,0.0
2026-01-07 12:57:35.185524,7364,6198144,0.0
2026-01-07 13:02:35.185524,7452,13418560,0.0
2026-01-07 13:07:35.185524,7817,9557156,0.0
2026-01-07 13:12:35.185524,7207,10646351,0.0
2026-01-07 13:17:35.185524,7170,8851922,0.0
2026-01-07 13:22:35.185524,7229,7003834,0.0
2026-01-07 13:27:35.185524,7457,9172563,0.0
2026-01-07 13:32:35.185524,6739,3937428,0.0
2026-01-07 13:37:35.185524,7798,14405434,0.0
2026-01-07 13:42:35.185524,7023,4812524,0.0
2026-01-07 13:47:35.185524,6752,11200159,0.0
2026-01-07 13:52:35.185524,7226,11209120,0.0
2026-01-07 13:57:35.185524,6537,8018243,0.0
2026-01-07 14:02:35.185524,7867,12252758,0.0
2026-01-07 14:07:35.185524,7208,10146049,0.0
2026-01-07 14:12:35.185524,7068,12420715,0.0
2026-01-07 14:17:35.185524,7483,13309079,0.0
2026-01-07 14:22:35.185524,7259,10274829,0.0
2026-01-07 14:27:35.185524,7591,7227586,0.0
2026-01-07 14:32:35.185524,7464,7193028,0.0
2026-01-07 14:37:35.185524,6875,12346002,0.0
2026-01-07 14:42:35.185524,6599,6034471,0.0
2026-01-07 14:47:35.185524,6838,10502222,0.0
2026-01-07 14:52:35.185524,6521,7954536,0.0
2026-01-07 14:57:35.185524,6099,9518324,0.0
2026-01-07 15:02:35.185524,6826,8508291,0.0
2026-01-07 15:07:35.185524,7493,9744555,0.0
2026-01-07 15:12:35.185524,7318,10274456,0.0
2026-01-07 15:17:35.185524,7607,10986271,0.0
2026-01-07 15:22:35.185524,7576,11595963,0.0
2026-01-07 15:27:35.185524,6440,6462915,0.0
2026-01-07 15:32:35.185524,7003,12371025,0.0
2026-01-07 15:37:35.185524,6889,5609734,0.0
2026-01-07 15:42:35.185524,6908,10567816,0.0
2026-01-07 15:47:35.185524,7432,13647216,0.0
2026-01-07 15:52:35.185524,7067,10958791,0.0
2026-01-07 15:57:35.185524,7068,11898581,0.0
2026-01-07 16:02:35.185524,7104,5306936,0.0
2026-01-07 16:07:35.185524,6701,7710696,0.0
2026-01-07 16:12:35.185524,6111,9906571,0.0
2026-01-07 16:17:35.185524,6212,4886424,0.0
2026-01-07 16:22:35.185524,7093,12910678,0.0
2026-01-07 16:27:35.185524,6871,10235658,0.0
2026-01-07 16:32:35.185524,7060,12913329,0.0
2026-01-07 16:37:35.185524,6781,9285065,0.0
2026-01-07 16:42:35.185524,6999,12463313,0.0
2026-01-07 16:47:35.185524,6403,8236321,0.0
2026-01-07 16:52:35.185524,6468,12276124,0.0
2026-01-07 16:57:35.185524,7264,12092929,0.0
2026-01-07 17:02:35.185524,6962,11851505,0.0
2026-01-07 17:07:35.185524,6292,4858629,0.0
2026-01-07 17:12:35.185524,5907,9612181,0.0
2026-01-07 17:17:35.185524,6550,8497847,0.0
2026-01-07 17:22:35.185524,7419,8277524,0.0
2026-01-07 17:27:35.185524,6996,10956035,0.0
2026-01-07 17:32:35.185524,6096,5209267,0.0
2026-01-07 17:37:35.185524,6741,7712575,0.0
2026-01-07 17:42:35.185524,7075,11639196,0.0
2026-01-07 17:47:35.185524,6650,8247466,0.0
2026-01-07 17:52:35.185524,7073,7112813,0.0
2026-01-07 17:57:35.185524,6831,3677369,0.0
2026-01-07 18:02:35.185524,5378,7399752,0.0
2026-01-07 18:07:35.185524,6143,6130082,0.0
2026-01-07 18:12:35.185524,6272,10679009,0.0
2026-01-07 18:17:35.185524,6012,7119555,0.0
2026-01-07 18:22:35.185524,5626,4938600,0.0
2026-01-07 18:27:35.185524,5934,3242039,0.0
2026-01-07 18:32:35.185524,5831,3832106,0.0
2026-01-07 18:37:35.185524,5379,8463287,0.0
2026-01-07 18:42:35.185524,6474,11915262,0.0
2026-01-07 18:47:35.185524,5396,10716975,0.0
2026-01-07 18:52:35.185524,5487,10174717,0.0
2026-01-07 18:57:35.185524,5815,9263118,0.0
2026-01-07 19:02:35.185524,5566,8535269,0.0
2026-01-07 19:07:35.185524,5272,6117016,0.0
2026-01-07 19:12:35.185524,5308,2718912,0.0
2026-01-07 19:17:35.185524,5501,7460432,0.0
2026-01-07 19:22:35.185524,4827,5957812,0.0
2026-01-07 19:27:35.185524,6371,9200398,0.0
2026-01-07 19:32:35.185524,4867,4678183,0.0
2026-01-07 19:37:35.185524,6014,8505689,0.0
2026-01-07 19:42:35.185524,5503,4462431,0.0
2026-01-07 19:47:35.185524,5300,8498856,0.0
2026-01-07 19:52:35.185524,5936,9889241,0.0
2026-01-07 19:57:35.185524,5357,5798509,0.0
2026-01-07 20:02:35.185524,5032,4680962,0.0
2026-01-07 20:07:35.185524,5729,7856845,0.0
2026-01-07 20:12:35.185524,5052,4776927,0.0
2026-01-07 20:17:35.185524,5113,6104961,0.0
2026-01-07 20:22:35.185524,5124,9948983,0.0
2026-01-07 20:27:35.185524,4757,3129226,0.0
2026-01-07 20:32:35.185524,4427,5923341,0.0
2026-01-07 20:37:35.185524,4774,7983502,0.0
2026-01-07 20:42:35.185524,4803,8710784,0.0
2026-01-07 20:47:35.185524,5723,4651211,0.0
2026-01-07 20:52:35.185524,4573,2876499,0.0
2026-01-07 20:57:35.185524,4839,2749957,0.0
2026-01-07 21:02:35.185524,4484,6966621,0.0
2026-01-07 21:07:35.185524,4452,5366332,0.0
2026-01-07 21:12:35.185524,4368,4470717,0.0
2026-01-07 21:17:35.185524,5142,10070608,0.0
2026-01-07 21:22:35.185524,4877,6482374,0.0
2026-01-07 21:27:35.185524,4497,2767955,0.0
2026-01-07 21:32:35.185524,4673,3818706,0.0
2026-01-07 21:37:35.185524,3816,5668314,0.0
2026-01-07 21:42:35.185524,4499,5797412,0.0
2026-01-07 21:47:35.185524,4608,3938880,0.0
2026-01-07 21:52:35.185524,4131,2661394,0.0
2026-01-07 21:57:35.185524,3934,5371255,0.0
2026-01-07 22:02:35.185524,3997,3123308,0.0
2026-01-07 22:07:35.185524,4565,8605779,0.0
2026-01-07 22:12:35.185524,4296,3592001,0.0
2026-01-07 22:17:35.185524,3592,3183965,0.0
2026-01-07 22:22:35.185524,4567,4380384,0.0
2026-01-07 22:27:35.185524,3922,4615189,0.0
2026-01-07 22:32:35.185524,3829,1944124,0.0
2026-01-07 22:37:35.185524,4115,5223066,0.0
2026-01-07 22:42:35.185524,3619,3876246,0.0
2026-01-07 22:47:35.185524,4615,6093017,0.0
2026-01-07 22:52:35.185524,3703,2714529,0.0
2026-01-07 22:57:35.185524,3225,6432178,0.0
2026-01-07 23:02:35.185524,4186,2639592,0.0
2026-01-07 23:07:35.185524,3406,4537241,0.0
2026-01-07 23:12:35.185524,3345,2918599,0.0
2026-01-07 23:17:35.185524,4039,6005106,0.0
2026-01-07 23:22:35.185524,4347,7123677,0.0
2026-01-07 23:27:35.185524,3724,4317306,0.0
2026-01-07 23:32:35.185524,3703,3061880,0.0
2026-01-07 23:37:35.185524,3090,4130355,0.0
2026-01-07 23:42:35.185524,3476,4721531,0.0
2026-01-07 23:47:35.185524,3084,2118015,0.0
2026-01-07 23:52:35.185524,4151,7846586,0.0
2026-01-07 23:57:35.185524,2454,3488820,0.0
2026-01-08 00:02:35.185524,3768,3616157,0.0
2026-01-08 00:07:35.185524,3835,6051391,0.0
2026-01-08 00:12:35.185524,3258,4753542,0.0
2026-01-08 00:17:35.185524,2442,3742749,0.0
2026-01-08 00:22:35.185524,2548,1345732,0.0
2026-01-08 00:27:35.185524,2867,3426996,0.0
2026-01-08 00:32:35.185524,3253,3027191,0.0
2026-01-08 00:37:35.185524,3586,6786047,0.0
2026-01-08 00:42:35.185524,3860,2294493,0.0
2026-01-08 00:47:35.185524,3283,5668036,0.0
2026-01-08 00:52:35.185524,3700,2407223,0.0
2026-01-08 00:57:35.185524,3100,1738933,0.0
2026-01-08 01:02:35.185524,3221,3203909,0.0
2026-01-08 01:07:35.185524,3594,2183402,0.0
2026-01-08 01:12:35.185524,3541,4891763,0.0
2026-01-08 01:17:35.185524,2388,1899763,0.0
2026-01-08 01:22:35.185524,3812,3015071,0.0
2026-01-08 01:27:35.185524,3146,5313170,0.0
2026-01-08 01:32:35.185524,3356,6396344,0.0
2026-01-08 01:37:35.185524,3021,3208465,0.0
2026-01-08 01:42:35.185524,3707,2248851,0.0
2026-01-08 01:47:35.185524,3086,2804883,0.0
2026-01-08 01:52:35.185524,3063,3777393,0.0
2026-01-08 01:57:35.185524,2778,4486341,0.0
2026-01-08 02:02:35.185524,3414,3346695,0.0
2026-01-08 02:07:35.185524,2385,2145712,0.0
2026-01-08 02:12:35.185524,3893,5164620,0.0
2026-01-08 02:17:35.185524,3877,4319209,0.0
2026-01-08 02:22:35.185524,2817,3150564,0.0
2026-01-08 02:27:35.185524,3680,5878607,0.0
2026-01-08 02:32:35.185524,3142,2996524,0.0
2026-01-08 02:37:35.185524,3146,1751139,0.0
2026-01-08 02:42:35.185524,2956,4275960,0.0
2026-01-08 02:47:35.185524,2951,5859476,0.0
2026-01-08 02:52:35.185524,3077,5802919,0.0
2026-01-08 02:57:35.185524,3948,2763695,0.0
2026-01-08 03:02:35.185524,2962,2705276,0.0
2026-01-08 03:07:35.185524,3334,3012636,0.0
2026-01-08 03:12:35.185524,5393,10087712,0.0
2026-01-08 03:17:35.185524,3093,3501776,0.0
2026-01-08 03:22:35.185524,3570,2930889,0.0
2026-01-08 03:27:35.185524,3685,6240115,0.0
2026-01-08 03:32:35.185524,4068,8002325,0.0
2026-01-08 03:37:35.185524,3017,5231627,0.0
2026-01-08 03:42:35.185524,3313,5818731,0.0
2026-01-08 03:47:35.185524,3587,5930563,0.0
2026-01-08 03:52:35.185524,3470,3114665,0.0
2026-01-08 03:57:35.185524,3375,3331496,0.0
2026-01-08 04:02:35.185524,2833,1892172,0.0
2026-01-08 04:07:35.185524,3735,5187892,0.0
2026-01-08 04:12:35.185524,4283,6523656,0.0
2026-01-08 04:17:35.185524,3902,2523849,0.0
2026-01-08 04:22:35.185524,3399,5355469,0.0
2026-01-08 04:27:35.185524,2870,3639093,0.0
2026-01-08 04:32:35.185524,3716,4900309,0.0
2026-01-08 04:37:35.185524,4387,7608345,0.0
2026-01-08 04:42:35.185524,4122,5389409,0.0
2026-01-08 04:47:35.185524,3811,6147175,0.0
2026-01-08 04:52:35.185524,3986,2799368,0.0
2026-01-08 04:57:35.185524,4453,6745376,0.0
2026-01-08 05:02:35.185524,3898,2302705,0.0
2026-01-08 05:07:35.185524,4837,7112380,0.0
2026-01-08 05:12:35.185524,3800,3303401,0.0
2026-01-08 05:17:35.185524,3752,5217900,0.0
2026-01-08 05:22:35.185524,4762,2667228,0.0
2026-01-08 05:27:35.185524,3698,3381632,0.0
2026-01-08 05:32:35.185524,4240,2397556,0.0
2026-01-08 05:37:35.185524,4010,3360190,0.0
2026-01-08 05:42:35.185524,4444,2805422,0.0
2026-01-08 05:47:35.185524,4543,3050518,0.0
2026-01-08 05:52:35.185524,3804,4081529,0.0
2026-01-08 05:57:35.185524,4572,5940686,0.0
2026-01-08 06:02:35.185524,4158,3936045,0.0
2026-01-08 06:07:35.185524,4710,7674736,0.0
2026-01-08 06:12:35.185524,3926,3364737,0.0
2026-01-08 06:17:35.185524,4367,8420363,0.0
2026-01-08 06:22:35.185524,4799,6763536,0.0
2026-01-08 06:27:35.185524,4043,4971385,0.0
2026-01-08 06:32:35.185524,3968,6719893,0.0
2026-01-08 06:37:35.185524,4233,5998825,0.0
2026-01-08 06:42:35.185524,4400,6417449,0.0
2026-01-08 06:47:35.185524,4679,8424637,0.0
2026-01-08 06:52:35.185524,5023,6431705,0.0
2026-01-08 06:57:35.185524,4967,8144339,0.0
2026-01-08 07:02:35.185524,5100,9334359,0.0
2026-01-08 07:07:35.185524,4510,5167509,0.0
2026-01-08 07:12:35.185524,4900,6751601,0.0
2026-01-08 07:17:35.185524,5078,3342682,0.0
2026-01-08 07:22:35.185524,5077,6815185,0.0
2026-01-08 07:27:35.185524,4337,3688014,0.0
2026-01-08 07:32:35.185524,5168,9043031,0.0
2026-01-08 07:37:35.185524,5636,7883455,0.0
2026-01-08 07:42:35.185524,5673,5417661,0.0
2026-01-08 07:47:35.185524,4313,8055855,0.0
2026-01-08 07:52:35.185524,5536,7001521,0.0
2026-01-08 07:57:35.185524,4076,5596976,0.0
2026-01-08 08:02:35.185524,5216,5439766,0.0
2026-01-08 08:07:35.185524,5511,8215780,0.0
2026-01-08 08:12:35.185524,4619,6892743,0.0
2026-01-08 08:17:35.185524,4956,5467113,0.0
2026-01-08 08:22:35.185524,5487,7224522,0.0
2026-01-08 08:27:35.185524,5572,3235785,0.0
2026-01-08 08:32:35.185524,5467,6177662,0.0
2026-01-08 08:37:35.185524,4639,6561536,0.0
2026-01-08 08:42:35.185524,6026,9546574,0.0
2026-01-08 08:47:35.185524,5171,3425090,0.0
2026-01-08 08:52:35.185524,5986,10625673,0.0
2026-01-08 08:57:35.185524,5456,9297182,0.0
2026-01-08 09:02:35.185524,5150,3761963,0.0
2026-01-08 09:07:35.185524,6204,7091954,0.0
2026-01-08 09:12:35.185524,5664,5150186,0.0
2026-01-08 09:17:35.185524,5921,6155975,0.0
2026-01-08 09:22:35.185524,5351,4601011,0.0
2026-01-08 09:27:35.185524,6493,7197656,0.0
2026-01-08 09:32:35.185524,6279,10268358,0.0
2026-01-08 09:37:35.185524,4868,4118391,0.0
2026-01-08 09:42:35.185524,6477,9003152,0.0
2026-01-08 09:47:35.185524,5538,5376646,0.0
2026-01-08 09:52:35.185524,6595,10333956,0.0
2026-01-08 09:57:35.185524,6645,6245485,0.0
2026-01-08 10:02:35.185524,6323,9203774,0.0
2026-01-08 10:07:35.185524,5241,4030293,0.0
2026-01-08 10:12:35.185524,6330,3814554,0.0
2026-01-08 10:17:35.185524,6631,8028781,0.0
2026-01-08 10:22:35.185524,6657,3824100,0.0
2026-01-08 10:27:35.185524,7653,11047941,0.0
2026-01-08 10:32:35.185524,5850,6654221,0.0
2026-01-08 10:37:35.185524,6753,5400617,0.0
2026-01-08 10:42:35.185524,6478,3470672,0.0
2026-01-08 10:47:35.185524,6273,7341544,0.0
2026-01-08 10:52:35.185524,7419,4469895,0.0
2026-01-08 10:57:35.185524,6620,6384679,0.0
2026-01-08 11:02:35.185524,6145,10184896,0.0
2026-01-08 11:07:35.185524,6908,10221318,0.0
2026-01-08 11:12:35.185524,6456,10789634,0.0
2026-01-08 11:17:35.185524,5929,10581098,0.0
2026-01-08 11:22:35.185524,7022,6429924,0.0
2026-01-08 11:27:35.185524,6389,3921574,0.0
2026-01-08 11:32:35.185524,6952,9101674,0.0
2026-01-08 11:37:35.185524,7053,8147693,0.0
2026-01-08 11:42:35.185524,6816,9782237,0.0
2026-01-08 11:47:35.185524,7149,4149138,0.0
2026-01-08 11:52:35.185524,7984,15089694,0.0
2026-01-08 11:57:35.185524,7181,11918884,0.0
2026-01-08 12:02:35.185524,7139,9728143,0.0
2026-01-08 12:07:35.185524,7871,9183734,0.0
2026-01-08 12:12:35.185524,7523,13117659,0.0
2026-01-08 12:17:35.185524,6255,9979256,0.0
2026-01-08 12:22:35.185524,7599,8647383,0.0
2026-01-08 12:27:35.185524,6778,4670886,0.0
2026-01-08 12:32:35.185524,7058,7860240,0.0
2026-01-08 12:37:35.185524,8126,11124411,0.0
2026-01-08 12:42:35.185524,6877,12030286,0.0
2026-01-08 12:47:35.185524,7147,11274363,0.0
2026-01-08 12:52:35.185524,7194,10220129,0.0
2026-01-08 12:57:35.185524,6835,4312784,0.0
2026-01-08 13:02:35.185524,7894,9905230,0.0
2026-01-08 13:07:35.185524,6305,11806230,0.0
2026-01-08 13:12:35.185524,6264,5296772,0.0
2026-01-08 13:17:35.185524,7424,14730640,0.0
2026-01-08 13:22:35.185524,7261,7783618,0.0
2026-01-08 13:27:35.185524,7099,9831987,0.0
2026-01-08 13:32:35.185524,7200,13152168,0.0
2026-01-08 13:37:35.185524,6767,8548234,0.0
2026-01-08 13:42:35.185524,7435,14811016,0.0
2026-01-08 13:47:35.185524,6687,4106560,0.0
2026-01-08 13:52:35.185524,7875,7326953,0.0
2026-01-08 13:57:35.185524,7223,13206069,0.0
2026-01-08 14:02:35.185524,7790,7316688,0.0
2026-01-08 14:07:35.185524,6852,11490801,0.0
2026-01-08 14:12:35.185524,6821,7937774,0.0
2026-01-08 14:17:35.185524,7131,7041368,0.0
2026-01-08 14:22:35.185524,7672,4202783,0.0
2026-01-08 14:27:35.185524,7622,9608422,0.0
2026-01-08 14:32:35.185524,6941,8183242,0.0
2026-01-08 14:37:35.185524,6883,6192663,0.0
2026-01-08 14:42:35.185524,6978,10096508,0.0
2026-01-08 14:47:35.185524,7717,8598937,0.0
2026-01-08 14:52:35.185524,8108,12818790,0.0
2026-01-08 14:57:35.185524,6934,9877299,0.0
2026-01-08 15:02:35.185524,7375,6212504,0.0
2026-01-08 15:07:35.185524,7286,4815888,0.0
2026-01-08 15:12:35.185524,7401,4770906,0.0
2026-01-08 15:17:35.185524,7508,13925025,0.0
2026-01-08 15:22:35.185524,6736,8094681,0.0
2026-01-08 15:27:35.185524,7270,4752014,0.0
2026-01-08 15:32:35.185524,6713,9901278,0.0
2026-01-08 15:37:35.185524,7514,6505630,0.0
2026-01-08 15:42:35.185524,6225,8704693,0.0
2026-01-08 15:47:35.185524,7164,13247204,0.0
2026-01-08 15:52:35.185524,7814,12098085,0.0
2026-01-08 15:57:35.185524,6668,12282537,0.0
2026-01-08 16:02:35.185524,7120,4809900,0.0
2026-01-08 16:07:35.185524,7305,5488086,0.0
2026-01-08 16:12:35.185524,7222,10571857,0.0
2026-01-08 16:17:35.185524,7338,4661082,0.0
2026-01-08 16:22:35.185524,7002,13078506,0.0
2026-01-08 16:27:35.185524,7013,7704304,0.0
2026-01-08 16:32:35.185524,6228,7903641,0.0
2026-01-08 16:37:35.185524,5683,3136644,0.0
2026-01-08 16:42:35.185524,6289,5711296,0.0
2026-01-08 16:47:35.185524,7155,13439807,0.0
2026-01-08 16:52:35.185524,6929,6190318,0.0
2026-01-08 16:57:35.185524,7224,7433485,0.0
2026-01-08 17:02:35.185524,6749,12005828,0.0
2026-01-08 17:07:35.185524,6754,12712376,0.0
2026-01-08 17:12:35.185524,7117,13025357,0.0
2026-01-08 17:17:35.185524,6916,5607962,0.0
2026-01-08 17:22:35.185524,6390,9555464,0.0
2026-01-08 17:27:35.185524,6227,7481497,0.0
2026-01-08 17:32:35.185524,5667,9222087,0.0
2026-01-08 17:37:35.185524,6191,8746977,0.0
2026-01-08 17:42:35.185524,5988,3503682,0.0
2026-01-08 17:47:35.185524,5732,11157836,0.0
2026-01-08 17:52:35.185524,6887,5031031,0.0
2026-01-08 17:57:35.185524,6434,5653727,0.0
2026-01-08 18:02:35.185524,5808,11023110,0.0
2026-01-08 18:07:35.185524,5827,7730226,0.0
2026-01-08 18:12:35.185524,6329,9829232,0.0
2026-01-08 18:17:35.185524,6891,6675424,0.0
2026-01-08 18:22:35.185524,6232,4298351,0.0
2026-01-08 18:27:35.185524,6758,8018723,0.0
2026-01-08 18:32:35.185524,5687,6822779,0.0
2026-01-08 18:37:35.185524,6212,4023365,0.0
2026-01-08 18:42:35.185524,5833,4566459,0.0
2026-01-08 18:47:35.185524,6373,4587518,0.0
2026-01-08 18:52:35.185524,6094,10631626,0.0
2026-01-08 18:57:35.185524,5368,4519034,0.0
2026-01-08 19:02:35.185524,5839,8161144,0.0
2026-01-08 19:07:35.185524,5580,8794822,0.0
2026-01-08 19:12:35.185524,5243,9177340,0.0
2026-01-08 19:17:35.185524,4851,3600386,0.0
2026-01-08 19:22:35.185524,5949,11292833,0.0
2026-01-08 19:27:35.185524,5081,7945548,0.0
2026-01-08 19:32:35.185524,5100,4485767,0.0
2026-01-08 19:37:35.185524,6009,3735851,0.0
2026-01-08 19:42:35.185524,4377,3370441,0.0
2026-01-08 19:47:35.185524,5599,6878986,0.0
2026-01-08 19:52:35.185524,5683,6507384,0.0
2026-01-08 19:57:35.185524,5577,4839794,0.0
2026-01-08 20:02:35.185524,4545,7079472,0.0
2026-01-08 20:07:35.185524,4927,2603945,0.0
2026-01-08 20:12:35.185524,6328,10705853,0.0
2026-01-08 20:17:35.185524,4740,6556315,0.0
2026-01-08 20:22:35.185524,4910,6829722,0.0
2026-01-08 20:27:35.185524,4369,5908421,0.0
2026-01-08 20:32:35.185524,5290,5929827,0.0
2026-01-08 20:37:35.185524,5416,6065410,0.0
2026-01-08 20:42:35.185524,5832,7272792,0.0
2026-01-08 20:47:35.185524,5276,6986060,0.0
2026-01-08 20:52:35.185524,5566,3788303,0.0
2026-01-08 20:57:35.185524,4806,9103304,0.0
2026-01-08 21:02:35.185524,4418,6434936,0.0
2026-01-08 21:07:35.185524,4525,8160159,0.0
2026-01-08 21:12:35.185524,3801,6575269,0.0
2026-01-08 21:17:35.185524,4734,7872773,0.0
2026-01-08 21:22:35.185524,4621,8704672,0.002551448132477681
2026-01-08 21:27:35.185524,5296,10478763,0.0
2026-01-08 21:32:35.185524,4100,4091326,0.0008593731838378565
2026-01-08 21:37:35.185524,5135,3084969,0.0
2026-01-08 21:42:35.185524,4492,5523882,0.0
2026-01-08 21:47:35.185524,4506,8631679,0.0
2026-01-08 21:52:35.185524,3303,4979390,0.0
2026-01-08 21:57:35.185524,4805,7648775,0.0
2026-01-08 22:02:35.185524,3878,3163624,0.0
2026-01-08 22:07:35.185524,4634,8232999,0.0
2026-01-08 22:12:35.185524,3275,5330530,0.005158324432277197
2026-01-08 22:17:35.185524,5677,11294923,0.0
2026-01-08 22:22:35.185524,4534,4361040,0.0
2026-01-08 22:27:35.185524,3805,7088396,0.0
2026-01-08 22:32:35.185524,4413,7010818,0.0
2026-01-08 22:37:35.185524,3696,3512035,0.0
2026-01-08 22:42:35.185524,3800,4625697,0.0
2026-01-08 22:47:35.185524,4446,5884118,0.0
2026-01-08 22:52:35.185524,3561,2313655,0.0
2026-01-08 22:57:35.185524,4132,7585986,0.0
2026-01-08 23:02:35.185524,4052,3954652,0.0
2026-01-08 23:07:35.185524,3093,4795503,0.0027048413164891087
2026-01-08 23:12:35.185524,3321,6250578,0.0
2026-01-08 23:17:35.185524,3569,2083669,0.0009632020455832575
2026-01-08 23:22:35.185524,3922,7163984,0.0
2026-01-08 23:27:35.185524,2908,1843422,0.0
2026-01-08 23:32:35.185524,3765,2252108,0.00032226996805557497
2026-01-08 23:37:35.185524,4088,5386466,0.006783246487003456
2026-01-08 23:42:35.185524,3562,4265770,0.0
2026-01-08 23:47:35.185524,4004,6644420,0.0
2026-01-08 23:52:35.185524,3466,3080824,0.0
2026-01-08 23:57:35.185524,3342,4831778,0.0
2026-01-09 00:02:35.185524,3680,6971353,0.0
2026-01-09 00:07:35.185524,3557,5078674,0.0
2026-01-09 00:12:35.185524,3181,5953290,0.0
2026-01-09 00:17:35.185524,3658,7230405,0.009284945160333314
2026-01-09 00:22:35.185524,3297,5659688,0.006364456927286611
2026-01-09 00:27:35.185524,3738,3741248,0.0
2026-01-09 00:32:35.185524,3539,4469842,0.00889946528676117
2026-01-09 00:37:35.185524,3099,3784487,0.0004024043422315663
2026-01-09 00:42:35.185524,3669,6578724,0.008476274527742111
2026-01-09 00:47:35.185524,3025,2150754,0.006784609121003697
2026-01-09 00:52:35.185524,3962,7005773,0.007200410579431727
2026-01-09 00:57:35.185524,3222,6207760,0.0016415612995610545
2026-01-09 01:02:35.185524,3294,3966664,0.0
2026-01-09 01:07:35.185524,3669,3712604,0.0
2026-01-09 01:12:35.185524,2706,3124201,0.0010989875337681816
2026-01-09 01:17:35.185524,3467,2111545,0.0
2026-01-09 01:22:35.185524,3489,6716303,0.0013052454286790784
2026-01-09 01:27:35.185524,3828,6560164,0.007416703937518539
2026-01-09 01:32:35.185524,3422,5377326,0.0
2026-01-09 01:37:35.185524,3190,5407468,0.013009181525760605
2026-01-09 01:42:35.185524,3276,2826351,0.009849028187366307
2026-01-09 01:47:35.185524,4138,2862115,0.007738728927293272
2026-01-09 01:52:35.185524,3388,2051070,0.0
2026-01-09 01:57:35.185524,2481,4372407,0.0
2026-01-09 02:02:35.185524,3842,3418849,0.013671902081123488
2026-01-09 02:07:35.185524,3172,4920053,0.00023028303818110885
2026-01-09 02:12:35.185524,2872,4881810,0.0017503830496890692
2026-01-09 02:17:35.185524,3193,3383848,0.007416224354618637
2026-01-09 02:22:35.185524,3944,4661294,0.00876672386928546
2026-01-09 02:27:35.185524,3053,4738443,0.004477541836470672
2026-01-09 02:32:35.185524,3063,4843385,0.00010863768003360232
2026-01-09 02:37:35.185524,3127,3411881,0.007559124810900902
2026-01-09 02:42:35.185524,3140,2745381,0.002970990715911879
2026-01-09 02:47:35.185524,3706,3587805,0.0063802569018486365
2026-01-09 02:52:35.185524,2553,4540275,0.006535978644963978
2026-01-09 02:57:35.185524,3915,2481092,0.0
2026-01-09 03:02:35.185524,3976,2830853,0.0
2026-01-09 03:07:35.185524,3352,4331255,0.015790760614536027
2026-01-09 03:12:35.185524,3919,5161974,0.008156668210802551
2026-01-09 03:17:35.185524,3526,4798061,0.015114487437529118
2026-01-09 03:22:35.185524,2647,3050029,0.0013509667236331806
2026-01-09 03:27:35.185524,2894,1759763,0.014783835141213229
2026-01-09 03:32:35.185524,3537,5433155,0.014497079072463503
2026-01-09 03:37:35.185524,3142,1672845,0.009668177621186163
2026-01-09 03:42:35.185524,3516,1996031,0.012035262115287762
2026-01-09 03:47:35.185524,3416,6189055,0.014283114768951331
2026-01-09 03:52:35.185524,3699,6721557,0.006910773505047601
2026-01-09 03:57:35.185524,3903,5977328,0.01763313330331092
2026-01-09 04:02:35.185524,3226,5262462,0.01627539352582129
2026-01-09 04:07:35.185524,2686,4833217,0.014101550633213755
2026-01-09 04:12:35.185524,3896,4383496,0.019000034375759763
2026-01-09 04:17:35.185524,3025,4653715,0.002140736223199668
2026-01-09 04:22:35.185524,3097,2971981,0.0033465815929212203
2026-01-09 04:27:35.185524,4064,3584173,0.009482066534213216
2026-01-09 04:32:35.185524,3421,6189213,0.0029781538865641093
2026-01-09 04:37:35.185524,3044,3233701,0.012481195381030031
2026-01-09 04:42:35.185524,2951,4811355,0.013570537691333743
2026-01-09 04:47:35.185524,4034,4384789,0.0059158446002007805
2026-01-09 04:52:35.185524,4170,7487599,0.005671166941855583
2026-01-09 04:57:35.185524,3912,2772226,0.013688750667607162
2026-01-09 05:02:35.185524,3518,2017681,0.013683749652588091
2026-01-09 05:07:35.185524,4196,2330428,0.005226080962508933
2026-01-09 05:12:35.185524,4057,7317194,0.021425049622071292
2026-01-09 05:17:35.185524,3491,5321205,0.005825795102667158
2026-01-09 05:22:35.185524,4258,6388482,0.01814001442542855
2026-01-09 05:27:35.185524,4623,2636644,0.020772411155899322
2026-01-09 05:32:35.185524,4026,3807414,0.013732848815877273
2026-01-09 05:37:35.185524,4340,4475694,0.017263536942708428
2026-01-09 05:42:35.185524,4927,7800132,0.01025099850035505
2026-01-09 05:47:35.185524,5061,9560951,0.01655161749773256
2026-01-09 05:52:35.185524,3813,6978226,0.023661784700256427
2026-01-09 05:57:35.185524,4088,5739022,0.01248082738512948
2026-01-09 06:02:35.185524,4800,3131067,0.015813405838576364
2026-01-09 06:07:35.185524,3523,5647675,0.010637866725860725
2026-01-09 06:12:35.185524,4315,7960736,0.008082896685975467
2026-01-09 06:17:35.185524,4835,7886810,0.022661589152406875
2026-01-09 06:22:35.185524,4553,3606321,0.019068802451883957
2026-01-09 06:27:35.185524,4646,3742584,0.02066225280967785
2026-01-09 06:32:35.185524,4121,6518739,0.016499830768336596
2026-01-09 06:37:35.185524,4988,2518089,0.0237162415266457
2026-01-09 06:42:35.185524,4329,4072362,0.006748446914164673
2026-01-09 06:47:35.185524,4245,3843462,0.02018483697034828
2026-01-09 06:52:35.185524,5362,9155315,0.015213604461346526
2026-01-09 06:57:35.185524,3574,5027899,0.008664583905172087
2026-01-09 07:02:35.185524,5718,7589130,0.013167472010943355
2026-01-09 07:07:35.185524,4705,3410462,0.013867914521618363
2026-01-09 07:12:35.185524,4632,4985048,0.021346410107646888
2026-01-09 07:17:35.185524,4473,4993647,0.02454160808572365
2026-01-09 07:22:35.185524,4858,5871301,0.012422920174224888
2026-01-09 07:27:35.185524,4519,4093998,0.026524163679279206
2026-01-09 07:32:35.185524,5110,9564571,0.011503275790115723
2026-01-09 07:37:35.185524,4246,6637719,0.021645210289579615
2026-01-09 07:42:35.185524,5821,7814407,0.010080097447853714
2026-01-09 07:47:35.185524,5524,3748895,0.018144535090153062
2026-01-09 07:52:35.185524,5469,10165838,0.01708576072010621
2026-01-09 07:57:35.185524,5419,7977400,0.027858277678570145
2026-01-09 08:02:35.185524,4846,4694684,0.02666817688027394
2026-01-09 08:07:35.185524,4753,2953615,0.02067589037268492
2026-01-09 08:12:35.185524,5845,9808806,0.026316219038975082
2026-01-09 08:17:35.185524,5777,5599940,0.0290412380562591
2026-01-09 08:22:35.185524,5347,8139215,0.027942801815537578
2026-01-09 08:27:35.185524,5060,5004675,0.015188620939869325
2026-01-09 08:32:35.185524,5607,10083145,0.019491562847423753
2026-01-09 08:37:35.185524,6484,7209454,0.012491029099914373
2026-01-09 08:42:35.185524,6321,7577064,0.030015701109694988
2026-01-09 08:47:35.185524,5988,5647808,0.020345401943528532
2026-01-09 08:52:35.185524,5963,7082812,0.024670340781642743
2026-01-09 08:57:35.185524,5364,5990375,0.02452724687673341
2026-01-09 09:02:35.185524,5817,8744874,0.014494033859462943
2026-01-09 09:07:35.185524,5589,9471080,0.0183513268091113
2026-01-09 09:12:35.185524,5922,10812521,0.029764853878427297
2026-01-09 09:17:35.185524,6230,11314901,0.026294366458503637
2026-01-09 09:22:35.185524,6313,11865773,0.017694246153255398
2026-01-09 09:27:35.185524,6266,6419590,0.025588006781882496
2026-01-09 09:32:35.185524,6815,6712759,0.02160623781310045
2026-01-09 09:37:35.185524,5742,3982307,0.016016092288545822
2026-01-09 09:42:35.185524,6132,11969207,0.0338673691588152
2026-01-09 09:47:35.185524,7382,11723617,0.024350574641165003
2026-01-09 09:52:35.185524,6758,13514183,0.027306572162484166
2026-01-09 09:57:35.185524,6539,6302334,0.0215358169629319
2026-01-09 10:02:35.185524,6909,7410252,0.02106763395790262
2026-01-09 10:07:35.185524,5462,4597388,0.017012554423375906
2026-01-09 10:12:35.185524,6264,6218211,0.01695086800058096
2026-01-09 10:17:35.185524,6539,5017101,0.027359313485511665
2026-01-09 10:22:35.185524,5772,6315312,0.027072305120886746
2026-01-09 10:27:35.185524,6686,8891475,0.017028033817358706
2026-01-09 10:32:35.185524,5436,4115917,0.02609464315496854
2026-01-09 10:37:35.185524,6976,10943575,0.017599299195672734
2026-01-09 10:42:35.185524,5907,9068630,0.017519818015953863
2026-01-09 10:47:35.185524,6200,4870891,0.01752008667622848
2026-01-09 10:52:35.185524,6256,6913554,0.025573648519882468
2026-01-09 10:57:35.185524,6604,9751185,0.036082180367342793
2026-01-09 11:02:35.185524,6592,4713532,0.030432073644922522
2026-01-09 11:07:35.185524,6631,5935433,0.03025920261992176
2026-01-09 11:12:35.185524,7446,5391020,0.026727114055050405
2026-01-09 11:17:35.185524,6224,8712262,0.024653731223587872
2026-01-09 11:22:35.185524,7832,8309639,0.03739180561603051
2026-01-09 11:27:35.185524,7383,11023171,0.01926051247864721
2026-01-09 11:32:35.185524,7248,10406465,0.025660465989066992
2026-01-09 11:37:35.185524,6947,13256746,0.030033534545428914
2026-01-09 11:42:35.185524,7800,5439376,0.033924876717354516
2026-01-09 11:47:35.185524,6800,5839158,0.030148487904463294
2026-01-09 11:52:35.185524,6909,4212923,0.033919866093072785
2026-01-09 11:57:35.185524,7732,14797052,0.02843089916842262
2026-01-09 12:02:35.185524,7096,10740749,0.03742850440747119
2026-01-09 12:07:35.185524,6712,6552870,0.033469214816301704
2026-01-09 12:12:35.185524,6893,7580811,0.03932407030515902
2026-01-09 12:17:35.185524,6938,6385052,0.03154951427602395
2026-01-09 12:22:35.185524,6917,5715831,0.027748718281974175
2026-01-09 12:27:35.185524,6130,6346727,0.0334822985830645
2026-01-09 12:32:35.185524,6594,8347282,0.030503017125244218
2026-01-09 12:37:35.185524,6902,5551223,0.040257167944035964
2026-01-09 12:42:35.185524,7563,4889849,0.04175182299336546
2026-01-09 12:47:35.185524,6772,6396600,0.039425512097810395
2026-01-09 12:52:35.185524,6990,9431322,0.032751556225198215
2026-01-09 12:57:35.185524,7250,10105746,0.02475241077344194
2026-01-09 13:02:35.185524,7404,9179052,0.04083792929248857
2026-01-09 13:07:35.185524,6863,5330715,0.025980919469705564
2026-01-09 13:12:35.185524,7357,9525130,0.027038731799270927
2026-01-09 13:17:35.185524,7681,4586843,0.03326144640553336
2026-01-09 13:22:35.185524,6618,5287119,0.041425386832782386
2026-01-09 13:27:35.185524,7697,11947599,0.04413360914206252
2026-01-09 13:32:35.185524,7251,8917505,0.032367644849177285
2026-01-09 13:37:35.185524,7591,6262188,0.03391068617378652
2026-01-09 13:42:35.185524,6924,10646531,0.04409120697964783
2026-01-09 13:47:35.185524,7517,4282594,0.03623720367336734
2026-01-09 13:52:35.185524,7104,12828869,0.02666243632232388
2026-01-09 13:57:35.185524,8072,11825300,0.044937033415198176
2026-01-09 14:02:35.185524,6896,7064741,0.03311561757121807
2026-01-09 14:07:35.185524,8216,9249436,0.0450392863416416
2026-01-09 14:12:35.185524,6800,3933298,0.03755591672326959
2026-01-09 14:17:35.185524,7336,4407584,0.034170163418594544
2026-01-09 14:22:35.185524,7930,6955038,0.03607625698199841
2026-01-09 14:27:35.185524,7413,12519131,0.040157508785111956
2026-01-09 14:32:35.185524,7220,10244361,0.04112304495625862
2026-01-09 14:37:35.185524,7104,5175964,0.03451497568042893
2026-01-09 14:42:35.185524,6963,4587265,0.0446017746659306
2026-01-09 14:47:35.185524,6502,6330157,0.04254916997136225
2026-01-09 14:52:35.185524,6844,13592487,0.046402644775012374
2026-01-09 14:57:35.185524,6677,7113058,0.04529781519691602
2026-01-09 15:02:35.185524,7750,4343405,0.04131529052998654
2026-01-09 15:07:35.185524,6498,4299764,0.0430091119628242
2026-01-09 15:12:35.185524,6218,5973083,0.03041822637032827
2026-01-09 15:17:35.185524,6730,12897927,0.04350827873345444
2026-01-09 15:22:35.185524,7378,6529314,0.042603641643253025
2026-01-09 15:27:35.185524,7848,8563429,0.036312247256254586
2026-01-09 15:32:35.185524,7692,14867773,0.03262280014479255
2026-01-09 15:37:35.185524,7370,9865753,0.045806125231112216
2026-01-09 15:42:35.185524,7032,9057488,0.03840006313927926
2026-01-09 15:47:35.185524,7869,11471273,0.04108446214479812
2026-01-09 15:52:35.185524,6729,13280017,0.0452962919412449
2026-01-09 15:57:35.185524,7839,5617936,0.045403059756125755
2026-01-09 16:02:35.185524,6965,11252140,0.04472439356316382
2026-01-09 16:07:35.185524,7223,11613680,0.044845041639582396
2026-01-09 16:12:35.185524,6521,12587080,0.04561196358862487
2026-01-09 16:17:35.185524,7477,13827280,0.03336575366062022
2026-01-09 16:22:35.185524,6302,3779383,0.040623187032310555
2026-01-09 16:27:35.185524,6464,4083505,0.034621361110207666
2026-01-09 16:32:35.185524,5913,9956412,0.037596019352341234
2026-01-09 16:37:35.185524,6794,5876767,0.03585140032813283
2026-01-09 16:42:35.185524,6724,5956159,0.03304141899543162
2026-01-09 16:47:35.185524,6891,3559359,0.04273321240710838
2026-01-09 16:52:35.185524,7332,13956575,0.04816587084906291
2026-01-09 16:57:35.185524,7322,8174564,0.03295024586508118
2026-01-09 17:02:35.185524,6303,12439114,0.0334530109588185
2026-01-09 17:07:35.185524,5991,8584124,0.050675765631370606
2026-01-09 17:12:35.185524,6531,9588902,0.03962863869088406
2026-01-09 17:17:35.185524,6672,6684431,0.03615163619160949
2026-01-09 17:22:35.185524,6131,10962151,0.050559275017066786
2026-01-09 17:27:35.185524,6370,5819956,0.03442398545512346
2026-01-09 17:32:35.185524,7021,9410048,0.04657746184838154
2026-01-09 17:37:35.185524,6393,5130697,0.05003604715200205
2026-01-09 17:42:35.185524,7301,8006053,0.04534050249236202
2026-01-09 17:47:35.185524,5387,4073672,0.044647252964324625
2026-01-09 17:52:35.185524,5577,10072076,0.040146585582597004
2026-01-09 17:57:35.185524,6067,9009702,0.04627524468927113
2026-01-09 18:02:35.185524,7219,12157961,0.035373816481819705
2026-01-09 18:07:35.185524,5937,7780269,0.04620922975797609
2026-01-09 18:12:35.185524,6017,11940690,0.043688531222364754
2026-01-09 18:17:35.185524,6496,4563311,0.049436646829045715
2026-01-09 18:22:35.185524,5796,11442574,0.03879289013413004
2026-01-09 18:27:35.185524,6370,8050126,0.049588104095616856
2026-01-09 18:32:35.185524,5945,5585132,0.037991884654075894
2026-01-09 18:37:35.185524,5199,6320757,0.04515266768363621
2026-01-09 18:42:35.185524,5404,9284328,0.05174078657388585
2026-01-09 18:47:35.185524,6357,9478373,0.05353586605864753
2026-01-09 18:52:35.185524,5384,7333081,0.04195382282796471
2026-01-09 18:57:35.185524,6160,6934507,0.051590010461312244
2026-01-09 19:02:35.185524,6518,10000041,0.05370612034077961
2026-01-09 19:07:35.185524,5310,5413528,0.05184781015125582
2026-01-09 19:12:35.185524,6699,9135004,0.05040450158762825
2026-01-09 19:17:35.185524,4833,5428777,0.0394715245051302
2026-01-09 19:22:35.185524,5508,8943770,0.03984242942304431
2026-01-09 19:27:35.185524,6145,3723078,0.057042557436745724
2026-01-09 19:32:35.185524,5684,6442567,0.041829509221006804
2026-01-09 19:37:35.185524,4308,3711986,0.042968789422619114
2026-01-09 19:42:35.185524,6334,9975449,0.042378927016997435
2026-01-09 19:47:35.185524,5746,8209382,0.05336790234070212
2026-01-09 19:52:35.185524,5695,8499057,0.040856683593177234
2026-01-09 19:57:35.185524,5033,6408272,0.049006627076888194
2026-01-09 20:02:35.185524,4950,4752048,0.04042725699053598
2026-01-09 20:07:35.185524,6267,7584010,0.04297876243743646
2026-01-09 20:12:35.185524,4834,2870682,0.04720735967833174
2026-01-09 20:17:35.185524,5093,8872411,0.056124237497080384
2026-01-09 20:22:35.185524,5245,2873874,0.04687726318513758
2026-01-09 20:27:35.185524,4752,5572425,0.05140060890653504
2026-01-09 20:32:35.185524,5290,6750671,0.05106638882727739
2026-01-09 20:37:35.185524,5251,6166855,0.05217326332624285
2026-01-09 20:42:35.185524,5502,8077686,0.05348239822807482
2026-01-09 20:47:35.185524,4519,8298612,0.04571976472947299
2026-01-09 20:52:35.185524,3953,5316152,0.055588297949809455
2026-01-09 20:57:35.185524,4558,5370555,0.05358253470560087
2026-01-09 21:02:35.185524,5300,6214563,0.05542343043112194
2026-01-09 21:07:35.185524,4477,7113809,0.0478954523262869
2026-01-09 21:12:35.185524,4804,9026163,0.054426631784300725
2026-01-09 21:17:35.185524,4802,3616930,0.05558117624296997
2026-01-09 21:22:35.185524,5886,8603004,0.05558380100125449
2026-01-09 21:27:35.185524,4075,2510547,0.054512254800924864
2026-01-09 21:32:35.185524,5085,6882154,0.0502541164984907
2026-01-09 21:37:35.185524,4005,6887042,0.04910487046965058
2026-01-09 21:42:35.185524,4076,2835452,0.043521263283200565
2026-01-09 21:47:35.185524,3296,2987812,0.061600481735221785
2026-01-09 21:52:35.185524,3848,3840032,0.060415382440499425
2026-01-09 21:57:35.185524,4221,6103390,0.05808174101869151
2026-01-09 22:02:35.185524,4987,5859212,0.0442616902314704
2026-01-09 22:07:35.185524,3708,6293359,0.04800711420577892
2026-01-09 22:12:35.185524,4056,5870388,0.0534406763330524
2026-01-09 22:17:35.185524,5356,7611342,0.05887936884087121
2026-01-09 22:22:35.185524,3887,7774434,0.06167297986339648
2026-01-09 22:27:35.185524,3265,3401943,0.046443468685440886
2026-01-09 22:32:35.185524,3167,4755715,0.06391356927892657
2026-01-09 22:37:35.185524,3579,5490088,0.0450047033544085
2026-01-09 22:42:35.185524,4257,6903248,0.05820530778221741
2026-01-09 22:47:35.185524,4956,4541053,0.05101130027588554
2026-01-09 22:52:35.185524,2278,3317754,0.05283555071494849
2026-01-09 22:57:35.185524,3514,2757892,0.057685661481732924
2026-01-09 23:02:35.185524,4390,4390207,0.05226473437582904
2026-01-09 23:07:35.185524,2857,2357686,0.046307086704815315
2026-01-09 23:12:35.185524,4664,7186361,0.06190815087763271
2026-01-09 23:17:35.185524,3362,3555194,0.055575731039388905
2026-01-09 23:22:35.185524,3268,6475346,0.053554633473995174
2026-01-09 23:27:35.185524,3995,6874941,0.05238331644210735
2026-01-09 23:32:35.185524,4094,5578256,0.056265894495605005
2026-01-09 23:37:35.185524,2986,2976218,0.06374183848453421
2026-01-09 23:42:35.185524,3670,3392525,0.05155290198857449
2026-01-09 23:47:35.185524,4047,3219067,0.0527200694002278
2026-01-09 23:52:35.185524,3708,4197498,0.06190889242175674
2026-01-09 23:57:35.185524,3617,4889036,0.05075744761319122
2026-01-10 00:02:35.185524,3496,4374879,0.04957804294662692
2026-01-10 00:07:35.185524,3488,3048757,0.05359550844863511
2026-01-10 00:12:35.185524,4377,7287145,0.06273434948418437
2026-01-10 00:17:35.185524,3151,4289970,0.06516345132051084
2026-01-10 00:22:35.185524,2830,1812506,0.06254542231319864
2026-01-10 00:27:35.185524,3572,5746949,0.05568650862528449
2026-01-10 00:32:35.185524,5109,5024562,0.051042211439855045
2026-01-10 00:37:35.185524,3036,3183278,0.050846809916774406
2026-01-10 00:42:35.185524,3506,5066966,0.05893990165754262
2026-01-10 00:47:35.185524,3555,4464455,0.0655847987938796
2026-01-10 00:52:35.185524,3402,3454611,0.04989451801466034
2026-01-10 00:57:35.185524,3455,3641817,0.0655199650690465
2026-01-10 01:02:35.185524,4430,3093936,0.06028838127333536
2026-01-10 01:07:35.185524,2538,3660854,0.06621458880645022
2026-01-10 01:12:35.185524,3331,2805805,0.05211475263324334
2026-01-10 01:17:35.185524,3116,1929450,0.04942614939279363
2026-01-10 01:22:35.185524,3226,3806308,0.06522946025608801
2026-01-10 01:27:35.185524,2690,5328430,0.0689540850061371
2026-01-10 01:32:35.185524,3495,3748081,0.05617256834557504
2026-01-10 01:37:35.185524,3720,3222346,0.05143494380307885
2026-01-10 01:42:35.185524,3845,4009693,0.06443299109296148
2026-01-10 01:47:35.185524,3059,5093742,0.06221979345486197
2026-01-10 01:52:35.185524,2863,4555306,0.06788533724654422
2026-01-10 01:57:35.185524,3699,2313655,0.06379741793351801
2026-01-10 02:02:35.185524,3895,2971196,0.06640054543817549
2026-01-10 02:07:35.185524,2968,4182936,0.05893003414327949
2026-01-10 02:12:35.185524,2828,3689153,0.06250079687959548
2026-01-10 02:17:35.185524,3788,5673889,0.06979633352414254
2026-01-10 02:22:35.185524,3682,5433190,0.05350232212603929
2026-01-10 02:27:35.185524,3432,2858912,0.05122763646427244
2026-01-10 02:32:35.185524,3534,3664560,0.055938201545589
2026-01-10 02:37:35.185524,3574,5946373,0.06667680983941456
2026-01-10 02:42:35.185524,3292,2191338,0.05819861548678315
2026-01-10 02:47:35.185524,2735,1874392,0.055956777657514
2026-01-10 02:52:35.185524,4264,3822276,0.05830263196032516
2026-01-10 02:57:35.185524,4350,7510653,0.05950627533989379
2026-01-10 03:02:35.185524,3335,3173863,0.06413062997887799
2026-01-10 03:07:35.185524,3212,6050766,0.05575650867659708
2026-01-10 03:12:35.185524,3826,4274934,0.061212032886213
2026-01-10 03:17:35.185524,3034,3082447,0.06304550111329207
2026-01-10 03:22:35.185524,4047,2127395,0.0595350104599478
2026-01-10 03:27:35.185524,3506,3167298,0.05656193889623776
2026-01-10 03:32:35.185524,3371,4739420,0.0558493361984591
2026-01-10 03:37:35.185524,3189,3536077,0.06510800818370509
2026-01-10 03:42:35.185524,4457,5880115,0.05494450939298055
2026-01-10 03:47:35.185524,3537,3566506,0.07108413157587515
2026-01-10 03:52:35.185524,4102,4343730,0.05675858039655451
2026-01-10 03:57:35.185524,3168,2562561,0.0660646712266846
2026-01-10 04:02:35.185524,3456,6625913,0.07006779319016775
2026-01-10 04:07:35.185524,4007,5980701,0.053971243845416454
2026-01-10 04:12:35.185524,4193,5875071,0.06001607294213124
2026-01-10 04:17:35.185524,4350,4582534,0.05801923279452121
2026-01-10 04:22:35.185524,3208,2501823,0.07361990510097582
2026-01-10 04:27:35.185524,3730,3154379,0.06034589039024426
2026-01-10 04:32:35.185524,3551,3837293,0.0657247183521132
2026-01-10 04:37:35.185524,4180,3136419,0.06521133702308102
2026-01-10 04:42:35.185524,4420,4576098,0.07313502503306363
2026-01-10 04:47:35.185524,2653,4823597,0.05490271698235108
2026-01-10 04:52:35.185524,3841,2786640,0.056090773465905415
2026-01-10 04:57:35.185524,3766,7152920,0.06313398359009414
2026-01-10 05:02:35.185524,4028,7505940,0.06865410880818751
2026-01-10 05:07:35.185524,4644,3804471,0.06457840861457231
2026-01-10 05:12:35.185524,4533,3021167,0.07342709420344996
2026-01-10 05:17:35.185524,3838,4058254,0.06407142583846036
2026-01-10 05:22:35.185524,3634,2632939,0.07262703584771196
2026-01-10 05:27:35.185524,3400,5771666,0.07219784705970372
2026-01-10 05:32:35.185524,4851,4090738,0.05935642775262483
2026-01-10 05:37:35.185524,4204,4631489,0.07444416882635742
2026-01-10 05:42:35.185524,4326,4525384,0.056102523677484945
2026-01-10 05:47:35.185524,4339,7498035,0.05735267146939803
2026-01-10 05:52:35.185524,3531,5662057,0.05861355564458659
2026-01-10 05:57:35.185524,4362,4447401,0.05831223153253317
2026-01-10 06:02:35.185524,4473,5244932,0.05780554707218244
2026-01-10 06:07:35.185524,4632,7133433,0.07230991909291895
2026-01-10 06:12:35.185524,4719,9049726,0.06963631468985115
2026-01-10 06:17:35.185524,3668,4441518,0.06375826988211405
2026-01-10 06:22:35.185524,4397,8582992,0.07113870281788957
2026-01-10 06:27:35.185524,4539,2684910,0.05700628455781321
2026-01-10 06:32:35.185524,4618,5876812,0.07378687051175939
2026-01-10 06:37:35.185524,5493,3852268,0.060136320716256
2026-01-10 06:42:35.185524,4937,5677817,0.07637892077699605
2026-01-10 06:47:35.185524,5182,6826306,0.07600728072013554
2026-01-10 06:52:35.185524,3943,6038265,0.06101176850182802
2026-01-10 06:57:35.185524,4679,8737702,0.07007672587318173
2026-01-10 07:02:35.185524,4018,6210338,0.05970753337759908
2026-01-10 07:07:35.185524,4902,8421834,0.0692138974750293
2026-01-10 07:12:35.185524,5205,3356480,0.06800862013644426
2026-01-10 07:17:35.185524,4428,4489917,0.06764429710187721
2026-01-10 07:22:35.185524,5279,4681276,0.07126403334711279
2026-01-10 07:27:35.185524,4528,2371495,0.07102693829055229
2026-01-10 07:32:35.185524,4920,7352180,0.07692205489998313
2026-01-10 07:37:35.185524,4601,8336559,0.0756861582432016
2026-01-10 07:42:35.185524,4595,6690594,0.07159989449106387
2026-01-10 07:47:35.185524,4939,3789550,0.062199228027433176
2026-01-10 07:52:35.185524,4203,4732096,0.07298132240359533
2026-01-10 07:57:35.185524,5490,5313595,0.07073269377209146
2026-01-10 08:02:35.185524,5468,9984095,0.06015897351377002
2026-01-10 08:07:35.185524,5351,5753377,0.07458070575380656
2026-01-10 08:12:35.185524,6025,3372129,0.07524771759065153
2026-01-10 08:17:35.185524,5592,6497544,0.07178081808314749
2026-01-10 08:22:35.185524,4863,9029395,0.07526102225212755
2026-01-10 08:27:35.185524,5416,5705411,0.06212950241438836
2026-01-10 08:32:35.185524,5548,11003962,0.06391843437011754
2026-01-10 08:37:35.185524,6290,11547481,0.062091511895877805
2026-01-10 08:42:35.185524,5584,6666177,0.06676892301834636
2026-01-10 08:47:35.185524,5815,7429994,0.07230605146444878
2026-01-10 08:52:35.185524,6205,11909360,0.07132152105174623
2026-01-10 08:57:35.185524,6698,4422990,0.07673037334749487
2026-01-10 09:02:35.185524,6203,3418729,0.060297951760453175
2026-01-10 09:07:35.185524,5818,6180100,0.0660647877866439
2026-01-10 09:12:35.185524,5681,7069911,0.06712454872006163
2026-01-10 09:17:35.185524,7036,3588862,0.07485254279068647
2026-01-10 09:22:35.185524,5581,10481350,0.05956634720750218
2026-01-10 09:27:35.185524,5861,11145587,0.07517737657060528
2026-01-10 09:32:35.185524,6029,5112410,0.06296147540186948
2026-01-10 09:37:35.185524,6598,12878788,0.06420583064654506
2026-01-10 09:42:35.185524,6017,7922317,0.06533117976645869
2026-01-10 09:47:35.185524,6264,9614073,0.07359214199305955
2026-01-10 09:52:35.185524,5863,4662254,0.07155066259223716
2026-01-10 09:57:35.185524,6459,6671378,0.06448529858448211
2026-01-10 10:02:35.185524,6196,3752191,0.06149259927330897
2026-01-10 10:07:35.185524,7069,4522607,0.07114206282561995
2026-01-10 10:12:35.185524,6632,6562622,0.07902342999145383
2026-01-10 10:17:35.185524,6354,9414110,0.0772930677540608
2026-01-10 10:22:35.185524,7667,5656590,0.06841063671990014
2026-01-10 10:27:35.185524,5408,7017355,0.07859561171094914
2026-01-10 10:32:35.185524,7044,9732252,0.07645050232265428
2026-01-10 10:37:35.185524,6308,10276810,0.07888057974023831
2026-01-10 10:42:35.185524,6760,10907523,0.0748354099611597
2026-01-10 10:47:35.185524,6388,9281664,0.061599602844702984
2026-01-10 10:52:35.185524,6760,13104746,0.0692664741649039
2026-01-10 10:57:35.185524,6470,8680637,0.07664077703680662
2026-01-10 11:02:35.185524,5897,11512530,0.065053332780268
2026-01-10 11:07:35.185524,7226,9655146,0.07759862379754347
2026-01-10 11:12:35.185524,6832,8798722,0.07393015129153031
2026-01-10 11:17:35.185524,6482,9873330,0.0740778705698639
2026-01-10 11:22:35.185524,6689,12822696,0.05975851136713156
2026-01-10 11:27:35.185524,8234,9833577,0.0756478423523738
2026-01-10 11:32:35.185524,7026,11115863,0.0608794896801486
2026-01-10 11:37:35.185524,6697,5724815,0.06843540664080797
2026-01-10 11:42:35.185524,7479,12826465,0.07301512757276418
2026-01-10 11:47:35.185524,6195,6648645,0.07556950848883644
2026-01-10 11:52:35.185524,7505,3903496,0.0691185770109189
2026-01-10 11:57:35.185524,7181,6465676,0.06851678638901708
2026-01-10 12:02:35.185524,7206,7288092,0.06866652936612556
2026-01-10 12:07:35.185524,6584,8644340,0.07111777554726713
2026-01-10 12:12:35.185524,7412,11042851,0.07383602749376483
2026-01-10 12:17:35.185524,8087,11532272,0.07967817566241996
2026-01-10 12:22:35.185524,7114,9225868,0.07831126999027568
2026-01-10 12:27:35.185524,6400,8921876,0.07116579840746057
2026-01-10 12:32:35.185524,8127,8764970,0.06321599033708827
2026-01-10 12:37:35.185524,7435,10373568,0.06180980624706758
2026-01-10 12:42:35.185524,6791,6509283,0.07286932327936291
2026-01-10 12:47:35.185524,8253,5599044,0.06344395320624394
2026-01-10 12:52:35.185524,7457,12179875,0.0648309280032985
2026-01-10 12:57:35.185524,6879,12080790,0.06303025631970587
2026-01-10 13:02:35.185524,6883,3822571,0.06027783275077264
2026-01-10 13:07:35.185524,7181,6086550,0.06526437482142206
2026-01-10 13:12:35.185524,6634,6295326,0.0772268568867583
2026-01-10 13:17:35.185524,7864,12211517,0.07053376654477848
2026-01-10 13:22:35.185524,6185,10783230,0.07468609266840927
2026-01-10 13:27:35.185524,7412,14660374,0.06115574000580083
2026-01-10 13:32:35.185524,7299,9368805,0.07298177994523093
2026-01-10 13:37:35.185524,7671,13896428,0.07323110060371997
2026-01-10 13:42:35.185524,7282,4618326,0.07439112808876643
2026-01-10 13:47:35.185524,6798,7404716,0.06238814593642002
2026-01-10 13:52:35.185524,7720,11966803,0.07442301841935575
2026-01-10 13:57:35.185524,8249,14162400,0.06660607390908713
2026-01-10 14:02:35.185524,7557,9434519,0.06601949891539448
2026-01-10 14:07:35.185524,7530,8798331,0.07183524328258356
2026-01-10 14:12:35.185524,7296,7535162,0.07116999006663308
2026-01-10 14:17:35.185524,7417,3799429,0.06903525502911376
2026-01-10 14:22:35.185524,6837,12809110,0.07805132485090022
2026-01-10 14:27:35.185524,6746,9624214,0.07688300856985501
2026-01-10 14:32:35.185524,6704,11238354,0.07647677383960606
2026-01-10 14:37:35.185524,7380,3821490,0.06869274515862711
2026-01-10 14:42:35.185524,7569,5367507,0.06678287698666587
2026-01-10 14:47:35.185524,7551,4762898,0.06102119406399348
2026-01-10 14:52:35.185524,7594,9414510,0.07497211427899704
2026-01-10 14:57:35.185524,7552,11738673,0.07620288629051333
2026-01-10 15:02:35.185524,7217,6529254,0.0787985391729583
2026-01-10 15:07:35.185524,7421,7857600,0.07161790336057726
2026-01-10 15:12:35.185524,7581,8980189,0.07295338868870432
2026-01-10 15:17:35.185524,7142,8979713,0.07692453635675006
2026-01-10 15:22:35.185524,7138,11267735,0.07453960895115683
2026-01-10 15:27:35.185524,7288,14197129,0.07171772347122103
2026-01-10 15:32:35.185524,7664,11294417,0.07065339138265155
2026-01-10 15:37:35.185524,7776,6601357,0.06319699607210909
2026-01-10 15:42:35.185524,7135,4520061,0.06158459411557583
2026-01-10 15:47:35.185524,6529,10919490,0.0730477356535439
2026-01-10 15:52:35.185524,7037,10135645,0.06290719037826642
2026-01-10 15:57:35.185524,7911,10643996,0.064110336269033
2026-01-10 16:02:35.185524,6860,8208300,0.07291122388408036
2026-01-10 16:07:35.185524,7608,10963611,0.07016008655822605
2026-01-10 16:12:35.185524,6730,11020018,0.06750035352601036
2026-01-10 16:17:35.185524,7219,13928230,0.06766555113060081
2026-01-10 16:22:35.185524,6028,6605916,0.06314962616448992
2026-01-10 16:27:35.185524,6139,8405268,0.06189788488654242
2026-01-10 16:32:35.185524,6532,11397467,0.06641678565781606
2026-01-10 16:37:35.185524,6668,5354441,0.06071011753194702
2026-01-10 16:42:35.185524,7735,5714213,0.07260788037725295
2026-01-10 16:47:35.185524,6297,12257579,0.07521588884448957
2026-01-10 16:52:35.185524,7246,9309728,0.06962787450500543
2026-01-10 16:57:35.185524,6957,11053531,0.06472409553292696
2026-01-10 17:02:35.185524,5915,6852143,0.07914168253119434
2026-01-10 17:07:35.185524,6435,6474141,0.06995176619271962
2026-01-10 17:12:35.185524,7129,8324425,0.07538098767777973
2026-01-10 17:17:35.185524,6710,4466687,0.0768367882982755
2026-01-10 17:22:35.185524,6582,5877443,0.06379207819185846
2026-01-10 17:27:35.185524,6460,10143424,0.0637304896178835
2026-01-10 17:32:35.185524,6744,8678168,0.06939160566573613
2026-01-10 17:37:35.185524,5859,3482749,0.07458287766077623
2026-01-10 17:42:35.185524,6810,4416015,0.07253991248118292
2026-01-10 17:47:35.185524,6999,12126181,0.07067024342423812
2026-01-10 17:52:35.185524,6795,7471427,0.074869191395355
2026-01-10 17:57:35.185524,5909,3502356,0.06789604160588
2026-01-10 18:02:35.185524,5788,4784269,0.07628170221710671
2026-01-10 18:07:35.185524,6056,11085131,0.07198561914621554
2026-01-10 18:12:35.185524,6097,8864708,0.07808660429483656
2026-01-10 18:17:35.185524,5730,4792822,0.06267332399412148
2026-01-10 18:22:35.185524,5819,10849783,0.06651218528119116
2026-01-10 18:27:35.185524,5726,6060347,0.0684047563206727
2026-01-10 18:32:35.185524,6237,11333342,0.07280078906793877
2026-01-10 18:37:35.185524,5343,4304961,0.060363913983743356
2026-01-10 18:42:35.185524,6331,8232329,0.07709678071580163
2026-01-10 18:47:35.185524,6609,3487440,0.06454247322747547
2026-01-10 18:52:35.185524,5929,7667559,0.06991192485066985
2026-01-10 18:57:35.185524,6170,10596820,0.07765274565132177
2026-01-10 19:02:35.185524,5841,5440230,0.060467318783375676
2026-01-10 19:07:35.185524,5927,10801369,0.06226719729542266
2026-01-10 19:12:35.185524,5433,8938424,0.07656295076709065
2026-01-10 19:17:35.185524,6074,5503570,0.0628910530701148
2026-01-10 19:22:35.185524,6308,6633832,0.0626624105505558
2026-01-10 19:27:35.185524,5372,5110075,0.07465219823894342
2026-01-10 19:32:35.185524,5145,7216423,0.06092091448301042
2026-01-10 19:37:35.185524,5882,8608039,0.07407659731451688
2026-01-10 19:42:35.185524,5397,8412121,0.06787686863953304
2026-01-10 19:47:35.185524,5996,5410678,0.07395368365896943
2026-01-10 19:52:35.185524,5078,7559516,0.06416116651039455
2026-01-10 19:57:35.185524,5349,8576221,0.057833171656992206
2026-01-10 20:02:35.185524,5019,6121582,0.057787141693662405
2026-01-10 20:07:35.185524,4716,2850184,0.05830388673912699
2026-01-10 20:12:35.185524,5450,10871488,0.05969994086550322
2026-01-10 20:17:35.185524,4695,7062528,0.06724650402754942
2026-01-10 20:22:35.185524,4780,8624883,0.0576427844791047
2026-01-10 20:27:35.185524,5736,8187120,0.07189414727888999
2026-01-10 20:32:35.185524,4994,5243977,0.07285490467672116
2026-01-10 20:37:35.185524,5825,11422653,0.05887812911268982
2026-01-10 20:42:35.185524,4579,7177896,0.07628581415128646
2026-01-10 20:47:35.185524,5475,8170380,0.060977152978129875
2026-01-10 20:52:35.185524,5065,3901358,0.05728956689225099
2026-01-10 20:57:35.185524,4441,7686039,0.06724099338086074
2026-01-10 21:02:35.185524,4715,3914509,0.07536203675410966
2026-01-10 21:07:35.185524,4530,6089342,0.07470143848627919
2026-01-10 21:12:35.185524,4117,5788581,0.07184971027754654
2026-01-10 21:17:35.185524,5107,7881258,0.06069402252445863
2026-01-10 21:22:35.185524,4308,8579321,0.07543776040309978
2026-01-10 21:27:35.185524,4982,5304394,0.07267643063104935
2026-01-10 21:32:35.185524,5038,3225259,0.06229672437665394
2026-01-10 21:37:35.185524,4619,7251356,0.05943118574130892
2026-01-10 21:42:35.185524,5109,5131203,0.06667867837233162
2026-01-10 21:47:35.185524,3533,3276009,0.07346707577438472
2026-01-10 21:52:35.185524,4927,3460524,0.06311453205720191
2026-01-10 21:57:35.185524,5020,6909619,0.07313145728618343
2026-01-10 22:02:35.185524,3451,6070215,0.07554629042312586
2026-01-10 22:07:35.185524,3836,3882041,0.07184818860842145
2026-01-10 22:12:35.185524,4682,5169457,0.0687328573201324
2026-01-10 22:17:35.185524,4009,4687667,0.07230085115289829
2026-01-10 22:22:35.185524,4066,5500749,0.06488673489578686
2026-01-10 22:27:35.185524,4400,5417373,0.07187944710172366
2026-01-10 22:32:35.185524,3624,5848556,0.05651065927131234
2026-01-10 22:37:35.185524,3938,2168500,0.058397795813088835
2026-01-10 22:42:35.185524,4027,7794188,0.07242791535096187
2026-01-10 22:47:35.185524,4353,4981978,0.06717877213065478
2026-01-10 22:52:35.185524,4647,3481458,0.07362484162438636
2026-01-10 22:57:35.185524,3709,1941584,0.07377422991250311
2026-01-10 23:02:35.185524,4413,2531015,0.07438597849988794
2026-01-10 23:07:35.185524,3453,4686067,0.068278648024045
2026-01-10 23:12:35.185524,4219,8026829,0.07158512807583504
2026-01-10 23:17:35.185524,3723,4059427,0.06996775483950564
2026-01-10 23:22:35.185524,3399,5919510,0.06199150353087648
2026-01-10 23:27:35.185524,3839,2414066,0.0731051819568798
2026-01-10 23:32:35.185524,4040,3803452,0.05498105077513796
2026-01-10 23:37:35.185524,3174,5648971,0.06983997472088652
2026-01-10 23:42:35.185524,3606,2437954,0.07153655215677168
2026-01-10 23:47:35.185524,3965,2281459,0.06902813555375761
2026-01-10 23:52:35.185524,3146,3342972,0.053671728636581734
2026-01-10 23:57:35.185524,3794,7552589,0.07133134290473542
2026-01-11 00:02:35.185524,3973,2742805,0.06897372891389816
2026-01-11 00:07:35.185524,3250,6397714,0.06625948915260473
2026-01-11 00:12:35.185524,3677,6787518,0.06598067560478107
2026-01-11 00:17:35.185524,4140,2682161,0.06552400492639515
2026-01-11 00:22:35.185524,2621,3927383,0.058197839099184544
2026-01-11 00:27:35.185524,3447,6432354,0.06697295408651005
2026-01-11 00:32:35.185524,2926,2760720,0.07078306526086492
2026-01-11 00:37:35.185524,3092,1790528,0.05481575696979275
2026-01-11 00:42:35.185524,4633,2513826,0.05273117260208506
2026-01-11 00:47:35.185524,3177,3870443,0.0553935330591653
2026-01-11 00:52:35.185524,3094,1885731,0.05512475712161173
2026-01-11 00:57:35.185524,3739,5046950,0.06861694982822544
2026-01-11 01:02:35.185524,3023,2948677,0.05402918185217901
2026-01-11 01:07:35.185524,2898,5666026,0.06978852472044021
2026-01-11 01:12:35.185524,3403,6406883,0.056338150404274624
2026-01-11 01:17:35.185524,3540,2595917,0.058983698412205826
2026-01-11 01:22:35.185524,2613,4625927,0.07046017402945785
2026-01-11 01:27:35.185524,3051,5876307,0.07085443067166941
2026-01-11 01:32:35.185524,3175,1938911,0.06642920338495761
2026-01-11 01:37:35.185524,3347,2180711,0.05986813465279357
2026-01-11 01:42:35.185524,3781,2915298,0.06081905438124107
2026-01-11 01:47:35.185524,2940,2263472,0.0706683605597036
2026-01-11 01:52:35.185524,3630,6779593,0.05814169408509537
2026-01-11 01:57:35.185524,3002,5007470,0.06908755357299858
2026-01-11 02:02:35.185524,3201,4558936,0.06817521523704367
2026-01-11 02:07:35.185524,3827,3452971,0.06052078386406318
2026-01-11 02:12:35.185524,3648,7000818,0.05597866088907309
2026-01-11 02:17:35.185524,3449,3530508,0.06883672288023289
2026-01-11 02:22:35.185524,3990,4810501,0.053396788079885765
2026-01-11 02:27:35.185524,3193,4356110,0.06097076139028563
2026-01-11 02:32:35.185524,3545,6178857,0.06845135164646161
2026-01-11 02:37:35.185524,2863,1675378,0.06353920347162773
2026-01-11 02:42:35.185524,2998,2105358,0.05716747804207696
2026-01-11 02:47:35.185524,3573,4781382,0.05672122630783146
2026-01-11 02:52:35.185524,2908,3785187,0.053278073613137626
2026-01-11 02:57:35.185524,2953,4236483,0.05694339099046973
2026-01-11 03:02:35.185524,3057,3124124,0.06542575073243528
2026-01-11 03:07:35.185524,3775,7330376,0.05292675673343808
2026-01-11 03:12:35.185524,3508,5836871,0.06426713795103546
2026-01-11 03:17:35.185524,3299,6247880,0.06448427808060822
2026-01-11 03:22:35.185524,3675,3747091,0.06612816280099897
2026-01-11 03:27:35.185524,3179,1710593,0.05218101759647631
2026-01-11 03:32:35.185524,3972,5268368,0.06689504260627098
2026-01-11 03:37:35.185524,2901,3924156,0.06760877704827692
2026-01-11 03:42:35.185524,4841,6132132,0.06651927814536213
2026-01-11 03:47:35.185524,3481,4035187,0.052182321090918894
2026-01-11 03:52:35.185524,4050,6222149,0.047523631950355465
2026-01-11 03:57:35.185524,3719,6934531,0.05597670514446002
2026-01-11 04:02:35.185524,3989,5819611,0.05635713361813903
2026-01-11 04:07:35.185524,3857,3875250,0.05769568896942044
2026-01-11 04:12:35.185524,3406,2518352,0.05497506478556956
2026-01-11 04:17:35.185524,4223,6080369,0.058797846825506914
2026-01-11 04:22:35.185524,3022,2324726,0.05644716867552846
2026-01-11 04:27:35.185524,2905,3585869,0.04917127913642175
2026-01-11 04:32:35.185524,4337,3305770,0.053554902537318747
2026-01-11 04:37:35.185524,3965,5799618,0.06215595173493442
2026-01-11 04:42:35.185524,4314,5765590,0.05834263264021852
2026-01-11 04:47:35.185524,3659,4899739,0.04635352993927382
2026-01-11 04:52:35.185524,3784,6874306,0.05738237819467876
2026-01-11 04:57:35.185524,4712,3923767,0.0501469197198482
2026-01-11 05:02:35.185524,4861,2829304,0.06013745829140501
2026-01-11 05:07:35.185524,3681,5214508,0.04756530508860842
2026-01-11 05:12:35.185524,3866,5587923,0.05977553600038857
2026-01-11 05:17:35.185524,4290,6198179,0.05630044092162059
2026-01-11 05:22:35.185524,3432,6444060,0.06299581059131264
2026-01-11 05:27:35.185524,3108,4804941,0.057805535836158904
2026-01-11 05:32:35.185524,4074,6750932,0.06220214168325667
2026-01-11 05:37:35.185524,4409,3396704,0.04741625133184903
2026-01-11 05:42:35.185524,4518,5416192,0.05233560845846236
2026-01-11 05:47:35.185524,5295,6966318,0.05382455965917189
2026-01-11 05:52:35.185524,4491,4680633,0.052327200692948446
2026-01-11 05:57:35.185524,3417,5198617,0.05809197784896887
2026-01-11 06:02:35.185524,4525,6381415,0.05200935359333034
2026-01-11 06:07:35.185524,5024,4798220,0.054663978915081485
2026-01-11 06:12:35.185524,3966,4438059,0.060788999883496245
2026-01-11 06:17:35.185524,4632,3463925,0.058228815768053145
2026-01-11 06:22:35.185524,4376,6522285,0.044649615386964325
2026-01-11 06:27:35.185524,4537,5762132,0.04423387820813268
2026-01-11 06:32:35.185524,4566,7229849,0.04820559491385538
2026-01-11 06:37:35.185524,4850,4261286,0.05229476388376619
2026-01-11 06:42:35.185524,5132,5826876,0.054305492074020585
2026-01-11 06:47:35.185524,4528,7867861,0.059470427047930034
2026-01-11 06:52:35.185524,4724,8944631,0.06045500081437815
2026-01-11 06:57:35.185524,5201,9783249,0.04770407384155735
2026-01-11 07:02:35.185524,4529,2914231,0.0542056743637286
2026-01-11 07:07:35.185524,5052,9495756,0.04119834711438913
2026-01-11 07:12:35.185524,5800,7864689,0.042364876849675305
2026-01-11 07:17:35.185524,5069,6393610,0.04179875250243022
2026-01-11 07:22:35.185524,5308,2959885,0.04086678206489336
2026-01-11 07:27:35.185524,5695,4559783,0.04890567703329081
2026-01-11 07:32:35.185524,5432,5104037,0.05906535175884301
2026-01-11 07:37:35.185524,5355,3203542,0.045782296047523686
2026-01-11 07:42:35.185524,5558,10670224,0.04310157796429161
2026-01-11 07:47:35.185524,5773,6927814,0.04821057296982415
2026-01-11 07:52:35.185524,5248,6540950,0.04479921216913284
2026-01-11 07:57:35.185524,6422,8791647,0.0545299551867445
2026-01-11 08:02:35.185524,5122,8807115,0.048578241915656975
2026-01-11 08:07:35.185524,5878,10796324,0.053694691469638595
2026-01-11 08:12:35.185524,5174,8419510,0.03910761286644563
2026-01-11 08:17:35.185524,5471,6467511,0.05700769258224208
2026-01-11 08:22:35.185524,6052,7734898,0.05463094903793886
2026-01-11 08:27:35.185524,5082,4239781,0.05531386272310734
2026-01-11 08:32:35.185524,5513,2923895,0.045759821789563726
2026-01-11 08:37:35.185524,6115,5575039,0.0530651286229989
2026-01-11 08:42:35.185524,5912,5528802,0.056305454080944964
2026-01-11 08:47:35.185524,5296,5073410,0.04396994657915952
2026-01-11 08:52:35.185524,5430,8748551,0.05632191480996693
2026-01-11 08:57:35.185524,5805,8034461,0.054005189793947105
2026-01-11 09:02:35.185524,5199,2624254,0.045177208214855394
2026-01-11 09:07:35.185524,5128,4856878,0.05441595253892595
2026-01-11 09:12:35.185524,5737,5472329,0.051152645240451516
2026-01-11 09:17:35.185524,5529,9754180,0.04470564945410581
2026-01-11 09:22:35.185524,5558,9185910,0.05375193355683444
2026-01-11 09:27:35.185524,6891,12731194,0.054779800506633926
2026-01-11 09:32:35.185524,6350,11285845,0.047859294508990624
2026-01-11 09:37:35.185524,5816,5002813,0.04471499394125964
2026-01-11 09:42:35.185524,6251,10431932,0.040814606150527614
2026-01-11 09:47:35.185524,6050,7831318,0.045942462452641275
2026-01-11 09:52:35.185524,6827,10911691,0.03630641098952772
2026-01-11 09:57:35.185524,5880,5206059,0.04383162560766467
2026-01-11 10:02:35.185524,6926,9242587,0.03886454380075203
2026-01-11 10:07:35.185524,6142,6153996,0.036497012770141626
2026-01-11 10:12:35.185524,6783,12877372,0.04779653464626117
2026-01-11 10:17:35.185524,6128,9740499,0.04583093411627723
2026-01-11 10:22:35.185524,7141,8236241,0.04944114548889995
2026-01-11 10:27:35.185524,7037,5840275,0.042522003279927396
2026-01-11 10:32:35.185524,6236,4027771,0.04291843863219237
2026-01-11 10:37:35.185524,5877,10700103,0.045740246594865176
2026-01-11 10:42:35.185524,6481,7837250,0.038018453083077566
2026-01-11 10:47:35.185524,6629,11366733,0.04133684054887009
2026-01-11 10:52:35.185524,7177,8146160,0.034663938622845704
2026-01-11 10:57:35.185524,6616,7155477,0.03735455012960208
2026-01-11 11:02:35.185524,6324,10370327,0.03540990999024756
2026-01-11 11:07:35.185524,6199,11998779,0.03496057690242719
2026-01-11 11:12:35.185524,6316,4424049,0.05095420782575151
2026-01-11 11:17:35.185524,6878,9771509,0.03401372798778232
2026-01-11 11:22:35.185524,7022,5695043,0.03185209587621601
2026-01-11 11:27:35.185524,7298,6103689,0.04652356771466118
2026-01-11 11:32:35.185524,7459,4903796,0.04498217694867983
2026-01-11 11:37:35.185524,7237,14120987,0.04382447424936018
2026-01-11 11:42:35.185524,6460,8920553,0.045945237379951445
2026-01-11 11:47:35.185524,7096,9622914,0.0471227888823316
2026-01-11 11:52:35.185524,5884,9085769,0.04419381846651006
2026-01-11 11:57:35.185524,7587,4473556,0.039393868478638634
2026-01-11 12:02:35.185524,7808,5180139,0.0464636971403352
2026-01-11 12:07:35.185524,7463,12629640,0.03215258021292014
2026-01-11 12:12:35.185524,7099,3766245,0.03843422244364186
2026-01-11 12:17:35.185524,7248,5420552,0.04342103003719338
2026-01-11 12:22:35.185524,6877,8230229,0.0346556989469158
2026-01-11 12:27:35.185524,7847,9303679,0.04186916275089891
2026-01-11 12:32:35.185524,7502,8502647,0.039404795139122095
2026-01-11 12:37:35.185524,7909,7957485,0.03910627024802001
2026-01-11 12:42:35.185524,8314,15035254,0.04611285436005554
2026-01-11 12:47:35.185524,6696,11769158,0.029532544396492846
2026-01-11 12:52:35.185524,7153,4989039,0.03717946271442568
2026-01-11 12:57:35.185524,6547,9272646,0.04383572493674125
2026-01-11 13:02:35.185524,6733,11891035,0.03536182943228954
2026-01-11 13:07:35.185524,6401,5516660,0.0442024609043813
2026-01-11 13:12:35.185524,7133,5849710,0.047019219528312894
2026-01-11 13:17:35.185524,7750,9868904,0.0385031218933793
2026-01-11 13:22:35.185524,7204,11854690,0.030297204212914777
2026-01-11 13:27:35.185524,8026,13416795,0.0302163034087675
2026-01-11 13:32:35.185524,7780,4256705,0.026827356950518647
2026-01-11 13:37:35.185524,6938,7379017,0.04615924915891657
2026-01-11 13:42:35.185524,7260,14483299,0.026660971446064913
2026-01-11 13:47:35.185524,6789,6120223,0.027783237569350576
2026-01-11 13:52:35.185524,6909,6978015,0.038077730629336046
2026-01-11 13:57:35.185524,6913,10877761,0.031983874395583284
2026-01-11 14:02:35.185524,7272,4344348,0.03347383965155894
2026-01-11 14:07:35.185524,6976,4241953,0.02997120114733374
2026-01-11 14:12:35.185524,8142,7519803,0.032163417731768215
2026-01-11 14:17:35.185524,7076,14053984,0.04299823021994239
2026-01-11 14:22:35.185524,6819,4324461,0.03261893027137433
2026-01-11 14:27:35.185524,8553,13857515,0.028314552093229462
2026-01-11 14:32:35.185524,6535,3410069,0.02945251310369244
2026-01-11 14:37:35.185524,7341,9037682,0.025943049663719395
2026-01-11 14:42:35.185524,6760,10269599,0.027631685161936446
2026-01-11 14:47:35.185524,7312,10886982,0.03767841681176222
2026-01-11 14:52:35.185524,7536,8987158,0.035481407294322184
2026-01-11 14:57:35.185524,7383,12539935,0.027911669058091386
2026-01-11 15:02:35.185524,7984,13860182,0.03819092702859057
2026-01-11 15:07:35.185524,7783,9256137,0.04025927135205201
2026-01-11 15:12:35.185524,6604,9362668,0.03238876540012649
2026-01-11 15:17:35.185524,7238,7460669,0.033285864606701195
2026-01-11 15:22:35.185524,8338,14052783,0.03122327591176615
2026-01-11 15:27:35.185524,7287,14424911,0.034195066586894834
2026-01-11 15:32:35.185524,7075,4320967,0.03974069724241349
2026-01-11 15:37:35.185524,7179,7440572,0.03938899258592186
2026-01-11 15:42:35.185524,6584,3947592,0.02140750130188811
2026-01-11 15:47:35.185524,6957,11379031,0.028163453972811156
2026-01-11 15:52:35.185524,7845,11261083,0.03754108290913398
2026-01-11 15:57:35.185524,7120,6878069,0.03932582846018167
2026-01-11 16:02:35.185524,6470,3534927,0.03393958225044362
2026-01-11 16:07:35.185524,6527,3472364,0.038510722742041356
2026-01-11 16:12:35.185524,7103,13435638,0.034571773378692924
2026-01-11 16:17:35.185524,7554,14539237,0.0338283520272774
2026-01-11 16:22:35.185524,6683,9350303,0.030091573943119173
2026-01-11 16:27:35.185524,7051,10866112,0.028086341107013767
2026-01-11 16:32:35.185524,7075,11822940,0.036474356864369666
2026-01-11 16:37:35.185524,6407,6423132,0.03410091752468698
2026-01-11 16:42:35.185524,6038,4920594,0.03839981424862024
2026-01-11 16:47:35.185524,6710,7800624,0.03820314057368795
2026-01-11 16:52:35.185524,6815,6550666,0.021864521728468877
2026-01-11 16:57:35.185524,6501,4720096,0.024709837286796113
2026-01-11 17:02:35.185524,6713,5042530,0.028468188444514472
2026-01-11 17:07:35.185524,7948,6214022,0.032923708535875174
2026-01-11 17:12:35.185524,6871,11466451,0.03128703007969935
2026-01-11 17:17:35.185524,6434,10732639,0.02996012851048399
2026-01-11 17:22:35.185524,7036,7685211,0.017346930690317383
2026-01-11 17:27:35.185524,6191,8889255,0.025555897368440772
2026-01-11 17:32:35.185524,6184,9077935,0.033317093881859404
2026-01-11 17:37:35.185524,6291,4325446,0.023328786094906285
2026-01-11 17:42:35.185524,6521,8157118,0.029868900198499092
2026-01-11 17:47:35.185524,5940,7321833,0.03316451863589223
2026-01-11 17:52:35.185524,6661,3928595,0.015914089216939827
2026-01-11 17:57:35.185524,6959,10930602,0.033510382116049314
2026-01-11 18:02:35.185524,6622,11683616,0.025132526251434726
2026-01-11 18:07:35.185524,5612,4643576,0.020299658320271963
2026-01-11 18:12:35.185524,6487,7417804,0.030589354081150842
2026-01-11 18:17:35.185524,6171,6126130,0.031080165986994736
2026-01-11 18:22:35.185524,6664,12816043,0.020883837357221574
2026-01-11 18:27:35.185524,6016,7457556,0.01505266767110002
2026-01-11 18:32:35.185524,6796,8210128,0.03162755596813039
2026-01-11 18:37:35.185524,6650,10431736,0.024057277634048125
2026-01-11 18:42:35.185524,6601,9227577,0.026557132900063184
2026-01-11 18:47:35.185524,6254,3405846,0.018937443170260748
2026-01-11 18:52:35.185524,5902,6254986,0.016829831041909833
2026-01-11 18:57:35.185524,5235,5938741,0.02871682107825419
2026-01-11 19:02:35.185524,5619,6155169,0.01706276593771228
2026-01-11 19:07:35.185524,5508,2892435,0.025250277330676668
2026-01-11 19:12:35.185524,5076,8438001,0.012131421520793583
2026-01-11 19:17:35.185524,5294,7876073,0.02783932830008979
2026-01-11 19:22:35.185524,5524,8014730,0.02535274320118556
2026-01-11 19:27:35.185524,5007,9223610,0.022706259618436232
2026-01-11 19:32:35.185524,4577,5123985,0.015663976493736808
2026-01-11 19:37:35.185524,5467,10177657,0.012923147956251154
2026-01-11 19:42:35.185524,5654,6614146,0.02812939095991987
2026-01-11 19:47:35.185524,5017,6714145,0.013012416462737363
2026-01-11 19:52:35.185524,4207,5260286,0.017177278934705706
2026-01-11 19:57:35.185524,5960,5361815,0.014283530516399995
2026-01-11 20:02:35.185524,5174,4162338,0.020046816002920204
2026-01-11 20:07:35.185524,5012,6387471,0.016853368471934603
2026-01-11 20:12:35.185524,5253,7615537,0.026986870238634927
2026-01-11 20:17:35.185524,5382,10656176,0.012038081967078883
2026-01-11 20:22:35.185524,4533,4339380,0.019566195236106622
2026-01-11 20:27:35.185524,5336,3281168,0.02403258415405609
2026-01-11 20:32:35.185524,5608,4076635,0.013033960989610098
2026-01-11 20:37:35.185524,4637,8146660,0.009664069739942225
2026-01-11 20:42:35.185524,4956,7616758,0.012803324636253012
2026-01-11 20:47:35.185524,5306,5829425,0.02127167697269454
2026-01-11 20:52:35.185524,4588,5081821,0.026136518411407607
2026-01-11 20:57:35.185524,4578,5568819,0.026133239063832782
2026-01-11 21:02:35.185524,4857,4755420,0.011329147743866702
2026-01-11 21:07:35.185524,4050,3865877,0.026188962093306248
2026-01-11 21:12:35.185524,4647,6024467,0.019118436803358008
2026-01-11 21:17:35.185524,4889,4312642,0.010610004973686062
2026-01-11 21:22:35.185524,4982,4077853,0.022081398752265932
2026-01-11 21:27:35.185524,3833,3964174,0.011258873234012659
2026-01-11 21:32:35.185524,4563,5013515,0.02463565340687693
2026-01-11 21:37:35.185524,5200,3593036,0.022877390598279146
2026-01-11 21:42:35.185524,4627,8643933,0.020401719454462147
2026-01-11 21:47:35.185524,3927,6413838,0.013095163921150578
2026-01-11 21:52:35.185524,4496,4899234,0.015926136848307883
2026-01-11 21:57:35.185524,3469,5306236,0.007633928390061075
2026-01-11 22:02:35.185524,5060,4176900,0.008298458402730326
2026-01-11 22:07:35.185524,4667,6189305,0.023676638423892622
2026-01-11 22:12:35.185524,3581,5733551,0.01748053193223475
2026-01-11 22:17:35.185524,4222,8299543,0.02075679216149781
2026-01-11 22:22:35.185524,4230,5103720,0.005760551761926596
2026-01-11 22:27:35.185524,3798,3136782,0.004902134156301049
2026-01-11 22:32:35.185524,3926,2081364,0.010422289371074756
2026-01-11 22:37:35.185524,3797,6354913,0.020334459652606586
2026-01-11 22:42:35.185524,3743,2294676,0.009086538155324644
2026-01-11 22:47:35.185524,4705,5964765,0.017440168041524762
2026-01-11 22:52:35.185524,4244,2265477,0.021502394506662005
2026-01-11 22:57:35.185524,3747,6853620,0.009461625725600734
2026-01-11 23:02:35.185524,4209,3565717,0.016471547109699718
2026-01-11 23:07:35.185524,3059,3324688,0.013939070633564893
2026-01-11 23:12:35.185524,3710,5043320,0.003987350760852161
2026-01-11 23:17:35.185524,4055,7143773,0.015202147148951252
2026-01-11 23:22:35.185524,3968,6495023,0.011956163586250419
2026-01-11 23:27:35.185524,4701,5389872,0.009346747786408696
2026-01-11 23:32:35.185524,3450,4176934,0.015595958738354959
2026-01-11 23:37:35.185524,3321,2392306,0.0025740193336802
2026-01-11 23:42:35.185524,3257,5850860,0.012652590498165441
2026-01-11 23:47:35.185524,3388,5726365,0.007782082832265744
2026-01-11 23:52:35.185524,4666,4611774,0.01914359670878727
2026-01-11 23:57:35.185524,3640,4825940,0.018827385695259265
2026-01-12 00:02:35.185524,3554,3258402,0.013276073602985555
2026-01-12 00:07:35.185524,3759,3703488,0.007973939210616886
2026-01-12 00:12:35.185524,4750,3839657,0.0
2026-01-12 00:17:35.185524,4529,4113698,0.0021998170511052673
2026-01-12 00:22:35.185524,3925,5721376,0.01099983048119957
2026-01-12 00:27:35.185524,2707,5353792,0.003484690183644326
2026-01-12 00:32:35.185524,3531,5187021,0.00443741569032915
2026-01-12 00:37:35.185524,3796,2756042,0.012131736390093649
2026-01-12 00:42:35.185524,3608,1966576,0.0109896456352271
2026-01-12 00:47:35.185524,3763,2275864,0.011019831450768992
2026-01-12 00:52:35.185524,2936,4521888,0.0034376878401852972
2026-01-12 00:57:35.185524,3195,5190533,0.010201758480528638
2026-01-12 01:02:35.185524,3726,7244292,0.015694410064484715
2026-01-12 01:07:35.185524,3783,5196298,0.004670429882752701
2026-01-12 01:12:35.185524,3183,3997857,0.01114039347775014
2026-01-12 01:17:35.185524,3493,4483511,0.007883705494248144
2026-01-12 01:22:35.185524,3354,6706356,0.013873832086473243
2026-01-12 01:27:35.185524,2613,2402258,0.004611203938595928
2026-01-12 01:32:35.185524,3652,6211687,0.0
2026-01-12 01:37:35.185524,2618,2409165,0.0
2026-01-12 01:42:35.185524,3692,4827711,0.011064597703869933
2026-01-12 01:47:35.185524,3645,6634149,0.014433405677696002
2026-01-12 01:52:35.185524,3486,3312585,0.012418453308517105
2026-01-12 01:57:35.185524,3513,2821638,0.0
2026-01-12 02:02:35.185524,3525,5981703,0.004878560528471319
2026-01-12 02:07:35.185524,2466,3389075,0.012594613985897162
2026-01-12 02:12:35.185524,3534,5920911,0.0030702968989897456
2026-01-12 02:17:35.185524,4632,4114759,0.0
2026-01-12 02:22:35.185524,2665,4849693,0.010693865696867063
2026-01-12 02:27:35.185524,3547,5320325,0.012959892618052552
2026-01-12 02:32:35.185524,3955,3591237,0.0
2026-01-12 02:37:35.185524,2907,1641405,0.004890504232401206
2026-01-12 02:42:35.185524,3600,4238809,0.01215892255285019
2026-01-12 02:47:35.185524,3145,5001902,0.0
2026-01-12 02:52:35.185524,3086,3382050,0.00576699802432896
2026-01-12 02:57:35.185524,2684,2697125,0.001983934768529587
2026-01-12 03:02:35.185524,3397,3497400,0.00865237830373211
2026-01-12 03:07:35.185524,3356,3262286,0.003477159512345236
2026-01-12 03:12:35.185524,4331,6816991,0.0
2026-01-12 03:17:35.185524,3186,2834116,0.0
2026-01-12 03:22:35.185524,3278,3781545,0.0
2026-01-12 03:27:35.185524,3895,4969878,0.0007593146305644328
2026-01-12 03:32:35.185524,3947,6105439,0.0
2026-01-12 03:37:35.185524,4425,4810928,0.009226896615641486
2026-01-12 03:42:35.185524,3741,4629575,0.0
2026-01-12 03:47:35.185524,3998,7446951,0.0
2026-01-12 03:52:35.185524,2772,5504567,0.0
2026-01-12 03:57:35.185524,3415,3451458,0.0001777951901638531
2026-01-12 04:02:35.185524,4371,7737835,0.009178090411615368
2026-01-12 04:07:35.185524,3943,6609452,0.007342902929941475
2026-01-12 04:12:35.185524,2825,3884708,0.00426307206309654
2026-01-12 04:17:35.185524,3972,2706337,0.0
2026-01-12 04:22:35.185524,3793,5478924,0.0
2026-01-12 04:27:35.185524,3549,5902047,0.0
2026-01-12 04:32:35.185524,4258,8091361,0.0009275528762348936
2026-01-12 04:37:35.185524,3489,6655927,0.0034326115136486413
2026-01-12 04:42:35.185524,3802,3673156,0.0
2026-01-12 04:47:35.185524,3378,1998014,0.0
2026-01-12 04:52:35.185524,3638,3073929,0.0022694237167680213
2026-01-12 04:57:35.185524,4112,6080987,0.0005603561375248072
2026-01-12 05:02:35.185524,3879,6095916,0.0028890059226567757
2026-01-12 05:07:35.185524,3540,3016033,0.006800019492973446
2026-01-12 05:12:35.185524,3159,3696167,0.0
2026-01-12 05:17:35.185524,3356,2175098,0.0
2026-01-12 05:22:35.185524,4223,3689233,0.00623220515865351
2026-01-12 05:27:35.185524,4847,6245027,0.0
2026-01-12 05:32:35.185524,4652,3296327,0.0
2026-01-12 05:37:35.185524,5075,6289328,0.0
2026-01-12 05:42:35.185524,4041,2758311,0.0
2026-01-12 05:47:35.185524,4764,2940269,0.0
2026-01-12 05:52:35.185524,4480,3074500,0.0
2026-01-12 05:57:35.185524,4605,3939742,0.0
2026-01-12 06:02:35.185524,4513,4275269,0.0014472420605409816
2026-01-12 06:07:35.185524,4516,7575179,0.0
2026-01-12 06:12:35.185524,4615,4829703,0.0
2026-01-12 06:17:35.185524,5222,7156143,0.0
2026-01-12 06:22:35.185524,3954,7127585,0.0
2026-01-12 06:27:35.185524,5191,6864822,0.0
2026-01-12 06:32:35.185524,4252,6127228,0.0
2026-01-12 06:37:35.185524,5503,6327951,0.0
2026-01-12 06:42:35.185524,4144,5056252,0.0
2026-01-12 06:47:35.185524,4306,6258597,0.0
2026-01-12 06:52:35.185524,5354,4975625,0.0
2026-01-12 06:57:35.185524,5042,3903203,0.0
2026-01-12 07:02:35.185524,5007,5961634,0.0
2026-01-12 07:07:35.185524,4453,7206770,0.0
2026-01-12 07:12:35.185524,4275,4648572,0.0
2026-01-12 07:17:35.185524,4769,4556182,0.0
2026-01-12 07:22:35.185524,4369,4555598,0.0
2026-01-12 07:27:35.185524,6009,7772428,0.0
2026-01-12 07:32:35.185524,5949,5164478,0.0
2026-01-12 07:37:35.185524,4896,8978183,0.0
2026-01-12 07:42:35.185524,5439,9687235,0.0
2026-01-12 07:47:35.185524,5375,8823854,0.0
2026-01-12 07:52:35.185524,4921,4275478,0.0
2026-01-12 07:57:35.185524,4605,2729068,0.0
2026-01-12 08:02:35.185524,5547,4169869,0.0
2026-01-12 08:07:35.185524,5016,8712587,0.0
2026-01-12 08:12:35.185524,5969,6829401,0.0
2026-01-12 08:17:35.185524,6203,3780081,0.0
2026-01-12 08:22:35.185524,5746,7151129,0.0
2026-01-12 08:27:35.185524,4729,5993644,0.0
2026-01-12 08:32:35.185524,5398,10066477,0.0
2026-01-12 08:37:35.185524,5802,4443199,0.0
2026-01-12 08:42:35.185524,6140,7237758,0.0
2026-01-12 08:47:35.185524,5333,6604660,0.0
2026-01-12 08:52:35.185524,6269,5292480,0.0
2026-01-12 08:57:35.185524,5206,9083943,0.0
2026-01-12 09:02:35.185524,6187,8207027,0.0
2026-01-12 09:07:35.185524,5596,5999384,0.0
2026-01-12 09:12:35.185524,6757,6811586,0.0
2026-01-12 09:17:35.185524,6436,6754112,0.0
2026-01-12 09:22:35.185524,6005,7104879,0.0
2026-01-12 09:27:35.185524,6414,6878109,0.0
2026-01-12 09:32:35.185524,6079,11238857,0.0
2026-01-12 09:37:35.185524,6046,9342010,0.0
2026-01-12 09:42:35.185524,6003,6992756,0.0
2026-01-12 09:47:35.185524,5979,10099921,0.0
2026-01-12 09:52:35.185524,6097,4847505,0.0
2026-01-12 09:57:35.185524,6307,6949704,0.0
2026-01-12 10:02:35.185524,7127,8918398,0.0
2026-01-12 10:07:35.185524,6861,12915239,0.0
2026-01-12 10:12:35.185524,6529,4471627,0.0
2026-01-12 10:17:35.185524,5998,8363713,0.0
2026-01-12 10:22:35.185524,7385,4034714,0.0
2026-01-12 10:27:35.185524,6930,7971390,0.0
2026-01-12 10:32:35.185524,6511,8316467,0.0
2026-01-12 10:37:35.185524,7398,11034319,0.0
2026-01-12 10:42:35.185524,6995,11579095,0.0
2026-01-12 10:47:35.185524,6854,9647389,0.0
2026-01-12 10:52:35.185524,6133,10949942,0.0
2026-01-12 10:57:35.185524,6559,5415821,0.0
2026-01-12 11:02:35.185524,8038,6975604,0.0
2026-01-12 11:07:35.185524,7329,5904377,0.0
2026-01-12 11:12:35.185524,7158,10713767,0.0
2026-01-12 11:17:35.185524,7017,9999129,0.0
2026-01-12 11:22:35.185524,6400,5932056,0.0
2026-01-12 11:27:35.185524,6652,8120357,0.0
2026-01-12 11:32:35.185524,7069,7863850,0.0
2026-01-12 11:37:35.185524,6819,7477560,0.0
2026-01-12 11:42:35.185524,7449,8742341,0.0
2026-01-12 11:47:35.185524,6893,4151556,0.0
2026-01-12 11:52:35.185524,7574,14194190,0.0
2026-01-12 11:57:35.185524,6765,5787601,0.0
2026-01-12 12:02:35.185524,6740,7758422,0.0
2026-01-12 12:07:35.185524,7026,9933447,0.0
2026-01-12 12:12:35.185524,6717,9551814,0.0
2026-01-12 12:17:35.185524,8236,12993719,0.0
2026-01-12 12:22:35.185524,8022,13739438,0.0
2026-01-12 12:27:35.185524,7261,12365125,0.0
2026-01-12 12:32:35.185524,7798,9665239,0.0
2026-01-12 12:37:35.185524,6663,13313035,0.0
2026-01-12 12:42:35.185524,7605,5919656,0.0
2026-01-12 12:47:35.185524,6258,9129063,0.0
2026-01-12 12:52:35.185524,7098,10872835,0.0
2026-01-12 12:57:35.185524,7509,9874853,0.0
2026-01-12 13:02:35.185524,7306,6390901,0.0
2026-01-12 13:07:35.185524,7785,4737772,0.0
2026-01-12 13:12:35.185524,7239,3761366,0.0
2026-01-12 13:17:35.185524,7877,9864987,0.0
2026-01-12 13:22:35.185524,6897,6352252,0.0
2026-01-12 13:27:35.185524,7421,9653719,0.0
2026-01-12 13:32:35.185524,7768,4405152,0.0
2026-01-12 13:37:35.185524,6576,9459374,0.0
2026-01-12 13:42:35.185524,6514,7117266,0.0
2026-01-12 13:47:35.185524,7288,4531203,0.0
2026-01-12 13:52:35.185524,6689,5341724,0.0
2026-01-12 13:57:35.185524,7164,11262561,0.0
2026-01-12 14:02:35.185524,7758,9262866,0.0
2026-01-12 14:07:35.185524,7612,10715406,0.0
2026-01-12 14:12:35.185524,7678,3968042,0.0
2026-01-12 14:17:35.185524,7220,5058271,0.0
2026-01-12 14:22:35.185524,7760,13227753,0.0
2026-01-12 14:27:35.185524,6970,10622077,0.0
2026-01-12 14:32:35.185524,7705,14490756,0.0
2026-01-12 14:37:35.185524,7194,7981970,0.0
2026-01-12 14:42:35.185524,6666,8042646,0.0
2026-01-12 14:47:35.185524,6925,10490732,0.0
2026-01-12 14:52:35.185524,7276,13468053,0.0
2026-01-12 14:57:35.185524,7307,8708896,0.0
2026-01-12 15:02:35.185524,6999,9666932,0.0
2026-01-12 15:07:35.185524,7163,12610303,0.0
2026-01-12 15:12:35.185524,6889,11232531,0.0
2026-01-12 15:17:35.185524,6740,10650930,0.0
2026-01-12 15:22:35.185524,7417,6304249,0.0
2026-01-12 15:27:35.185524,7053,13259131,0.0
2026-01-12 15:32:35.185524,7082,9863338,0.0
2026-01-12 15:37:35.185524,8179,11627841,0.0
2026-01-12 15:42:35.185524,6614,11762718,0.0
2026-01-12 15:47:35.185524,6996,4736652,0.0
2026-01-12 15:52:35.185524,7360,14212701,0.0
2026-01-12 15:57:35.185524,7494,11500521,0.0
2026-01-12 16:02:35.185524,6035,7754899,0.0
2026-01-12 16:07:35.185524,7431,6130506,0.0
2026-01-12 16:12:35.185524,6509,4785346,0.0
2026-01-12 16:17:35.185524,7403,11060457,0.0
2026-01-12 16:22:35.185524,7486,11338329,0.0
2026-01-12 16:27:35.185524,6558,12225642,0.0
2026-01-12 16:32:35.185524,6427,10762415,0.0
2026-01-12 16:37:35.185524,6353,11962195,0.0
2026-01-12 16:42:35.185524,6945,10740874,0.0
2026-01-12 16:47:35.185524,6672,7763949,0.0
2026-01-12 16:52:35.185524,7036,11920195,0.0
2026-01-12 16:57:35.185524,6679,9437684,0.0
2026-01-12 17:02:35.185524,7397,9092529,0.0
2026-01-12 17:07:35.185524,6510,7874097,0.0
2026-01-12 17:12:35.185524,6519,3491813,0.0
2026-01-12 17:17:35.185524,6698,10612053,0.0
2026-01-12 17:22:35.185524,6219,9992919,0.0
2026-01-12 17:27:35.185524,6298,8351533,0.0
2026-01-12 17:32:35.185524,6235,5714843,0.0
2026-01-12 17:37:35.185524,6129,4221043,0.0
2026-01-12 17:42:35.185524,6579,7786573,0.0
2026-01-12 17:47:35.185524,5924,9415911,0.0
2026-01-12 17:52:35.185524,6823,6164040,0.0
2026-01-12 17:57:35.185524,6879,11557627,0.0
2026-01-12 18:02:35.185524,5509,5449021,0.0
2026-01-12 18:07:35.185524,7212,9096039,0.0
2026-01-12 18:12:35.185524,6198,6083849,0.0
2026-01-12 18:17:35.185524,5671,10884110,0.0
2026-01-12 18:22:35.185524,5736,6904127,0.0
2026-01-12 18:27:35.185524,6783,7739889,0.0
2026-01-12 18:32:35.185524,6212,7593868,0.0
2026-01-12 18:37:35.185524,5731,7545491,0.0
2026-01-12 18:42:35.185524,6952,8296623,0.0
2026-01-12 18:47:35.185524,7194,3929276,0.0
2026-01-12 18:52:35.185524,5416,7949120,0.0
2026-01-12 18:57:35.185524,6349,6967068,0.0
2026-01-12 19:02:35.185524,6258,4991493,0.0
2026-01-12 19:07:35.185524,5548,10256169,0.0
2026-01-12 19:12:35.185524,6525,9425184,0.0
2026-01-12 19:17:35.185524,6412,4959530,0.0
2026-01-12 19:22:35.185524,6101,5738047,0.0
2026-01-12 19:27:35.185524,5952,6954084,0.0
2026-01-12 19:32:35.185524,5396,5978104,0.0
2026-01-12 19:37:35.185524,5215,6233170,0.0
2026-01-12 19:42:35.185524,5239,4547818,0.0
2026-01-12 19:47:35.185524,4804,5757680,0.0
2026-01-12 19:52:35.185524,4701,9214580,0.0
2026-01-12 19:57:35.185524,5974,6082398,0.0
2026-01-12 20:02:35.185524,4949,6301200,0.0
2026-01-12 20:07:35.185524,5673,7850028,0.0
2026-01-12 20:12:35.185524,5116,6127253,0.0
2026-01-12 20:17:35.185524,5736,3649844,0.0
2026-01-12 20:22:35.185524,5127,7956960,0.0
2026-01-12 20:27:35.185524,4727,8064038,0.0
2026-01-12 20:32:35.185524,4712,4146742,0.0
2026-01-12 20:37:35.185524,4963,9295238,0.0
2026-01-12 20:42:35.185524,6094,3181711,0.0
2026-01-12 20:47:35.185524,4445,8405315,0.0
2026-01-12 20:52:35.185524,5002,4655792,0.0
2026-01-12 20:57:35.185524,3896,2587405,0.0
2026-01-12 21:02:35.185524,5802,10969564,0.0
2026-01-12 21:07:35.185524,5267,5862493,0.0
2026-01-12 21:12:35.185524,4855,4290603,0.0
2026-01-12 21:17:35.185524,4651,9118736,0.0
2026-01-12 21:22:35.185524,4657,6793250,0.0
2026-01-12 21:27:35.185524,4104,3913165,0.0
2026-01-12 21:32:35.185524,3934,2756306,0.0
2026-01-12 21:37:35.185524,4834,5513377,0.0
2026-01-12 21:42:35.185524,4403,8294983,0.0
2026-01-12 21:47:35.185524,3557,5757003,0.0
2026-01-12 21:52:35.185524,4066,3918477,0.0
2026-01-12 21:57:35.185524,3649,5085908,0.0
2026-01-12 22:02:35.185524,4302,3085737,0.0
2026-01-12 22:07:35.185524,3973,6941780,0.0
2026-01-12 22:12:35.185524,4718,7064574,0.0
2026-01-12 22:17:35.185524,3559,5962758,0.0
2026-01-12 22:22:35.185524,3123,5931091,0.0
2026-01-12 22:27:35.185524,4946,8229257,0.0
2026-01-12 22:32:35.185524,3710,7147180,0.0
2026-01-12 22:37:35.185524,3636,2176374,0.0
2026-01-12 22:42:35.185524,4376,6304136,0.0
2026-01-12 22:47:35.185524,4415,8026488,0.0
2026-01-12 22:52:35.185524,4069,7609036,0.0
2026-01-12 22:57:35.185524,2935,2874772,0.0
2026-01-12 23:02:35.185524,4330,7898430,0.0
2026-01-12 23:07:35.185524,2872,4267810,0.0
2026-01-12 23:12:35.185524,4406,2449012,0.0
2026-01-12 23:17:35.185524,3551,2730074,0.0
2026-01-12 23:22:35.185524,4642,4944049,0.0
2026-01-12 23:27:35.185524,3729,4470519,0.0
2026-01-12 23:32:35.185524,2852,4890564,0.0
2026-01-12 23:37:35.185524,3764,7066783,0.0
2026-01-12 23:42:35.185524,3695,4734668,0.0
2026-01-12 23:47:35.185524,4128,2784849,0.0
2026-01-12 23:52:35.185524,4259,5906617,0.0
2026-01-12 23:57:35.185524,2815,5230811,0.0
2026-01-13 00:02:35.185524,3024,4649617,0.0
2026-01-13 00:07:35.185524,3727,6887887,0.0
2026-01-13 00:12:35.185524,3812,6979952,0.0
2026-01-13 00:17:35.185524,3315,6337173,0.0
2026-01-13 00:22:35.185524,3490,5842943,0.0
2026-01-13 00:27:35.185524,3963,7750729,0.0
2026-01-13 00:32:35.185524,4010,7189738,0.0
2026-01-13 00:37:35.185524,3857,5761066,0.0
2026-01-13 00:42:35.185524,3037,3350749,0.0
2026-01-13 00:47:35.185524,3573,3015984,0.0
2026-01-13 00:52:35.185524,4218,4647740,0.0
2026-01-13 00:57:35.185524,3383,4805366,0.0
2026-01-13 01:02:35.185524,3544,5953374,0.0
2026-01-13 01:07:35.185524,3738,6056398,0.0
2026-01-13 01:12:35.185524,2464,3185341,0.0
2026-01-13 01:17:35.185524,3211,4954784,0.0
2026-01-13 01:22:35.185524,3399,3815270,0.0
2026-01-13 01:27:35.185524,3839,3949862,0.0
2026-01-13 01:32:35.185524,3326,2881142,0.0
2026-01-13 01:37:35.185524,4064,4892084,0.0
2026-01-13 01:42:35.185524,3721,2912503,0.0
2026-01-13 01:47:35.185524,3464,5496961,0.0
2026-01-13 01:52:35.185524,2722,5343023,0.0
2026-01-13 01:57:35.185524,3601,6370164,0.0
2026-01-13 02:02:35.185524,3960,7745820,0.0
2026-01-13 02:07:35.185524,3430,4064813,0.0
2026-01-13 02:12:35.185524,2548,4041946,0.0
2026-01-13 02:17:35.185524,3786,6493134,0.0
2026-01-13 02:22:35.185524,3969,3108296,0.0
2026-01-13 02:27:35.185524,4100,7893365,0.0
2026-01-13 02:32:35.185524,3203,4621049,0.0
2026-01-13 02:37:35.185524,3294,1877989,0.0
2026-01-13 02:42:35.185524,4162,5716905,0.0
2026-01-13 02:47:35.185524,2594,3611408,0.0
2026-01-13 02:52:35.185524,4816,4827699,0.0
2026-01-13 02:57:35.185524,2669,3060692,0.0
2026-01-13 03:02:35.185524,3285,6494626,0.0
2026-01-13 03:07:35.185524,3594,6439227,0.0
2026-01-13 03:12:35.185524,4325,5057376,0.0
2026-01-13 03:17:35.185524,3570,4366043,0.0
2026-01-13 03:22:35.185524,3437,2084710,0.0
2026-01-13 03:27:35.185524,3166,2471410,0.0
2026-01-13 03:32:35.185524,3942,3968011,0.0
2026-01-13 03:37:35.185524,3744,6481800,0.0
2026-01-13 03:42:35.185524,3503,2508723,0.0
2026-01-13 03:47:35.185524,3769,7516966,0.0
2026-01-13 03:52:35.185524,3650,3696078,0.0
2026-01-13 03:57:35.185524,4117,8177429,0.0
2026-01-13 04:02:35.185524,3191,5042256,0.0
2026-01-13 04:07:35.185524,3247,2984280,0.0
2026-01-13 04:12:35.185524,3457,5131254,0.0
2026-01-13 04:17:35.185524,3379,4541340,0.0
2026-01-13 04:22:35.185524,4291,4997051,0.0
2026-01-13 04:27:35.185524,3171,6111959,0.0
2026-01-13 04:32:35.185524,4078,3513538,0.0
2026-01-13 04:37:35.185524,3081,5337320,0.0
2026-01-13 04:42:35.185524,3456,4547501,0.0
2026-01-13 04:47:35.185524,4150,3752015,0.0
2026-01-13 04:52:35.185524,3998,6886220,0.0
2026-01-13 04:57:35.185524,4838,4873139,0.0
2026-01-13 05:02:35.185524,4142,7717393,0.0
2026-01-13 05:07:35.185524,3578,6110132,0.0
2026-01-13 05:12:35.185524,4175,4301807,0.0
2026-01-13 05:17:35.185524,3991,2084925,0.0
2026-01-13 05:22:35.185524,4599,8895667,0.0
2026-01-13 05:27:35.185524,3436,5073751,0.0
2026-01-13 05:32:35.185524,3951,6626836,0.0
2026-01-13 05:37:35.185524,4368,6009736,0.0
2026-01-13 05:42:35.185524,3437,5052611,0.0
2026-01-13 05:47:35.185524,4065,6769682,0.0
2026-01-13 05:52:35.185524,3566,3748371,0.0
2026-01-13 05:57:35.185524,5122,4563585,0.0
2026-01-13 06:02:35.185524,4426,8022932,0.0
2026-01-13 06:07:35.185524,4939,7344087,0.0
2026-01-13 06:12:35.185524,4125,7235981,0.0
2026-01-13 06:17:35.185524,5357,3433761,0.0
2026-01-13 06:22:35.185524,4466,2912843,0.0
2026-01-13 06:27:35.185524,3969,2985613,0.0
2026-01-13 06:32:35.185524,5337,8130438,0.0
2026-01-13 06:37:35.185524,3467,4183894,0.0
2026-01-13 06:42:35.185524,4770,6287806,0.0
2026-01-13 06:47:35.185524,4608,6201612,0.0
2026-01-13 06:52:35.185524,4677,5431612,0.0
2026-01-13 06:57:35.185524,5782,10220930,0.0
2026-01-13 07:02:35.185524,4735,6825820,0.0
2026-01-13 07:07:35.185524,5257,5767154,0.0
2026-01-13 07:12:35.185524,5213,6899888,0.0
2026-01-13 07:17:35.185524,5020,8135054,0.0
2026-01-13 07:22:35.185524,5061,6815838,0.0
2026-01-13 07:27:35.185524,5346,5044298,0.0
2026-01-13 07:32:35.185524,5693,6799862,0.0
2026-01-13 07:37:35.185524,5063,7402977,0.0
2026-01-13 07:42:35.185524,5415,9795177,0.0
2026-01-13 07:47:35.185524,5989,7315111,0.0
2026-01-13 07:52:35.185524,5361,3125387,0.0
2026-01-13 07:57:35.185524,5223,6327158,0.0
2026-01-13 08:02:35.185524,5656,9087502,0.0
2026-01-13 08:07:35.185524,5526,7179718,0.0
2026-01-13 08:12:35.185524,6090,9475844,0.0
2026-01-13 08:17:35.185524,4883,7624446,0.0
2026-01-13 08:22:35.185524,5521,4656021,0.0
2026-01-13 08:27:35.185524,5351,3843293,0.0
2026-01-13 08:32:35.185524,5694,3022243,0.0
2026-01-13 08:37:35.185524,6005,6020327,0.0
2026-01-13 08:42:35.185524,5936,7068634,0.0
2026-01-13 08:47:35.185524,4994,4119804,0.0
2026-01-13 08:52:35.185524,6399,10394600,0.0
2026-01-13 08:57:35.185524,5698,9962586,0.0
2026-01-13 09:02:35.185524,6903,7103363,0.0
2026-01-13 09:07:35.185524,5427,7961436,0.0
2026-01-13 09:12:35.185524,6975,8579071,0.0
2026-01-13 09:17:35.185524,6198,7238141,0.0
2026-01-13 09:22:35.185524,6311,10888596,0.0
2026-01-13 09:27:35.185524,5787,10101412,0.0
2026-01-13 09:32:35.185524,6077,8830455,0.0
2026-01-13 09:37:35.185524,6029,5954106,0.0
2026-01-13 09:42:35.185524,6988,8077068,0.0
2026-01-13 09:47:35.185524,6037,9706731,0.0
2026-01-13 09:52:35.185524,6424,6087063,0.0
2026-01-13 09:57:35.185524,6038,10458395,0.0
2026-01-13 10:02:35.185524,7028,7614609,0.0
2026-01-13 10:07:35.185524,6117,6276627,0.0
2026-01-13 10:12:35.185524,6652,12483233,0.0
2026-01-13 10:17:35.185524,6565,11499538,0.0
2026-01-13 10:22:35.185524,5888,11534628,0.0
2026-01-13 10:27:35.185524,6811,4770667,0.0
2026-01-13 10:32:35.185524,7031,9473787,0.0
2026-01-13 10:37:35.185524,6824,6338753,0.0
2026-01-13 10:42:35.185524,6612,5594999,0.0
2026-01-13 10:47:35.185524,7137,12036063,0.0
2026-01-13 10:52:35.185524,6914,10359397,0.0
2026-01-13 10:57:35.185524,7899,12927646,0.0
2026-01-13 11:02:35.185524,6285,4647069,0.0
2026-01-13 11:07:35.185524,6935,11084453,0.0
2026-01-13 11:12:35.185524,6774,5609971,0.0
2026-01-13 11:17:35.185524,7081,4074918,0.0
2026-01-13 11:22:35.185524,7351,8684527,0.0
2026-01-13 11:27:35.185524,7639,12715865,0.0
2026-01-13 11:32:35.185524,7548,6215220,0.0
2026-01-13 11:37:35.185524,6559,4867655,0.0
2026-01-13 11:42:35.185524,7208,7286982,0.0
2026-01-13 11:47:35.185524,7858,4810379,0.0
2026-01-13 11:52:35.185524,6178,4562260,0.0
2026-01-13 11:57:35.185524,7338,12367664,0.0
2026-01-13 12:02:35.185524,6601,7304001,0.0
2026-01-13 12:07:35.185524,7325,7417958,0.0
2026-01-13 12:12:35.185524,7528,14475488,0.0
2026-01-13 12:17:35.185524,6317,9603635,0.0
2026-01-13 12:22:35.185524,6656,11261387,0.0
2026-01-13 12:27:35.185524,6295,4056332,0.0
2026-01-13 12:32:35.185524,7236,7118822,0.0
2026-01-13 12:37:35.185524,7726,6326089,0.0
2026-01-13 12:42:35.185524,7232,8683033,0.0
2026-01-13 12:47:35.185524,7030,11366029,0.0
2026-01-13 12:52:35.185524,7268,5579140,0.0
2026-01-13 12:57:35.185524,8781,9973935,0.0
2026-01-13 13:02:35.185524,7451,4811210,0.0
2026-01-13 13:07:35.185524,7142,9597102,0.0
2026-01-13 13:12:35.185524,7300,4927605,0.0
2026-01-13 13:17:35.185524,7431,5716306,0.0
2026-01-13 13:22:35.185524,6611,4741019,0.0
2026-01-13 13:27:35.185524,7557,14845546,0.0
2026-01-13 13:32:35.185524,7247,13905323,0.0
2026-01-13 13:37:35.185524,7440,4443478,0.0
2026-01-13 13:42:35.185524,6976,6619184,0.0
2026-01-13 13:47:35.185524,7200,4364970,0.0
2026-01-13 13:52:35.185524,7577,10645582,0.0
2026-01-13 13:57:35.185524,6999,6589314,0.0
2026-01-13 14:02:35.185524,7626,13501506,0.0
2026-01-13 14:07:35.185524,6777,8369517,0.0
2026-01-13 14:12:35.185524,7915,6371573,0.0
2026-01-13 14:17:35.185524,6694,4960160,0.0
2026-01-13 14:22:35.185524,8220,4642159,0.0
2026-01-13 14:27:35.185524,6352,6730464,0.0
2026-01-13 14:32:35.185524,7683,4076402,0.0
2026-01-13 14:37:35.185524,7270,13585231,0.0
2026-01-13 14:42:35.185524,6289,6307379,0.0
2026-01-13 14:47:35.185524,7348,11088452,0.0
2026-01-13 14:52:35.185524,7231,3633838,0.0
2026-01-13 14:57:35.185524,6874,3645251,0.0
2026-01-13 15:02:35.185524,7766,15103426,0.0
2026-01-13 15:07:35.185524,7258,11750523,0.0
2026-01-13 15:12:35.185524,7144,5800578,0.0
2026-01-13 15:17:35.185524,7098,4342283,0.0
2026-01-13 15:22:35.185524,7129,9836518,0.0
2026-01-13 15:27:35.185524,8239,13581643,0.0
2026-01-13 15:32:35.185524,6749,8226942,0.0
2026-01-13 15:37:35.185524,7091,9236272,0.0
2026-01-13 15:42:35.185524,6781,9281934,0.0
2026-01-13 15:47:35.185524,7034,6402045,0.0
2026-01-13 15:52:35.185524,7080,5164324,0.0
2026-01-13 15:57:35.185524,7820,6988791,0.0
2026-01-13 16:02:35.185524,7260,7538933,0.0
2026-01-13 16:07:35.185524,7604,12914557,0.0
2026-01-13 16:12:35.185524,7719,12461787,0.0
2026-01-13 16:17:35.185524,6754,12153480,0.0
2026-01-13 16:22:35.185524,6401,12466596,0.0
2026-01-13 16:27:35.185524,6510,8746368,0.0
2026-01-13 16:32:35.185524,7210,4050639,0.0
2026-01-13 16:37:35.185524,7194,8925947,0.0
2026-01-13 16:42:35.185524,6434,4458714,0.0
2026-01-13 16:47:35.185524,7006,10299496,0.0
2026-01-13 16:52:35.185524,7003,10429117,0.0
2026-01-13 16:57:35.185524,6807,11451887,0.0
2026-01-13 17:02:35.185524,6603,8314156,0.0
2026-01-13 17:07:35.185524,6673,11166988,0.0
2026-01-13 17:12:35.185524,7389,9394405,0.0
2026-01-13 17:17:35.185524,6355,5772004,0.0
2026-01-13 17:22:35.185524,6760,4083127,0.0
2026-01-13 17:27:35.185524,6842,10334513,0.0
2026-01-13 17:32:35.185524,6736,6593101,0.0
2026-01-13 17:37:35.185524,7014,11827306,0.0
2026-01-13 17:42:35.185524,7017,5483149,0.0
2026-01-13 17:47:35.185524,6078,7823011,0.0
2026-01-13 17:52:35.185524,5750,3403694,0.0
2026-01-13 17:57:35.185524,7412,10745183,0.0
2026-01-13 18:02:35.185524,6864,4084627,0.0
2026-01-13 18:07:35.185524,6952,4229632,0.0
2026-01-13 18:12:35.185524,6579,9843318,0.0
2026-01-13 18:17:35.185524,6411,9448602,0.0
2026-01-13 18:22:35.185524,7072,4203269,0.0
2026-01-13 18:27:35.185524,6560,4512847,0.0
2026-01-13 18:32:35.185524,5513,6860379,0.0
2026-01-13 18:37:35.185524,5977,11047678,0.0
2026-01-13 18:42:35.185524,7158,10528776,0.0
2026-01-13 18:47:35.185524,7075,6563819,0.0
2026-01-13 18:52:35.185524,6270,12502804,0.0
2026-01-13 18:57:35.185524,6213,4102062,0.0
2026-01-13 19:02:35.185524,6358,7805080,0.0
2026-01-13 19:07:35.185524,5578,6956237,0.0
2026-01-13 19:12:35.185524,5590,3830374,0.0
2026-01-13 19:17:35.185524,6490,9767748,0.0
2026-01-13 19:22:35.185524,5548,4404210,0.0
2026-01-13 19:27:35.185524,5903,5005480,0.0
2026-01-13 19:32:35.185524,6075,8051997,0.0
2026-01-13 19:37:35.185524,5106,7390575,0.0
2026-01-13 19:42:35.185524,5089,5128690,0.0
2026-01-13 19:47:35.185524,5965,5437961,0.0
2026-01-13 19:52:35.185524,6178,8628432,0.0
2026-01-13 19:57:35.185524,4597,7286631,0.0
2026-01-13 20:02:35.185524,5685,11228079,0.0
2026-01-13 20:07:35.185524,5492,5998855,0.0
2026-01-13 20:12:35.185524,5027,7711396,0.0
2026-01-13 20:17:35.185524,5044,6240405,0.0
2026-01-13 20:22:35.185524,5696,11016687,0.0
2026-01-13 20:27:35.185524,5435,6444263,0.0
2026-01-13 20:32:35.185524,5454,7834034,0.0
2026-01-13 20:37:35.185524,5275,4628064,0.0
2026-01-13 20:42:35.185524,4374,2399266,0.0
2026-01-13 20:47:35.185524,4019,2355462,0.0
2026-01-13 20:52:35.185524,5212,5968514,0.0004768807144357127
2026-01-13 20:57:35.185524,4913,4123523,0.0
2026-01-13 21:02:35.185524,4630,8146316,0.00018396451674593424
2026-01-13 21:07:35.185524,4486,6660142,0.0
2026-01-13 21:12:35.185524,4495,2689058,0.0
2026-01-13 21:17:35.185524,4499,3711278,0.0
2026-01-13 21:22:35.185524,5885,11072071,0.0
2026-01-13 21:27:35.185524,4389,4181719,0.0
2026-01-13 21:32:35.185524,4294,8043327,0.0
2026-01-13 21:37:35.185524,4140,7354691,0.0033139021185679875
2026-01-13 21:42:35.185524,3845,2395633,0.0
2026-01-13 21:47:35.185524,4978,8934208,0.0
2026-01-13 21:52:35.185524,5186,8647906,0.0
2026-01-13 21:57:35.185524,4606,8903616,0.0001226092021316856
2026-01-13 22:02:35.185524,5382,5561851,0.0
2026-01-13 22:07:35.185524,4431,8251548,0.0012357957772964456
2026-01-13 22:12:35.185524,4723,8121256,0.0
2026-01-13 22:17:35.185524,3246,2817672,0.0
2026-01-13 22:22:35.185524,3526,5365200,0.004246796898019585
2026-01-13 22:27:35.185524,3895,5381779,0.0
2026-01-13 22:32:35.185524,3982,5355550,0.0
2026-01-13 22:37:35.185524,4504,6622092,0.0
2026-01-13 22:42:35.185524,4272,5157791,0.0
2026-01-13 22:47:35.185524,4314,7587663,0.0
2026-01-13 22:52:35.185524,4625,4353750,0.0
2026-01-13 22:57:35.185524,4468,5550122,0.0
2026-01-13 23:02:35.185524,4377,4551049,0.0
2026-01-13 23:07:35.185524,4121,6787242,0.001794717559362672
2026-01-13 23:12:35.185524,3300,5171972,0.0
2026-01-13 23:17:35.185524,4169,7370241,0.0
2026-01-13 23:22:35.185524,3726,2656810,0.003914388295084658
2026-01-13 23:27:35.185524,3797,7287333,0.0
2026-01-13 23:32:35.185524,4534,2628327,0.003842106468391733
2026-01-13 23:37:35.185524,4151,5871858,0.00642981362160037
2026-01-13 23:42:35.185524,3487,3466233,0.006570173632457528
2026-01-13 23:47:35.185524,3746,3769374,0.0
2026-01-13 23:52:35.185524,2825,2643712,0.005360099919786131
2026-01-13 23:57:35.185524,3861,3400604,0.00435606146133851
2026-01-14 00:02:35.185524,3372,5659965,0.0
2026-01-14 00:07:35.185524,3959,4795356,0.0
2026-01-14 00:12:35.185524,3657,2883228,0.005275512289494921
2026-01-14 00:17:35.185524,3481,6738006,0.001318405497463494
2026-01-14 00:22:35.185524,4065,7320217,0.006460011750852328
2026-01-14 00:27:35.185524,3491,6146573,0.009490072543586582
2026-01-14 00:32:35.185524,3929,2715622,0.0
2026-01-14 00:37:35.185524,3530,6407323,0.0008054230585187745
2026-01-14 00:42:35.185524,3342,2396052,0.00536488395037924
2026-01-14 00:47:35.185524,3377,5708819,0.0
2026-01-14 00:52:35.185524,3084,1986662,0.009051166089503125
2026-01-14 00:57:35.185524,4007,4169202,0.006638235490792713
2026-01-14 01:02:35.185524,3101,5455622,0.0
2026-01-14 01:07:35.185524,3225,4115610,0.0019274733913932692
2026-01-14 01:12:35.185524,3288,3897917,0.010974587539308108
2026-01-14 01:17:35.185524,4181,6382060,0.0
2026-01-14 01:22:35.185524,3772,3983869,1.0455921032021843e-05
2026-01-14 01:27:35.185524,3766,5201097,0.0
2026-01-14 01:32:35.185524,3501,2725881,0.0
2026-01-14 01:37:35.185524,2853,3921789,0.01319706413950607
2026-01-14 01:42:35.185524,3719,2235084,0.013398504664151474
2026-01-14 01:47:35.185524,3554,2284500,0.0
2026-01-14 01:52:35.185524,3139,4083504,0.0
2026-01-14 01:57:35.185524,2724,1753187,0.005145717006910171
2026-01-14 02:02:35.185524,3186,1700956,0.0
2026-01-14 02:07:35.185524,4723,3122173,0.00933414180341497
2026-01-14 02:12:35.185524,3663,3807388,0.0
2026-01-14 02:17:35.185524,2830,1553420,0.004414440125539123
2026-01-14 02:22:35.185524,3398,2999685,0.007845729232580532
2026-01-14 02:27:35.185524,3104,2695789,0.0003728403542725455
2026-01-14 02:32:35.185524,3164,4421762,0.0
2026-01-14 02:37:35.185524,4352,7285751,0.001642260296728237
2026-01-14 02:42:35.185524,3573,7003255,0.004268072683657524
2026-01-14 02:47:35.185524,3861,4483888,0.0028728672529853725
2026-01-14 02:52:35.185524,3103,5281178,0.011873919733472602
2026-01-14 02:57:35.185524,3589,6716234,0.016145139299320807
2026-01-14 03:02:35.185524,3051,6009647,0.0
2026-01-14 03:07:35.185524,2988,3383994,0.013165337577372226
2026-01-14 03:12:35.185524,3481,5370206,0.007146995449891155
2026-01-14 03:17:35.185524,3203,2773906,0.012067682233905473
2026-01-14 03:22:35.185524,3606,6734579,0.0
2026-01-14 03:27:35.185524,4029,6262632,0.002909383548949834
2026-01-14 03:32:35.185524,3285,2841491,0.014957751332610856
2026-01-14 03:37:35.185524,3552,6108596,0.017694805268933043
2026-01-14 03:42:35.185524,4118,2754921,0.0048860192908100055
2026-01-14 03:47:35.185524,3058,5870424,0.0018591763378915738
2026-01-14 03:52:35.185524,3169,2109184,0.011259282032440717
2026-01-14 03:57:35.185524,3551,5172681,0.009710867307559904
2026-01-14 04:02:35.185524,4595,4981302,0.018262039677252533
2026-01-14 04:07:35.185524,3554,4753549,0.013613787441398363
2026-01-14 04:12:35.185524,3518,5162799,0.0065692894588644
2026-01-14 04:17:35.185524,3425,3202195,0.011112105709367763
2026-01-14 04:22:35.185524,3320,5060146,0.0179855950809756
2026-01-14 04:27:35.185524,4078,3181820,0.006948091232522335
2026-01-14 04:32:35.185524,3952,3965644,0.014099269520228911
2026-01-14 04:37:35.185524,3465,5323098,0.01574074723396147
2026-01-14 04:42:35.185524,3719,5694092,0.01807117586910073
2026-01-14 04:47:35.185524,4048,4544218,0.015234578660083467
2026-01-14 04:52:35.185524,4286,6466721,0.004970821866528757
2026-01-14 04:57:35.185524,3971,2900142,0.019676241515578966
2026-01-14 05:02:35.185524,4247,6769623,0.006337602374285232
2026-01-14 05:07:35.185524,4314,5603206,0.014948888914546514
2026-01-14 05:12:35.185524,3980,2985381,0.014769151366172519
2026-01-14 05:17:35.185524,4537,6977465,0.018543264460030445
2026-01-14 05:22:35.185524,3805,4929264,0.0044857533353700775
2026-01-14 05:27:35.185524,5059,5927568,0.007624526158563045
2026-01-14 05:32:35.185524,4114,4151776,0.006417369888263694
2026-01-14 05:37:35.185524,5104,7251173,0.010712712804595032
2026-01-14 05:42:35.185524,3969,3899610,0.012483532018824522
2026-01-14 05:47:35.185524,3187,5558480,0.009549761387407714
2026-01-14 05:52:35.185524,4537,6511828,0.014881909286293554
2026-01-14 05:57:35.185524,4838,6858179,0.015289295070890978
2026-01-14 06:02:35.185524,3706,4016299,0.006214125815599672
2026-01-14 06:07:35.185524,3973,4005308,0.005523013005508174
2026-01-14 06:12:35.185524,4867,5374583,0.010417148831751447
2026-01-14 06:17:35.185524,4276,6092356,0.008558480146178918
2026-01-14 06:22:35.185524,4805,6787263,0.02215153775794041
2026-01-14 06:27:35.185524,4769,7073702,0.010677076217952728
2026-01-14 06:32:35.185524,5155,10157873,0.010109173143895067
2026-01-14 06:37:35.185524,5121,5973309,0.01708483819763204
2026-01-14 06:42:35.185524,4085,4243277,0.02413789425591651
2026-01-14 06:47:35.185524,4552,2509958,0.02054630973443763
2026-01-14 06:52:35.185524,5421,10196344,0.019777443388329277
2026-01-14 06:57:35.185524,5261,8350739,0.02229025036130068
2026-01-14 07:02:35.185524,4362,4444808,0.02474692896809305
2026-01-14 07:07:35.185524,5041,9479098,0.009684588355651835
2026-01-14 07:12:35.185524,4784,6490126,0.01567977519986777
2026-01-14 07:17:35.185524,5205,7991223,0.008613396937988061
2026-01-14 07:22:35.185524,4724,2396771,0.025790393798889956
2026-01-14 07:27:35.185524,4472,4179563,0.011166258241232678
2026-01-14 07:32:35.185524,4819,2451540,0.01014942462815302
2026-01-14 07:37:35.185524,6259,5487888,0.02709963653047895
2026-01-14 07:42:35.185524,4730,4500082,0.013062852238820932
2026-01-14 07:47:35.185524,4840,7483248,0.011322844249892524
2026-01-14 07:52:35.185524,6106,9541933,0.012431041574678838
2026-01-14 07:57:35.185524,4168,7214334,0.016973404632947373
2026-01-14 08:02:35.185524,4901,2939614,0.010386675884836594
2026-01-14 08:07:35.185524,5805,6106368,0.024555529118104866
2026-01-14 08:12:35.185524,5351,6167182,0.022974247823716373
2026-01-14 08:17:35.185524,6003,4249929,0.01216541332790626
2026-01-14 08:22:35.185524,5406,6316955,0.022817177690300325
2026-01-14 08:27:35.185524,6289,7722606,0.023577429823790463
2026-01-14 08:32:35.185524,6201,9296108,0.018147933715242745
2026-01-14 08:37:35.185524,5039,7033620,0.012596691984255023
2026-01-14 08:42:35.185524,4968,3773172,0.027314375830684974
2026-01-14 08:47:35.185524,5608,9643892,0.02047015753211334
2026-01-14 08:52:35.185524,6745,13367280,0.0208980870795794
2026-01-14 08:57:35.185524,6007,9281909,0.02138095547588955
2026-01-14 09:02:35.185524,4882,7740153,0.014247214670734629
2026-01-14 09:07:35.185524,5089,5176279,0.0328172702222058
2026-01-14 09:12:35.185524,6344,6469570,0.02851905490714883
2026-01-14 09:17:35.185524,6092,10943882,0.015985777805740398
2026-01-14 09:22:35.185524,6795,12438913,0.017493781137291373
2026-01-14 09:27:35.185524,6393,10188507,0.027357505930923176
2026-01-14 09:32:35.185524,6209,6205298,0.03389879102806617
2026-01-14 09:37:35.185524,6239,7946220,0.01589856079167861
2026-01-14 09:42:35.185524,6630,10730561,0.020075819769454398
2026-01-14 09:47:35.185524,5896,7587805,0.030013680020712245
2026-01-14 09:52:35.185524,6087,5287520,0.031240853828397704
2026-01-14 09:57:35.185524,5593,6456186,0.019596527961180717
2026-01-14 10:02:35.185524,6585,9027544,0.02349727150388329
2026-01-14 10:07:35.185524,6840,12160637,0.027250213483440096
2026-01-14 10:12:35.185524,5891,6105718,0.031222109744533953
2026-01-14 10:17:35.185524,6278,10109386,0.027484583590643083
2026-01-14 10:22:35.185524,7057,7469315,0.03316713000231834
2026-01-14 10:27:35.185524,6876,9939666,0.028879376168676495
2026-01-14 10:32:35.185524,7507,14895804,0.025217769259880365
2026-01-14 10:37:35.185524,6840,12393065,0.022838820729584493
2026-01-14 10:42:35.185524,7424,5537125,0.02082682828215187
2026-01-14 10:47:35.185524,6889,11553074,0.018181752011682602
2026-01-14 10:52:35.185524,7136,10823158,0.02840712990364329
2026-01-14 10:57:35.185524,6040,4977557,0.020597039084426023
2026-01-14 11:02:35.185524,6614,5079988,0.03285921690808694
2026-01-14 11:07:35.185524,7460,9094280,0.02966728226960945
2026-01-14 11:12:35.185524,7272,4886946,0.03270088767152889
2026-01-14 11:17:35.185524,7326,3687468,0.029884319321730704
2026-01-14 11:22:35.185524,7113,14111178,0.026058514990474957
2026-01-14 11:27:35.185524,7445,14877611,0.03489660415389212
2026-01-14 11:32:35.185524,6319,12223193,0.028803074115657128
2026-01-14 11:37:35.185524,6526,11614037,0.022599575378620132
2026-01-14 11:42:35.185524,7248,7872868,0.027785395388550082
2026-01-14 11:47:35.185524,6784,12982961,0.022255638866488462
2026-01-14 11:52:35.185524,8046,7512688,0.021225108545521253
2026-01-14 11:57:35.185524,7131,7632079,0.033892108127272884
2026-01-14 12:02:35.185524,6387,11637230,0.021812927283269404
2026-01-14 12:07:35.185524,6994,3871452,0.025236089331214417
2026-01-14 12:12:35.185524,7577,8727350,0.03213981025691053
2026-01-14 12:17:35.185524,7746,6690622,0.025619710278614108
2026-01-14 12:22:35.185524,6889,7562605,0.026305594604389672
2026-01-14 12:27:35.185524,7425,13460246,0.02723303114757454
2026-01-14 12:32:35.185524,7180,3928248,0.036285645884489966
2026-01-14 12:37:35.185524,6668,10031416,0.03909017327404955
2026-01-14 12:42:35.185524,7846,8820568,0.031955902733682
2026-01-14 12:47:35.185524,8179,6981153,0.034376671377442894
2026-01-14 12:52:35.185524,7080,12512862,0.036249481858012744
2026-01-14 12:57:35.185524,6979,8303533,0.03213239183401996
2026-01-14 13:02:35.185524,7442,11181686,0.03375344310503635
2026-01-14 13:07:35.185524,7532,6421136,0.03540624439541795
2026-01-14 13:12:35.185524,7217,4372400,0.0318550178038776
2026-01-14 13:17:35.185524,7984,8789982,0.028881976153209202
2026-01-14 13:22:35.185524,7348,13200111,0.03755202194674217
2026-01-14 13:27:35.185524,7647,3864320,0.03853224210491201
2026-01-14 13:32:35.185524,6786,11473805,0.040175638072489875
2026-01-14 13:37:35.185524,6755,4900178,0.028332123441195803
2026-01-14 13:42:35.185524,6515,4815970,0.026566000217774048
2026-01-14 13:47:35.185524,6864,4438898,0.042654738500691236
2026-01-14 13:52:35.185524,7893,9036224,0.03686205360297992
2026-01-14 13:57:35.185524,7128,11775864,0.028237311173792176
2026-01-14 14:02:35.185524,8083,11890460,0.027928117122292147
2026-01-14 14:07:35.185524,7450,8791727,0.03441341268855181
2026-01-14 14:12:35.185524,7623,11655728,0.0311268578624091
2026-01-14 14:17:35.185524,7144,4836038,0.03858300182186355
2026-01-14 14:22:35.185524,7568,10571074,0.03399512772758583
2026-01-14 14:27:35.185524,7149,12979774,0.03438267666767346
2026-01-14 14:32:35.185524,7010,8754746,0.0363915011539247
2026-01-14 14:37:35.185524,8213,9959263,0.03482315825506564
2026-01-14 14:42:35.185524,7423,10477225,0.046601564456100156
2026-01-14 14:47:35.185524,8249,5197296,0.031066766922843485
2026-01-14 14:52:35.185524,7051,10313208,0.03745324504878711
2026-01-14 14:57:35.185524,7738,6335249,0.047576930812895706
2026-01-14 15:02:35.185524,7603,8001353,0.03051694441661204
2026-01-14 15:07:35.185524,6586,3795252,0.045140101402864216
2026-01-14 15:12:35.185524,6887,7331387,0.03646930357647586
2026-01-14 15:17:35.185524,8105,7733576,0.03314567758836398
2026-01-14 15:22:35.185524,7015,5529893,0.03976662800496243
2026-01-14 15:27:35.185524,8251,10665409,0.030886533362455636
2026-01-14 15:32:35.185524,6692,11585620,0.03954089034053448
2026-01-14 15:37:35.185524,6674,8995283,0.049139055330613135
2026-01-14 15:42:35.185524,7466,4198153,0.0479431855269597
2026-01-14 15:47:35.185524,7293,13474537,0.03729897828217098
2026-01-14 15:52:35.185524,6724,13249813,0.04601231557668164
2026-01-14 15:57:35.185524,7271,12802858,0.03204216957188947
2026-01-14 16:02:35.185524,7311,8884078,0.031904967787670734
2026-01-14 16:07:35.185524,5922,7843954,0.04055178525533765
2026-01-14 16:12:35.185524,7370,8335459,0.0348735318744396
2026-01-14 16:17:35.185524,7176,13586137,0.045986876743133384
2026-01-14 16:22:35.185524,7322,7537349,0.05094245759639801
2026-01-14 16:27:35.185524,6873,10353597,0.03880046809684541
2026-01-14 16:32:35.185524,7088,7690736,0.03394149857004253
2026-01-14 16:37:35.185524,6628,11333477,0.04263247150477436
2026-01-14 16:42:35.185524,5906,8509889,0.04081982718830118
2026-01-14 16:47:35.185524,7151,4419207,0.03914712013249635
2026-01-14 16:52:35.185524,7331,12622213,0.05041379608914052
2026-01-14 16:57:35.185524,6916,4586387,0.04438383616562624
2026-01-14 17:02:35.185524,6162,8543188,0.03720792203720604
2026-01-14 17:07:35.185524,6467,12469001,0.043896981914711995
2026-01-14 17:12:35.185524,7009,13076021,0.049365745975123186
2026-01-14 17:17:35.185524,6215,10924699,0.05024873118174603
2026-01-14 17:22:35.185524,6523,7174025,0.041855042055805085
2026-01-14 17:27:35.185524,5937,7426044,0.05047426888672946
2026-01-14 17:32:35.185524,6572,6983914,0.03433860074585274
2026-01-14 17:37:35.185524,6174,7284002,0.04351443364386655
2026-01-14 17:42:35.185524,7111,10140227,0.043577306051569856
2026-01-14 17:47:35.185524,6598,10582158,0.046850943398581396
2026-01-14 17:52:35.185524,6879,5962668,0.03720352402243659
2026-01-14 17:57:35.185524,7044,12229164,0.054615417989330124
2026-01-14 18:02:35.185524,5869,9571170,0.04747690573376424
2026-01-14 18:07:35.185524,6270,3610193,0.04808587346191602
2026-01-14 18:12:35.185524,6946,12954085,0.04695237134728311
2026-01-14 18:17:35.185524,6415,5544725,0.049541613395848796
2026-01-14 18:22:35.185524,6149,9540700,0.04418064225785359
2026-01-14 18:27:35.185524,6455,4184816,0.05134166857251585
2026-01-14 18:32:35.185524,5557,8738757,0.03722846572364586
2026-01-14 18:37:35.185524,5497,7082458,0.05578579067575826
2026-01-14 18:42:35.185524,5806,4395329,0.0414165731446512
2026-01-14 18:47:35.185524,5670,8222920,0.05098615708861789
2026-01-14 18:52:35.185524,5921,4173050,0.05359436741999755
2026-01-14 18:57:35.185524,6199,9499459,0.04790079867853455
2026-01-14 19:02:35.185524,6667,3763203,0.05725762487461378
2026-01-14 19:07:35.185524,5320,5294021,0.04376614642888191
2026-01-14 19:12:35.185524,6409,11105054,0.038415330262576486
2026-01-14 19:17:35.185524,5963,8498248,0.04651322152272828
2026-01-14 19:22:35.185524,5911,3954749,0.04797123535272608
2026-01-14 19:27:35.185524,5811,5237403,0.053263916243105565
2026-01-14 19:32:35.185524,5081,4133665,0.05220456815145019
2026-01-14 19:37:35.185524,6081,3296401,0.05784291072310834
2026-01-14 19:42:35.185524,5870,11407849,0.039933638572769964
2026-01-14 19:47:35.185524,6711,8516271,0.0575540791685147
2026-01-14 19:52:35.185524,5099,5306954,0.04802155134080652
2026-01-14 19:57:35.185524,6090,7066381,0.041442962208394565
2026-01-14 20:02:35.185524,5061,5120805,0.044723901304874476
2026-01-14 20:07:35.185524,4878,6029387,0.04498758735318718
2026-01-14 20:12:35.185524,5437,4569311,0.0573805304559485
2026-01-14 20:17:35.185524,5760,3430810,0.053681857519734144
2026-01-14 20:22:35.185524,4893,5184233,0.05385595218682171
2026-01-14 20:27:35.185524,4503,7848309,0.05342350017184859
2026-01-14 20:32:35.185524,5034,7478954,0.04550671881993928
2026-01-14 20:37:35.185524,5030,3473838,0.04900126119931074
2026-01-14 20:42:35.185524,5244,3494927,0.042220252582270926
2026-01-14 20:47:35.185524,5712,8992390,0.04488619745874007
2026-01-14 20:52:35.185524,5182,2825244,0.04516340071009688
2026-01-14 20:57:35.185524,4592,5671593,0.05622703091614261
2026-01-14 21:02:35.185524,4489,5325290,0.05830267338192523
2026-01-14 21:07:35.185524,5308,6366385,0.05819449545320449
2026-01-14 21:12:35.185524,4887,3275472,0.04832949232094869
2026-01-14 21:17:35.185524,3901,4728347,0.04571428981555941
2026-01-14 21:22:35.185524,4837,4815897,0.05268513722226992
2026-01-14 21:27:35.185524,5405,10593306,0.045392981291191875
2026-01-14 21:32:35.185524,5473,9627532,0.051345629192205554
2026-01-14 21:37:35.185524,5006,8946054,0.05551193497696537
2026-01-14 21:42:35.185524,4244,8252115,0.05837172138865134
2026-01-14 21:47:35.185524,4506,4082191,0.04659612817733937
2026-01-14 21:52:35.185524,3973,6308921,0.044743464738687365
2026-01-14 21:57:35.185524,4271,5796295,0.04444786303421977
2026-01-14 22:02:35.185524,4044,3239614,0.049827926274229176
2026-01-14 22:07:35.185524,3943,2228261,0.05595916158376297
2026-01-14 22:12:35.185524,5560,5504592,0.055284218188496666
2026-01-14 22:17:35.185524,3678,6490595,0.04955888410229758
2026-01-14 22:22:35.185524,4671,9127830,0.05459660539045235
2026-01-14 22:27:35.185524,4011,4347425,0.05577574498326361
2026-01-14 22:32:35.185524,4054,2426852,0.048279571606474454
2026-01-14 22:37:35.185524,4646,8672650,0.04616816499570136
2026-01-14 22:42:35.185524,3660,7118271,0.051200088904741356
2026-01-14 22:47:35.185524,4017,4875386,0.05358328238678521
2026-01-14 22:52:35.185524,4297,5735178,0.06052471128302829
2026-01-14 22:57:35.185524,4395,7466413,0.046324457513081924
2026-01-14 23:02:35.185524,4064,3311195,0.059736571697486085
2026-01-14 23:07:35.185524,4378,7721224,0.06353712764190757
2026-01-14 23:12:35.185524,3921,3171553,0.04748683799164393
2026-01-14 23:17:35.185524,3280,3402418,0.04659567184870902
2026-01-14 23:22:35.185524,3213,2672715,0.05516758569118547
2026-01-14 23:27:35.185524,4285,6130738,0.052806158023642434
2026-01-14 23:32:35.185524,4291,5986908,0.05992494515977071
2026-01-14 23:37:35.185524,3991,6263469,0.06049435610842552
2026-01-14 23:42:35.185524,3902,4332352,0.06257571192384509
2026-01-14 23:47:35.185524,3523,6622862,0.0507467608239989
2026-01-14 23:52:35.185524,4206,8033305,0.05613608168801653
2026-01-14 23:57:35.185524,3350,5770623,0.06166071989149968
2026-01-15 00:02:35.185524,4556,4025681,0.061134460106859315
2026-01-15 00:07:35.185524,3650,4718771,0.04784009317757978
2026-01-15 00:12:35.185524,3654,3543199,0.05130311371939418
2026-01-15 00:17:35.185524,4154,3782366,0.05260727311102672
2026-01-15 00:22:35.185524,3615,5079231,0.06256005443246788
2026-01-15 00:27:35.185524,3370,2651544,0.04873154271467517
2026-01-15 00:32:35.185524,2756,5160661,0.06003763686836054
2026-01-15 00:37:35.185524,3425,4303929,0.06157169463081742
2026-01-15 00:42:35.185524,3257,6510407,0.05690381794882564
2026-01-15 00:47:35.185524,3048,1740089,0.05220712446643191
2026-01-15 00:52:35.185524,3557,1973712,0.05488188286492012
2026-01-15 00:57:35.185524,2742,4794163,0.05111995552288916
2026-01-15 01:02:35.185524,3014,5879133,0.06130599942017625
2026-01-15 01:07:35.185524,3246,1743823,0.04964824288516933
2026-01-15 01:12:35.185524,3685,3110775,0.06627409504054654
2026-01-15 01:17:35.185524,3298,5556715,0.05289282591289678
2026-01-15 01:22:35.185524,4093,6401303,0.06295127655456524
2026-01-15 01:27:35.185524,3038,2617725,0.06842987013092201
2026-01-15 01:32:35.185524,3160,5550097,0.06077520777117235
2026-01-15 01:37:35.185524,3832,4725586,0.05770156091207446
2026-01-15 01:42:35.185524,3619,3167153,0.054113505607333065
2026-01-15 01:47:35.185524,2886,4404708,0.06297064657801678
2026-01-15 01:52:35.185524,3220,1749448,0.051830061493376864
2026-01-15 01:57:35.185524,3675,2055109,0.06541147460696325
2026-01-15 02:02:35.185524,4719,9305307,0.06035875793214421
2026-01-15 02:07:35.185524,4291,6480791,0.053906018444169604
2026-01-15 02:12:35.185524,3922,5867596,0.060155452480501
2026-01-15 02:17:35.185524,3657,6156237,0.06342383816186088
2026-01-15 02:22:35.185524,2649,3572869,0.05899389422317117
2026-01-15 02:27:35.185524,3298,4452285,0.053835646836111584
2026-01-15 02:32:35.185524,3236,5247367,0.06817115552232093
2026-01-15 02:37:35.185524,3324,3488662,0.07042612171542126
2026-01-15 02:42:35.185524,3633,6624629,0.061448831110323385
2026-01-15 02:47:35.185524,3619,3494789,0.0647533636390703
2026-01-15 02:52:35.185524,2765,1721813,0.06108138570898562
2026-01-15 02:57:35.185524,3281,6176191,0.0649354977383679
2026-01-15 03:02:35.185524,3195,3150618,0.05394386678398906
2026-01-15 03:07:35.185524,3982,5797760,0.0684686965215125
2026-01-15 03:12:35.185524,3163,5785554,0.05422750967315044
2026-01-15 03:17:35.185524,4392,2961812,0.06483478424138242
2026-01-15 03:22:35.185524,3585,5556932,0.062124185813796515
2026-01-15 03:27:35.185524,3300,4528980,0.0713280329281187
2026-01-15 03:32:35.185524,3741,3777159,0.05609934297683224
2026-01-15 03:37:35.185524,3487,4059251,0.05631683300635341
2026-01-15 03:42:35.185524,4053,6684143,0.05426815968851539
2026-01-15 03:47:35.185524,4139,3450518,0.0712820826843769
2026-01-15 03:52:35.185524,4222,3600488,0.06117588409923637
2026-01-15 03:57:35.185524,2721,1721278,0.058311281792332366
2026-01-15 04:02:35.185524,3377,4570539,0.06702596706346185
2026-01-15 04:07:35.185524,4018,5790493,0.07193842479315034
2026-01-15 04:12:35.185524,3598,2193326,0.057265047181121034
2026-01-15 04:17:35.185524,3620,5750953,0.06263149840309543
2026-01-15 04:22:35.185524,3910,6742601,0.06756096320688489
2026-01-15 04:27:35.185524,4284,3150908,0.0708299553110551
2026-01-15 04:32:35.185524,3262,6415836,0.06823420080345824
2026-01-15 04:37:35.185524,3789,6568395,0.0737257866061743
2026-01-15 04:42:35.185524,4234,6708953,0.06239086894967427
2026-01-15 04:47:35.185524,3767,3702334,0.06791751493742175
2026-01-15 04:52:35.185524,3844,3183176,0.06373258510806373
2026-01-15 04:57:35.185524,3420,6623742,0.06314163938420507
2026-01-15 05:02:35.185524,3598,3382662,0.06735768664891909
2026-01-15 05:07:35.185524,3862,6369663,0.06110290923748196
2026-01-15 05:12:35.185524,4640,3403440,0.058458745509215926
2026-01-15 05:17:35.185524,4562,7690572,0.05621470888599944
2026-01-15 05:22:35.185524,3822,2738822,0.05584413277034374
2026-01-15 05:27:35.185524,4925,7996630,0.07252801959299572
2026-01-15 05:32:35.185524,3578,2377778,0.06013858417835391
2026-01-15 05:37:35.185524,3890,4179249,0.05615402001255962
2026-01-15 05:42:35.185524,3732,3630962,0.05919530421914788
2026-01-15 05:47:35.185524,4822,3068931,0.07493367757255569
2026-01-15 05:52:35.185524,5295,5360997,0.06729149313172958
2026-01-15 05:57:35.185524,4613,4675016,0.06395645810658176
2026-01-15 06:02:35.185524,4912,2610052,0.07398237715027868
2026-01-15 06:07:35.185524,4078,6936938,0.060294135682405
2026-01-15 06:12:35.185524,4027,7571212,0.06956347729440922
2026-01-15 06:17:35.185524,4740,4124289,0.06615764445488298
2026-01-15 06:22:35.185524,4691,6066669,0.0686212411082815
2026-01-15 06:27:35.185524,3663,7081228,0.05905862983499404
2026-01-15 06:32:35.185524,4143,2504226,0.057088518096589144
2026-01-15 06:37:35.185524,5328,4905502,0.06920899335096191
2026-01-15 06:42:35.185524,4432,7638661,0.06329048324838955
2026-01-15 06:47:35.185524,5509,5662351,0.05809513777268137
2026-01-15 06:52:35.185524,4758,2968445,0.06786923353503804
2026-01-15 06:57:35.185524,4878,4808692,0.058316833544752755
2026-01-15 07:02:35.185524,5201,4303188,0.05789124381342618
2026-01-15 07:07:35.185524,4846,5125974,0.06622013004807256
2026-01-15 07:12:35.185524,4877,6259691,0.06358940651488389
2026-01-15 07:17:35.185524,5424,7837107,0.07274344605233589
2026-01-15 07:22:35.185524,5797,4663757,0.06234398273242958
2026-01-15 07:27:35.185524,6271,5484332,0.07532362786514193
2026-01-15 07:32:35.185524,5372,7700544,0.0709299874277442
2026-01-15 07:37:35.185524,6365,9869333,0.06588958516669996
2026-01-15 07:42:35.185524,5928,6858457,0.06561513210506166
2026-01-15 07:47:35.185524,4827,8679525,0.07509231951312458
2026-01-15 07:52:35.185524,5512,4274094,0.06165336121608227
2026-01-15 07:57:35.185524,5914,7249933,0.07387768302112635
2026-01-15 08:02:35.185524,5175,5833337,0.07758005917849177
2026-01-15 08:07:35.185524,5958,5278473,0.06713934206891894
2026-01-15 08:12:35.185524,5973,3577605,0.07203919713260884
2026-01-15 08:17:35.185524,5501,10187007,0.07410993236496545
2026-01-15 08:22:35.185524,5415,2920709,0.05832590462225183
2026-01-15 08:27:35.185524,5697,4190300,0.07283881048681562
2026-01-15 08:32:35.185524,5985,7051469,0.06468766404391336
2026-01-15 08:37:35.185524,5704,11154107,0.07579816528591159
2026-01-15 08:42:35.185524,5634,7894587,0.07380010970363297
2026-01-15 08:47:35.185524,5821,8765078,0.06745191947342825
2026-01-15 08:52:35.185524,6718,4754893,0.07695303916534743
2026-01-15 08:57:35.185524,5122,4655877,0.07366612267832892
2026-01-15 09:02:35.185524,5835,10894484,0.06539264349957702
2026-01-15 09:07:35.185524,6621,4689318,0.058422160258883506
2026-01-15 09:12:35.185524,6137,10258947,0.06477081999482308
2026-01-15 09:17:35.185524,6447,10940612,0.06799696180887356
2026-01-15 09:22:35.185524,6636,6092649,0.06932083798156968
2026-01-15 09:27:35.185524,6374,8472920,0.06289354984381529
2026-01-15 09:32:35.185524,7332,10952846,0.07485901880614576
2026-01-15 09:37:35.185524,6825,6912707,0.06102136599488609
2026-01-15 09:42:35.185524,6277,5692634,0.0633753209236801
2026-01-15 09:47:35.185524,5650,6851282,0.07861581761593577
2026-01-15 09:52:35.185524,7156,9151896,0.0704765319377051
2026-01-15 09:57:35.185524,6122,7909413,0.07642992193432434
2026-01-15 10:02:35.185524,6891,4061439,0.0691626080795378
2026-01-15 10:07:35.185524,5861,3196424,0.07599542492482833
2026-01-15 10:12:35.185524,6189,5531961,0.0633335187290845
2026-01-15 10:17:35.185524,6353,4295005,0.06949302526194057
2026-01-15 10:22:35.185524,6958,11516124,0.061289104378636
2026-01-15 10:27:35.185524,7259,5118697,0.06686122812219093
2026-01-15 10:32:35.185524,7446,9795418,0.07456388791702596
2026-01-15 10:37:35.185524,6991,7007981,0.0637341106795441
2026-01-15 10:42:35.185524,6685,5413674,0.06388420626412641
2026-01-15 10:47:35.185524,6771,12219470,0.07265600480117623
2026-01-15 10:52:35.185524,7226,7932119,0.06462025039112805
2026-01-15 10:57:35.185524,7408,10790870,0.06569348361435763
2026-01-15 11:02:35.185524,7240,8069273,0.07686696945691403
2026-01-15 11:07:35.185524,7513,11750776,0.06795187587926368
2026-01-15 11:12:35.185524,6684,11109305,0.06672483264544235
2026-01-15 11:17:35.185524,6891,10273963,0.06409114216747744
2026-01-15 11:22:35.185524,6756,6290726,0.06287987909714128
2026-01-15 11:27:35.185524,7008,11993186,0.07725522833003609
2026-01-15 11:32:35.185524,7114,11783860,0.06183631785281628
2026-01-15 11:37:35.185524,7148,11241423,0.07095608821040313
2026-01-15 11:42:35.185524,7436,11841092,0.07299824455376099
2026-01-15 11:47:35.185524,8094,7938407,0.06981795370961638
2026-01-15 11:52:35.185524,6890,12256546,0.07625800829762858
2026-01-15 11:57:35.185524,7143,4598375,0.07144218466301482
2026-01-15 12:02:35.185524,6945,11923209,0.07839779141068727
2026-01-15 12:07:35.185524,7012,11317838,0.07510394480909394
2026-01-15 12:12:35.185524,8181,13847971,0.06188128754507493
2026-01-15 12:17:35.185524,7104,8446034,0.07951202421647685
2026-01-15 12:22:35.185524,7921,11962308,0.06427422659333654
2026-01-15 12:27:35.185524,7364,12039056,0.060818340998051876
2026-01-15 12:32:35.185524,7837,14587555,0.07381582333946626
2026-01-15 12:37:35.185524,6661,13033005,0.07065873406824122
2026-01-15 12:42:35.185524,7518,7607560,0.06361103585103114
2026-01-15 12:47:35.185524,7378,10974828,0.06636170427501525
2026-01-15 12:52:35.185524,6350,3959501,0.0753248899482165
2026-01-15 12:57:35.185524,6970,9113112,0.07751691715964146
2026-01-15 13:02:35.185524,7495,8408060,0.07631777424995828
2026-01-15 13:07:35.185524,7662,14160667,0.07195608204156531
2026-01-15 13:12:35.185524,7721,6415422,0.06590520923693396
2026-01-15 13:17:35.185524,7193,7390877,0.07929831111962479
2026-01-15 13:22:35.185524,8106,5103580,0.07867534308514146
2026-01-15 13:27:35.185524,7491,5048451,0.06978488650870598
2026-01-15 13:32:35.185524,7172,3886552,0.07110412041400802
2026-01-15 13:37:35.185524,7104,13331170,0.06751275725641195
2026-01-15 13:42:35.185524,7537,11740009,0.06660402527889879
2026-01-15 13:47:35.185524,7527,6536628,0.07061842476251992
2026-01-15 13:52:35.185524,7343,8561208,0.07501592850139627
2026-01-15 13:57:35.185524,7911,6899788,0.07703877119226944
2026-01-15 14:02:35.185524,7220,4853651,0.0726954319150935
2026-01-15 14:07:35.185524,7640,7472226,0.0760764604164789
2026-01-15 14:12:35.185524,6962,8490114,0.061005591745376016
2026-01-15 14:17:35.185524,8042,9259169,0.060813817399348
2026-01-15 14:22:35.185524,6839,6831522,0.07962852363808803
2026-01-15 14:27:35.185524,6364,9824504,0.07278147891516679
2026-01-15 14:32:35.185524,7484,13773771,0.06522554263839792
2026-01-15 14:37:35.185524,7479,5778201,0.06593405560682565
2026-01-15 14:42:35.185524,7920,4658482,0.07688233665539697
2026-01-15 14:47:35.185524,7986,4802177,0.06511592187736148
2026-01-15 14:52:35.185524,6517,5939307,0.06803719421639001
2026-01-15 14:57:35.185524,6166,8960239,0.06912169254935811
2026-01-15 15:02:35.185524,7573,11806437,0.07521666844455208
2026-01-15 15:07:35.185524,7038,8919415,0.064950339623699
2026-01-15 15:12:35.185524,7843,4935941,0.07450252465751911
2026-01-15 15:17:35.185524,7695,9199798,0.062138019259441235
2026-01-15 15:22:35.185524,7468,12885300,0.06528895266027179
2026-01-15 15:27:35.185524,6885,5967842,0.06662960568663892
2026-01-15 15:32:35.185524,7211,13751368,0.07351600654547458
2026-01-15 15:37:35.185524,7990,9118355,0.0768345154334306
2026-01-15 15:42:35.185524,7393,3782633,0.06829085421549538
2026-01-15 15:47:35.185524,6954,8427343,0.061857959695333205
2026-01-15 15:52:35.185524,7603,11383026,0.0794959965969395
2026-01-15 15:57:35.185524,8178,5898843,0.07163863523039819
2026-01-15 16:02:35.185524,7081,6705662,0.06354316332444983
2026-01-15 16:07:35.185524,6389,5561066,0.061808513064674886
2026-01-15 16:12:35.185524,7443,9685170,0.060361974319088865
2026-01-15 16:17:35.185524,7330,13994246,0.06224217014004853
2026-01-15 16:22:35.185524,7257,7067325,0.06795719400940778
2026-01-15 16:27:35.185524,7150,7104825,0.06289078705654412
2026-01-15 16:32:35.185524,7230,9124271,0.06175160258072546
2026-01-15 16:37:35.185524,6568,3317356,0.07540968219893494
2026-01-15 16:42:35.185524,6415,5957995,0.07941647169172755
2026-01-15 16:47:35.185524,6882,7068219,0.06774465511162191
2026-01-15 16:52:35.185524,7077,5922001,0.06684815530456312
2026-01-15 16:57:35.185524,7186,13033556,0.06525640504305938
2026-01-15 17:02:35.185524,7011,7967922,0.07644996604948243
2026-01-15 17:07:35.185524,7235,5153098,0.0758262706011554
2026-01-15 17:12:35.185524,5933,3602498,0.07086398641604254
2026-01-15 17:17:35.185524,7636,4844263,0.07256926629029922
2026-01-15 17:22:35.185524,6642,3698062,0.07212688610065114
2026-01-15 17:27:35.185524,6886,10270684,0.06245967248201545
2026-01-15 17:32:35.185524,6381,7337352,0.06011613410716085
2026-01-15 17:37:35.185524,6908,5640298,0.0647531721525432
2026-01-15 17:42:35.185524,6400,8916206,0.06858368276281435
2026-01-15 17:47:35.185524,6568,8102950,0.07118684239776586
2026-01-15 17:52:35.185524,6611,10963718,0.07610040496470812
2026-01-15 17:57:35.185524,6141,10584049,0.07793036937014221
2026-01-15 18:02:35.185524,6134,3753365,0.07027489317676677
2026-01-15 18:07:35.185524,7225,13414722,0.06638994063655501
2026-01-15 18:12:35.185524,6822,7394263,0.07015455794529685
2026-01-15 18:17:35.185524,6450,9615803,0.0620338802387401
2026-01-15 18:22:35.185524,6580,13151586,0.0602864946485822
2026-01-15 18:27:35.185524,6552,6666647,0.06689455889246665
2026-01-15 18:32:35.185524,5609,5147561,0.06642096624552099
2026-01-15 18:37:35.185524,6335,12350315,0.062002135756114726
2026-01-15 18:42:35.185524,6319,9548206,0.07441076970457879
2026-01-15 18:47:35.185524,5816,6755691,0.07684425263142178
2026-01-15 18:52:35.185524,6435,5467589,0.07398253820524829
2026-01-15 18:57:35.185524,5787,3927863,0.07328650800595435
2026-01-15 19:02:35.185524,5724,5225352,0.07233237646666331
2026-01-15 19:07:35.185524,5689,8942767,0.07632780258479378
2026-01-15 19:12:35.185524,6308,5247079,0.07428068679458541
2026-01-15 19:17:35.185524,5820,6733824,0.06724696143775653
2026-01-15 19:22:35.185524,5472,8202685,0.06451278192878383
2026-01-15 19:27:35.185524,5604,4526676,0.06500703796285609
2026-01-15 19:32:35.185524,5893,7726950,0.06266274902832987
2026-01-15 19:37:35.185524,5116,9891706,0.06591595932866418
2026-01-15 19:42:35.185524,5884,4458139,0.06262235469509884
2026-01-15 19:47:35.185524,5242,3813757,0.05906077951888897
2026-01-15 19:52:35.185524,5771,8399375,0.06238157782509317
2026-01-15 19:57:35.185524,5966,11727152,0.06683382280385047
2026-01-15 20:02:35.185524,5689,9587484,0.06803653302838422
2026-01-15 20:07:35.185524,5501,10325631,0.06185996996372458
2026-01-15 20:12:35.185524,5373,5433180,0.07438865829547538
2026-01-15 20:17:35.185524,4247,4012920,0.07337877408634311
2026-01-15 20:22:35.185524,5421,10402246,0.0597784387398816
2026-01-15 20:27:35.185524,5017,3506442,0.06532465768418447
2026-01-15 20:32:35.185524,5323,6152513,0.07424357204566767
2026-01-15 20:37:35.185524,5221,4270518,0.06856031710128564
2026-01-15 20:42:35.185524,5153,4238187,0.0742968164905668
2026-01-15 20:47:35.185524,4675,5171741,0.06109454560471762
2026-01-15 20:52:35.185524,5383,2739422,0.05775425285054375
2026-01-15 20:57:35.185524,4422,8376409,0.06007167785091013
2026-01-15 21:02:35.185524,5364,3567116,0.05892928426431249
2026-01-15 21:07:35.185524,4529,8033070,0.07176801924685419
2026-01-15 21:12:35.185524,4376,6944838,0.06287866293759574
2026-01-15 21:17:35.185524,5483,2831901,0.06497011327081958
2026-01-15 21:22:35.185524,5429,5470569,0.06876495821819692
2026-01-15 21:27:35.185524,5131,8447853,0.06978591070355789
2026-01-15 21:32:35.185524,4071,4939484,0.06727212960178111
2026-01-15 21:37:35.185524,4535,4152245,0.07600635923544381
2026-01-15 21:42:35.185524,4873,5634809,0.06641381927287461
2026-01-15 21:47:35.185524,4961,2982598,0.06146855166260487
2026-01-15 21:52:35.185524,4970,6903367,0.05614266650558429
2026-01-15 21:57:35.185524,4435,6662631,0.07535769962244254
2026-01-15 22:02:35.185524,4300,6328207,0.07518173470090143
2026-01-15 22:07:35.185524,4069,2189456,0.06900679540299488
2026-01-15 22:12:35.185524,4583,7710686,0.06221486256194616
2026-01-15 22:17:35.185524,4794,5383120,0.066367006455777
2026-01-15 22:22:35.185524,4204,6029126,0.07109939755861554
2026-01-15 22:27:35.185524,4075,4038023,0.0667218850335294
2026-01-15 22:32:35.185524,5473,9011788,0.07407227398771928
2026-01-15 22:37:35.185524,4140,7815326,0.06256517250551202
2026-01-15 22:42:35.185524,3515,6374023,0.05742723983742887
2026-01-15 22:47:35.185524,3473,5549295,0.07424477292544905
2026-01-15 22:52:35.185524,4298,5175008,0.07113718857695013
2026-01-15 22:57:35.185524,4649,7860065,0.05715903853094921
2026-01-15 23:02:35.185524,5197,4459789,0.06650600675374926
2026-01-15 23:07:35.185524,3340,2563820,0.06307501852352458
2026-01-15 23:12:35.185524,3057,5772181,0.05454661908465322
2026-01-15 23:17:35.185524,4090,3625476,0.06544209817344578
2026-01-15 23:22:35.185524,3950,3630563,0.05727686939426059
2026-01-15 23:27:35.185524,3675,3060210,0.06955056870448721
2026-01-15 23:32:35.185524,3809,2564954,0.05948100911824782
2026-01-15 23:37:35.185524,3445,6241640,0.06002077910928759
2026-01-15 23:42:35.185524,3346,2459647,0.055232053993333724
2026-01-15 23:47:35.185524,4111,3046661,0.06248427052173451
2026-01-15 23:52:35.185524,3939,7000363,0.06954211868069474
2026-01-15 23:57:35.185524,2465,2631761,0.0543788840622862
2026-01-16 00:02:35.185524,3186,5350291,0.06537033186857738
2026-01-16 00:07:35.185524,2850,2801954,0.06306086413162909
2026-01-16 00:12:35.185524,2902,3588104,0.06369194103528672
2026-01-16 00:17:35.185524,3697,5716529,0.053739974259524904
2026-01-16 00:22:35.185524,3561,2554948,0.05625926929419452
2026-01-16 00:27:35.185524,4194,7187054,0.05516710938548837
2026-01-16 00:32:35.185524,3684,4415567,0.058702397740618306
2026-01-16 00:37:35.185524,3188,5913217,0.06898224211103779
2026-01-16 00:42:35.185524,4383,4066620,0.06398664447571292
2026-01-16 00:47:35.185524,3607,4488431,0.06898395931352588
2026-01-16 00:52:35.185524,3733,3225065,0.062040237992396025
2026-01-16 00:57:35.185524,4569,8698143,0.06325982731550901
2026-01-16 01:02:35.185524,4561,5899838,0.059161847552327514
2026-01-16 01:07:35.185524,3118,3378022,0.06530462129229768
2026-01-16 01:12:35.185524,4194,3521930,0.06038946918487078
2026-01-16 01:17:35.185524,3929,7135121,0.056961584600089134
2026-01-16 01:22:35.185524,3688,4726441,0.05310295973615294
2026-01-16 01:27:35.185524,3768,3797179,0.06348796940697399
2026-01-16 01:32:35.185524,3759,4894622,0.06714642166307351
2026-01-16 01:37:35.185524,3289,5322452,0.06305023570476735
2026-01-16 01:42:35.185524,3372,4816120,0.07005872837444069
2026-01-16 01:47:35.185524,3797,6789563,0.05130333896163962
2026-01-16 01:52:35.185524,4050,6408130,0.05617225930514912
2026-01-16 01:57:35.185524,2696,5083124,0.0680322584774463
2026-01-16 02:02:35.185524,3831,4343150,0.06768883244388015
2026-01-16 02:07:35.185524,3536,1814088,0.057159577733750515
2026-01-16 02:12:35.185524,3003,4446304,0.05128250701624032
2026-01-16 02:17:35.185524,3637,2240085,0.06208113442133866
2026-01-16 02:22:35.185524,4010,5802601,0.062119538082093397
2026-01-16 02:27:35.185524,3183,5504941,0.06779618993952084
2026-01-16 02:32:35.185524,3563,3416009,0.06930888739971422
2026-01-16 02:37:35.185524,2934,5698078,0.057330187761021875
2026-01-16 02:42:35.185524,4339,6333534,0.05176875191268479
2026-01-16 02:47:35.185524,3845,3401779,0.06542636964328441
2026-01-16 02:52:35.185524,3934,7807813,0.06761450327584685
2026-01-16 02:57:35.185524,3322,2631694,0.06677127626451108
2026-01-16 03:02:35.185524,4225,5913763,0.060127016427655
2026-01-16 03:07:35.185524,3729,3051943,0.057463226295658136
2026-01-16 03:12:35.185524,3458,5624152,0.05702663914916323
2026-01-16 03:17:35.185524,3765,5815242,0.049184810011623545
2026-01-16 03:22:35.185524,3859,6391195,0.06618994133310266
2026-01-16 03:27:35.185524,3280,2014583,0.057768538904483524
2026-01-16 03:32:35.185524,3658,6263847,0.05558031113743778
2026-01-16 03:37:35.185524,3175,4669465,0.05235415700136322
2026-01-16 03:42:35.185524,3910,2219770,0.05101827276669815
2026-01-16 03:47:35.185524,4648,7486122,0.04838982222612999
2026-01-16 03:52:35.185524,3307,5483871,0.055445824010721574
2026-01-16 03:57:35.185524,3971,5258110,0.062149302883170554
2026-01-16 04:02:35.185524,3714,4595618,0.050755568991533315
2026-01-16 04:07:35.185524,2827,4983011,0.05333994755833816
2026-01-16 04:12:35.185524,3544,4652053,0.05479712326055444
2026-01-16 04:17:35.185524,3845,6590695,0.05666051303396669
2026-01-16 04:22:35.185524,3861,6895407,0.05789535687546186
2026-01-16 04:27:35.185524,3915,2555681,0.04948559800936182
2026-01-16 04:32:35.185524,4154,4863135,0.06449148707827755
2026-01-16 04:37:35.185524,4181,6553118,0.05650179364619913
2026-01-16 04:42:35.185524,3312,4085552,0.05970607520134376
2026-01-16 04:47:35.185524,4531,3353689,0.05867486070211332
2026-01-16 04:52:35.185524,4226,3641916,0.05537444560878005
2026-01-16 04:57:35.185524,4517,7408864,0.05170557974761532
2026-01-16 05:02:35.185524,3862,2172057,0.04676938896261222
2026-01-16 05:07:35.185524,3736,4699144,0.049662516469089056
2026-01-16 05:12:35.185524,3813,2839387,0.04816402585107998
2026-01-16 05:17:35.185524,4253,4469887,0.04733503639871264
2026-01-16 05:22:35.185524,3798,6385973,0.045600779540474506
2026-01-16 05:27:35.185524,4966,3437211,0.05167740945660056
2026-01-16 05:32:35.185524,4211,7970305,0.0635659838646599
2026-01-16 05:37:35.185524,4242,8047508,0.05196886644116507
2026-01-16 05:42:35.185524,4466,4492877,0.05962227701365812
2026-01-16 05:47:35.185524,3894,4065361,0.05212293766892613
2026-01-16 05:52:35.185524,3780,4234700,0.04785906076815063
2026-01-16 05:57:35.185524,5055,7179590,0.04504930454889847
2026-01-16 06:02:35.185524,3611,5501439,0.04579963745843761
2026-01-16 06:07:35.185524,5473,7869511,0.04986065520260529
2026-01-16 06:12:35.185524,5058,4861356,0.059565623139443365
2026-01-16 06:17:35.185524,4973,4403911,0.04625996738000505
2026-01-16 06:22:35.185524,4862,4352684,0.06013659831807801
2026-01-16 06:27:35.185524,4874,5388636,0.04530525513537443
2026-01-16 06:32:35.185524,4515,4743204,0.05839601777322126
2026-01-16 06:37:35.185524,4856,8022300,0.0442195073856993
2026-01-16 06:42:35.185524,4849,2434812,0.04324447140929936
2026-01-16 06:47:35.185524,4390,5137203,0.059205361055955245
2026-01-16 06:52:35.185524,4991,3683454,0.04251154592058424
2026-01-16 06:57:35.185524,4670,4851683,0.05349612071813076
2026-01-16 07:02:35.185524,5234,4181252,0.042145667925920866
2026-01-16 07:07:35.185524,5486,3969015,0.058455245701418086
2026-01-16 07:12:35.185524,5214,5517807,0.04995437452288807
2026-01-16 07:17:35.185524,5355,5610154,0.053728992956538886
2026-01-16 07:22:35.185524,4979,8500158,0.05069661699499062
2026-01-16 07:27:35.185524,4062,4760024,0.053315283172393424
2026-01-16 07:32:35.185524,5174,4417357,0.04137287387990467
2026-01-16 07:37:35.185524,4245,7219662,0.05583208804001346
2026-01-16 07:42:35.185524,4813,4213362,0.04130602705738294
2026-01-16 07:47:35.185524,6016,10116766,0.05171566527734508
2026-01-16 07:52:35.185524,5175,9419974,0.049100510043798666
2026-01-16 07:57:35.185524,5584,10581109,0.051708810123624105
2026-01-16 08:02:35.185524,5192,9047898,0.05184225024258062
2026-01-16 08:07:35.185524,5899,7013906,0.04895287251384396
2026-01-16 08:12:35.185524,6445,6038365,0.0397729381273515
2026-01-16 08:17:35.185524,5491,5073285,0.04819753347474455
2026-01-16 08:22:35.185524,6253,4294226,0.04670975229973891
2026-01-16 08:27:35.185524,5172,10218066,0.038496845294602206
2026-01-16 08:32:35.185524,5256,6282389,0.040012321429738054
2026-01-16 08:37:35.185524,6305,6556783,0.048839491989577856
2026-01-16 08:42:35.185524,6399,10198475,0.057530595884018286
2026-01-16 08:47:35.185524,5517,8404447,0.04883482352979461
2026-01-16 08:52:35.185524,5962,3651253,0.055131002696368975
2026-01-16 08:57:35.185524,5668,4215984,0.048239954781927774
2026-01-16 09:02:35.185524,5862,11514105,0.04252634892044934
2026-01-16 09:07:35.185524,6704,5872343,0.054791183134099954
2026-01-16 09:12:35.185524,6550,4983197,0.04817393713859307
2026-01-16 09:17:35.185524,6488,5967631,0.05509355661731339
2026-01-16 09:22:35.185524,6734,6182295,0.04005756965763214
2026-01-16 09:27:35.185524,6139,11453396,0.037468878734178174
2026-01-16 09:32:35.185524,6882,11735145,0.05304327125898764
2026-01-16 09:37:35.185524,7494,11067779,0.042881470238780944
2026-01-16 09:42:35.185524,6805,11125512,0.04139770207723855
2026-01-16 09:47:35.185524,6236,5721496,0.04057826619621661
2026-01-16 09:52:35.185524,5945,10828613,0.03914846732234096
2026-01-16 09:57:35.185524,7429,13274693,0.053544231441379375
2026-01-16 10:02:35.185524,6762,13312697,0.05195763016001354
2026-01-16 10:07:35.185524,6282,5416599,0.04657921602577112
2026-01-16 10:12:35.185524,5947,5635719,0.03528743561151864
2026-01-16 10:17:35.185524,6353,11141761,0.03491457476939942
2026-01-16 10:22:35.185524,6647,7024784,0.04281077624640514
2026-01-16 10:27:35.185524,6406,10510092,0.05285852332015401
2026-01-16 10:32:35.185524,6572,6040611,0.03517910681483241
2026-01-16 10:37:35.185524,6381,4035293,0.044097133330478655
2026-01-16 10:42:35.185524,5957,6163049,0.04338601967757985
2026-01-16 10:47:35.185524,7773,14159126,0.05267369059102509
2026-01-16 10:52:35.185524,6785,6849824,0.048659327455909264
2026-01-16 10:57:35.185524,6333,9376752,0.051763842175861115
2026-01-16 11:02:35.185524,6927,9909431,0.03378338884340353
2026-01-16 11:07:35.185524,6604,12030251,0.04325794397622455
2026-01-16 11:12:35.185524,7619,4222197,0.04404881869348874
2026-01-16 11:17:35.185524,6793,12376313,0.03422007284889268
2026-01-16 11:22:35.185524,6915,3802306,0.05011866193728125
2026-01-16 11:27:35.185524,7433,13918416,0.031756292033067714
2026-01-16 11:32:35.185524,7105,7947219,0.05068036880475931
2026-01-16 11:37:35.185524,7522,14258506,0.047452258704549305
2026-01-16 11:42:35.185524,7598,14783867,0.045574599335722596
2026-01-16 11:47:35.185524,7653,3876335,0.042622141028903604
2026-01-16 11:52:35.185524,7229,13927051,0.03876135196766145
2026-01-16 11:57:35.185524,7118,5261908,0.03074421447578353
2026-01-16 12:02:35.185524,8113,5234437,0.042391695866812455
2026-01-16 12:07:35.185524,7976,4810154,0.04122760749485027
2026-01-16 12:12:35.185524,7183,3843617,0.04630452350470153
2026-01-16 12:17:35.185524,7241,6312528,0.038372701227716036
2026-01-16 12:22:35.185524,7485,6596205,0.02946698443753435
2026-01-16 12:27:35.185524,7669,4839956,0.035437677427252554
2026-01-16 12:32:35.185524,7222,6852671,0.035158739006180724
2026-01-16 12:37:35.185524,7711,10248219,0.031124404544196984
2026-01-16 12:42:35.185524,8042,7613886,0.034016174636272836
2026-01-16 12:47:35.185524,7465,12649519,0.03612444818318832
2026-01-16 12:52:35.185524,7660,15050986,0.04694484083740006
2026-01-16 12:57:35.185524,7312,13173926,0.046901251059802064
2026-01-16 13:02:35.185524,7568,6537923,0.04114192085589809
2026-01-16 13:07:35.185524,7090,8575549,0.031044077609268306
2026-01-16 13:12:35.185524,6895,10553517,0.04135683181593909
2026-01-16 13:17:35.185524,7421,7817176,0.03505119010371775
2026-01-16 13:22:35.185524,8698,15063577,0.028266152257144066
2026-01-16 13:27:35.185524,7093,9771018,0.036215038355635665
2026-01-16 13:32:35.185524,7571,5221358,0.03817248218318271
2026-01-16 13:37:35.185524,8536,10010037,0.02656913108019074
2026-01-16 13:42:35.185524,6871,4203446,0.02631698025749267
2026-01-16 13:47:35.185524,7456,11159375,0.04280737147130307
2026-01-16 13:52:35.185524,7924,15440190,0.03804123933218661
2026-01-16 13:57:35.185524,7304,13180599,0.03149877035681954
2026-01-16 14:02:35.185524,8060,11179970,0.042345244399223235
2026-01-16 14:07:35.185524,7693,5095521,0.032802667108174956
2026-01-16 14:12:35.185524,7307,11950219,0.04034756801358596
2026-01-16 14:17:35.185524,8136,10021183,0.03477441903125947
2026-01-16 14:22:35.185524,6439,7704373,0.03140038547893307
2026-01-16 14:27:35.185524,8492,13968361,0.03771725510379932
2026-01-16 14:32:35.185524,7097,9505975,0.042675241219723735
2026-01-16 14:37:35.185524,7968,6722770,0.036288931787446105
2026-01-16 14:42:35.185524,7348,12166313,0.043377847215491344
2026-01-16 14:47:35.185524,6877,7047725,0.03671836185286418
2026-01-16 14:52:35.185524,7876,7273599,0.035283225604201454
2026-01-16 14:57:35.185524,7460,14192161,0.02755416071116011
2026-01-16 15:02:35.185524,7372,13494967,0.03391534262529776
2026-01-16 15:07:35.185524,8175,8621026,0.03138970163072477
2026-01-16 15:12:35.185524,6362,8236147,0.032708386285077155
2026-01-16 15:17:35.185524,7125,12849929,0.03217341023225087
2026-01-16 15:22:35.185524,6997,5510164,0.04081440620479714
2026-01-16 15:27:35.185524,6926,12652237,0.03825075691583069
2026-01-16 15:32:35.185524,7245,5793009,0.027095877116049168
2026-01-16 15:37:35.185524,6270,11621748,0.04005941510668094
2026-01-16 15:42:35.185524,6833,8893074,0.03891677030707556
2026-01-16 15:47:35.185524,7176,13144032,0.03697702758803624
2026-01-16 15:52:35.185524,6875,3488386,0.03849171388377919
2026-01-16 15:57:35.185524,6860,11585211,0.03530094872801872
2026-01-16 16:02:35.185524,6819,10784045,0.024299435491427643
2026-01-16 16:07:35.185524,7121,12646828,0.022047438126273883
2026-01-16 16:12:35.185524,8172,8353823,0.02328200839172344
2026-01-16 16:17:35.185524,7148,12886912,0.028365040408020258
2026-01-16 16:22:35.185524,6518,7534433,0.03292899864958214
2026-01-16 16:27:35.185524,6738,8258968,0.019198933348121706
2026-01-16 16:32:35.185524,5651,3157473,0.021880803786276423
2026-01-16 16:37:35.185524,7127,7985705,0.022952333769299272
2026-01-16 16:42:35.185524,6447,11399267,0.033437920135692835
2026-01-16 16:47:35.185524,7395,12869757,0.03799520174824381
2026-01-16 16:52:35.185524,6612,3750803,0.0222770484447286
2026-01-16 16:57:35.185524,6729,9173375,0.021380455423127602
2026-01-16 17:02:35.185524,6786,5452692,0.027278783830967608
2026-01-16 17:07:35.185524,6763,5259662,0.02615542465269599
2026-01-16 17:12:35.185524,5630,9011311,0.0324497201776099
2026-01-16 17:17:35.185524,7700,13621136,0.024874051830372765
2026-01-16 17:22:35.185524,5794,3034029,0.020028246764222574
2026-01-16 17:27:35.185524,7086,5290291,0.03622950940894614
2026-01-16 17:32:35.185524,5925,8014426,0.017647931811376458
2026-01-16 17:37:35.185524,6859,4319367,0.033548230850174755
2026-01-16 17:42:35.185524,7013,11928463,0.018174629059577476
2026-01-16 17:47:35.185524,6253,7483890,0.033171089922176024
2026-01-16 17:52:35.185524,6703,5198323,0.0316455802365358
2026-01-16 17:57:35.185524,6402,10171046,0.022770734525316205
2026-01-16 18:02:35.185524,5769,5359790,0.031083195761534198
2026-01-16 18:07:35.185524,6996,7661499,0.026740743926602625
2026-01-16 18:12:35.185524,6345,4918896,0.01993618485992238
2026-01-16 18:17:35.185524,6143,6413645,0.01931302765462585
2026-01-16 18:22:35.185524,6560,5542705,0.027275320191891186
2026-01-16 18:27:35.185524,6088,4048296,0.02465395169090801
2026-01-16 18:32:35.185524,6521,11496658,0.024714790313443955
2026-01-16 18:37:35.185524,5939,7175779,0.01976925193770012
2026-01-16 18:42:35.185524,6529,10897067,0.01545095588098783
2026-01-16 18:47:35.185524,7429,4260117,0.027527686378562864
2026-01-16 18:52:35.185524,5759,8971358,0.022492060130198617
2026-01-16 18:57:35.185524,6420,9865820,0.03246137939366233
2026-01-16 19:02:35.185524,6047,3256100,0.015154770037719492
2026-01-16 19:07:35.185524,5296,6992203,0.01622054748936174
2026-01-16 19:12:35.185524,6495,8625700,0.02036860222313298
2026-01-16 19:17:35.185524,5782,5306918,0.016935263702626185
2026-01-16 19:22:35.185524,5784,5561516,0.012476562679458026
2026-01-16 19:27:35.185524,6093,4331805,0.021424918349309586
2026-01-16 19:32:35.185524,6326,6766237,0.011385365416336194
2026-01-16 19:37:35.185524,6360,3475958,0.017704853315478518
2026-01-16 19:42:35.185524,5788,9611091,0.022526012786189258
2026-01-16 19:47:35.185524,5584,6303946,0.026460918714438397
2026-01-16 19:52:35.185524,5092,9688924,0.018754987781682643
2026-01-16 19:57:35.185524,6082,9534604,0.028974000666230834
2026-01-16 20:02:35.185524,5410,8071114,0.01449141564734498
2026-01-16 20:07:35.185524,5742,4297928,0.023816383999111457
2026-01-16 20:12:35.185524,5507,9129356,0.027539737527846823
2026-01-16 20:17:35.185524,5504,8964170,0.010315125611936246
2026-01-16 20:22:35.185524,5034,4134529,0.018592249442048417
2026-01-16 20:27:35.185524,5423,9415478,0.018298183775647896
2026-01-16 20:32:35.185524,4302,5301547,0.011814247943528821
2026-01-16 20:37:35.185524,4875,8526020,0.025341689516813974
2026-01-16 20:42:35.185524,4616,7782406,0.02359455641881262
2026-01-16 20:47:35.185524,5183,8679849,0.015537567762771643
2026-01-16 20:52:35.185524,4750,8730388,0.008369186067627793
2026-01-16 20:57:35.185524,6062,6182887,0.0180330010442062
2026-01-16 21:02:35.185524,5144,3317071,0.014611556911137854
2026-01-16 21:07:35.185524,5461,10287408,0.007153064563706022
2026-01-16 21:12:35.185524,4556,4944973,0.01755036130026163
2026-01-16 21:17:35.185524,5125,4710361,0.01581511554464482
2026-01-16 21:22:35.185524,4637,3599965,0.01808659875125687
2026-01-16 21:27:35.185524,4505,2581383,0.013656271147991787
2026-01-16 21:32:35.185524,4322,4878419,0.024068412226764445
2026-01-16 21:37:35.185524,5097,2555908,0.016415069136734343
2026-01-16 21:42:35.185524,4915,6976514,0.015557770889793519
2026-01-16 21:47:35.185524,3909,4632266,0.0067834245765253185
2026-01-16 21:52:35.185524,4280,2369362,0.008694063424154068
2026-01-16 21:57:35.185524,4586,2880900,0.016219976242643045
2026-01-16 22:02:35.185524,4450,5494962,0.01321806055989081
2026-01-16 22:07:35.185524,4576,2383442,0.019736848136726208
2026-01-16 22:12:35.185524,4063,5345480,0.018731040849631113
2026-01-16 22:17:35.185524,4556,3823411,0.011704843049292164
2026-01-16 22:22:35.185524,4598,3099037,0.010404224044679266
2026-01-16 22:27:35.185524,4610,4302386,0.014188485997754184
2026-01-16 22:32:35.185524,4728,6302193,0.004808517317106768
2026-01-16 22:37:35.185524,3760,6523634,0.022249343338131472
2026-01-16 22:42:35.185524,4786,2915844,0.006674648416237536
2026-01-16 22:47:35.185524,3541,4310706,0.008092831062955724
2026-01-16 22:52:35.185524,4561,4037595,0.008419902417205048
2026-01-16 22:57:35.185524,4265,6331018,0.007241021078437985
2026-01-16 23:02:35.185524,3341,5159194,0.016087936144600478
2026-01-16 23:07:35.185524,4791,6160401,0.010940272180280174
2026-01-16 23:12:35.185524,3417,4760404,0.012093183124382482
2026-01-16 23:17:35.185524,4090,7148937,0.009767233330773891
2026-01-16 23:22:35.185524,3977,6393540,0.002802590398796075
2026-01-16 23:27:35.185524,4381,4645277,0.007696942479469311
2026-01-16 23:32:35.185524,4461,2468918,0.005581239054260491
2026-01-16 23:37:35.185524,3177,2720023,0.005455984212950063
2026-01-16 23:42:35.185524,4024,4891453,0.013113970010156793
2026-01-16 23:47:35.185524,4777,9534118,0.013495628962182649
2026-01-16 23:52:35.185524,3259,3898999,0.01954132585425855
2026-01-16 23:57:35.185524,3915,2982285,0.00730480430709388
2026-01-17 00:02:35.185524,3660,3609232,0.0005329321190641161
2026-01-17 00:07:35.185524,4906,5523072,0.008869544398417079
2026-01-17 00:12:35.185524,3151,3359717,0.016920805838197647
2026-01-17 00:17:35.185524,3660,4834008,0.004839510653075839
2026-01-17 00:22:35.185524,2666,4775526,0.00014641945538826882
2026-01-17 00:27:35.185524,3841,6344376,0.006807023489524821
2026-01-17 00:32:35.185524,3288,6022233,0.0020812169247800957
2026-01-17 00:37:35.185524,4622,3493841,0.0018688351506886422
2026-01-17 00:42:35.185524,3395,2997167,0.008678620291104123
2026-01-17 00:47:35.185524,3770,4849737,0.004515585857509194
2026-01-17 00:52:35.185524,3798,1999507,0.007796381402373188
2026-01-17 00:57:35.185524,2905,4201545,0.0017283244018138234
2026-01-17 01:02:35.185524,3914,2085827,0.014159511348160759
2026-01-17 01:07:35.185524,3077,2610891,0.008760182812909962
2026-01-17 01:12:35.185524,3311,6494942,0.006485889998276633
2026-01-17 01:17:35.185524,4376,7091226,0.013256711044452052
2026-01-17 01:22:35.185524,3329,2496157,0.0
2026-01-17 01:27:35.185524,3503,1819395,0.002145411613102114
2026-01-17 01:32:35.185524,3458,5647161,0.0030013064542357528
2026-01-17 01:37:35.185524,3296,5187862,0.0003682259637874455
2026-01-17 01:42:35.185524,3443,4713244,0.0005393897511647905
2026-01-17 01:47:35.185524,3396,6097704,0.0
2026-01-17 01:52:35.185524,4046,4688346,0.004992816023309296
2026-01-17 01:57:35.185524,2993,4798415,0.0017239595713992887
2026-01-17 02:02:35.185524,3720,5759641,0.0
2026-01-17 02:07:35.185524,3137,4710550,0.0
2026-01-17 02:12:35.185524,3367,5485621,0.0
2026-01-17 02:17:35.185524,3410,6020686,0.003507032772834996
2026-01-17 02:22:35.185524,3108,5141288,0.0022407068417365644
2026-01-17 02:27:35.185524,4233,3391367,0.0
2026-01-17 02:32:35.185524,3535,6500937,0.002187356759832424
2026-01-17 02:37:35.185524,3509,2870354,0.010190373505555508
2026-01-17 02:42:35.185524,3308,6288992,0.006227103222060465
2026-01-17 02:47:35.185524,3195,5157783,0.0
2026-01-17 02:52:35.185524,3490,3895622,0.0
2026-01-17 02:57:35.185524,4364,7628495,0.007481304034805241
2026-01-17 03:02:35.185524,3393,3465081,0.008786274714649088
2026-01-17 03:07:35.185524,3218,2579183,0.0021154393580891523
2026-01-17 03:12:35.185524,4155,5973970,0.0
2026-01-17 03:17:35.185524,4229,4650538,0.0
2026-01-17 03:22:35.185524,4182,3766987,0.004107084797953148
2026-01-17 03:27:35.185524,2915,5707328,0.005136293539143921
2026-01-17 03:32:35.185524,3550,1880612,0.0
2026-01-17 03:37:35.185524,3919,7461998,0.0
2026-01-17 03:42:35.185524,3566,2596348,0.0
2026-01-17 03:47:35.185524,4396,8661097,0.0
2026-01-17 03:52:35.185524,4029,6901732,0.007804863315858267
2026-01-17 03:57:35.185524,4134,6319106,0.0
2026-01-17 04:02:35.185524,3199,4472066,0.0032317489428645204
2026-01-17 04:07:35.185524,4034,3095790,0.0
2026-01-17 04:12:35.185524,4295,2732856,0.0034356674969767687
2026-01-17 04:17:35.185524,4261,4425387,0.005871845715071338
2026-01-17 04:22:35.185524,3563,3035172,0.0
2026-01-17 04:27:35.185524,4243,2976400,0.005758961681322583
2026-01-17 04:32:35.185524,4821,7036183,0.0
2026-01-17 04:37:35.185524,3785,5059180,0.0
2026-01-17 04:42:35.185524,3934,3139332,0.0
2026-01-17 04:47:35.185524,3878,6045179,0.0
2026-01-17 04:52:35.185524,3425,2054145,0.0
2026-01-17 04:57:35.185524,4211,4835105,0.0
2026-01-17 05:02:35.185524,4240,6905474,0.0
2026-01-17 05:07:35.185524,4371,4522274,0.0
2026-01-17 05:12:35.185524,4201,7362919,0.0
2026-01-17 05:17:35.185524,4595,4326126,0.0
2026-01-17 05:22:35.185524,3534,5225244,0.0028400284030408573
2026-01-17 05:27:35.185524,4689,3920281,0.0
2026-01-17 05:32:35.185524,4063,6452222,0.001235448409082537
2026-01-17 05:37:35.185524,4581,4111159,0.0
2026-01-17 05:42:35.185524,3756,5328518,0.0
2026-01-17 05:47:35.185524,4339,3498034,0.0
2026-01-17 05:52:35.185524,4893,8011194,0.0
2026-01-17 05:57:35.185524,4462,5541038,0.0
2026-01-17 06:02:35.185524,4720,3059775,0.0
2026-01-17 06:07:35.185524,4179,3683383,0.0022111143322396266
2026-01-17 06:12:35.185524,4457,4365721,0.0
2026-01-17 06:17:35.185524,5222,7219057,0.0
2026-01-17 06:22:35.185524,4864,6009503,0.002488618273838219
2026-01-17 06:27:35.185524,5101,3962137,0.0
2026-01-17 06:32:35.185524,5090,3285534,0.0
2026-01-17 06:37:35.185524,5113,7542371,0.0
2026-01-17 06:42:35.185524,4500,2489094,0.0
2026-01-17 06:47:35.185524,4721,8300486,0.0006241792891068538
2026-01-17 06:52:35.185524,5296,3334402,0.0
2026-01-17 06:57:35.185524,5484,7894879,0.0
2026-01-17 07:02:35.185524,4686,6101561,0.0
2026-01-17 07:07:35.185524,4981,4898967,0.0
2026-01-17 07:12:35.185524,3758,7403675,0.0
2026-01-17 07:17:35.185524,4558,5293917,0.0004508346444445765
2026-01-17 07:22:35.185524,5854,8103853,0.0
2026-01-17 07:27:35.185524,4926,6725004,0.0
2026-01-17 07:32:35.185524,4877,8667325,0.0
2026-01-17 07:37:35.185524,5276,5515434,0.0008913676483664982
2026-01-17 07:42:35.185524,5562,8048242,0.0
2026-01-17 07:47:35.185524,5719,2948295,0.0
2026-01-17 07:52:35.185524,6091,8719249,0.0
2026-01-17 07:57:35.185524,5183,7416544,0.0
2026-01-17 08:02:35.185524,5831,3111215,0.0
2026-01-17 08:07:35.185524,5578,9714486,0.0
2026-01-17 08:12:35.185524,6334,6153838,0.0
2026-01-17 08:17:35.185524,5531,5728532,0.0
2026-01-17 08:22:35.185524,5731,7831139,0.0
2026-01-17 08:27:35.185524,5740,7289631,0.0
2026-01-17 08:32:35.185524,5653,3432236,0.0
2026-01-17 08:37:35.185524,5915,10200672,0.0
2026-01-17 08:42:35.185524,5892,6913045,0.0
2026-01-17 08:47:35.185524,5952,6186935,0.0
2026-01-17 08:52:35.185524,7218,13009544,0.0
2026-01-17 08:57:35.185524,6008,4748503,0.0
2026-01-17 09:02:35.185524,6107,4316032,0.0
2026-01-17 09:07:35.185524,5603,10240148,0.0
2026-01-17 09:12:35.185524,6509,6180455,0.0
2026-01-17 09:17:35.185524,6119,9087181,0.0
2026-01-17 09:22:35.185524,6300,10593841,0.0
2026-01-17 09:27:35.185524,6494,7256391,0.0
2026-01-17 09:32:35.185524,6324,7782767,0.0
2026-01-17 09:37:35.185524,7023,9247079,0.0
2026-01-17 09:42:35.185524,6549,4760546,0.0
2026-01-17 09:47:35.185524,6017,6174045,0.0
2026-01-17 09:52:35.185524,6510,8417069,0.0
2026-01-17 09:57:35.185524,6056,9264174,0.0
2026-01-17 10:02:35.185524,6362,4387849,0.0
2026-01-17 10:07:35.185524,5473,4918902,0.0
2026-01-17 10:12:35.185524,6709,9904937,0.0
2026-01-17 10:17:35.185524,6516,6579325,0.0
2026-01-17 10:22:35.185524,7093,3613584,0.0
2026-01-17 10:27:35.185524,6206,6477900,0.0
2026-01-17 10:32:35.185524,6922,5110055,0.0
2026-01-17 10:37:35.185524,6135,9278377,0.0
2026-01-17 10:42:35.185524,7291,14464211,0.0
2026-01-17 10:47:35.185524,7052,13750608,0.0
2026-01-17 10:52:35.185524,7344,12590914,0.0
2026-01-17 10:57:35.185524,7154,9473211,0.0
2026-01-17 11:02:35.185524,6983,10212300,0.0
2026-01-17 11:07:35.185524,7516,5318197,0.0
2026-01-17 11:12:35.185524,6654,9868334,0.0
2026-01-17 11:17:35.185524,5866,2956020,0.0
2026-01-17 11:22:35.185524,7089,6761212,0.0
2026-01-17 11:27:35.185524,6894,9413666,0.0
2026-01-17 11:32:35.185524,7545,4740533,0.0
2026-01-17 11:37:35.185524,7037,3768342,0.0
2026-01-17 11:42:35.185524,7598,5536181,0.0
2026-01-17 11:47:35.185524,6935,9681217,0.0
2026-01-17 11:52:35.185524,7494,6849776,0.0
2026-01-17 11:57:35.185524,6536,6196119,0.0
2026-01-17 12:02:35.185524,7067,8484780,0.0
2026-01-17 12:07:35.185524,8284,15971202,0.0
2026-01-17 12:12:35.185524,8268,9671359,0.0
2026-01-17 12:17:35.185524,6883,13729302,0.0
2026-01-17 12:22:35.185524,8322,5502515,0.0
2026-01-17 12:27:35.185524,7356,8706840,0.0
2026-01-17 12:32:35.185524,7716,8045983,0.0
2026-01-17 12:37:35.185524,7385,10530257,0.0
2026-01-17 12:42:35.185524,7252,10514310,0.0
2026-01-17 12:47:35.185524,7538,4931992,0.0
2026-01-17 12:52:35.185524,7454,8381328,0.0
2026-01-17 12:57:35.185524,8005,8957238,0.0
2026-01-17 13:02:35.185524,7319,4636581,0.0
2026-01-17 13:07:35.185524,7593,11773862,0.0
2026-01-17 13:12:35.185524,7416,7770925,0.0
2026-01-17 13:17:35.185524,7185,12918306,0.0
2026-01-17 13:22:35.185524,6620,8117084,0.0
2026-01-17 13:27:35.185524,7005,12942002,0.0
2026-01-17 13:32:35.185524,7427,13891187,0.0
2026-01-17 13:37:35.185524,7092,8039235,0.0
2026-01-17 13:42:35.185524,8582,14162187,0.0
2026-01-17 13:47:35.185524,7595,12873553,0.0
2026-01-17 13:52:35.185524,7551,14930157,0.0
2026-01-17 13:57:35.185524,7735,8486564,0.0
2026-01-17 14:02:35.185524,7990,7733843,0.0
2026-01-17 14:07:35.185524,7398,4487266,0.0
2026-01-17 14:12:35.185524,7832,10340028,0.0
2026-01-17 14:17:35.185524,7227,11061357,0.0
2026-01-17 14:22:35.185524,7857,9527431,0.0
2026-01-17 14:27:35.185524,7508,10994564,0.0
2026-01-17 14:32:35.185524,6912,10136038,0.0
2026-01-17 14:37:35.185524,8303,4224682,0.0
2026-01-17 14:42:35.185524,7366,6459083,0.0
2026-01-17 14:47:35.185524,7332,6977587,0.0
2026-01-17 14:52:35.185524,7678,5896229,0.0
2026-01-17 14:57:35.185524,7765,12311373,0.0
2026-01-17 15:02:35.185524,7257,12124655,0.0
2026-01-17 15:07:35.185524,6454,4765470,0.0
2026-01-17 15:12:35.185524,6718,11726697,0.0
2026-01-17 15:17:35.185524,8146,11614966,0.0
2026-01-17 15:22:35.185524,6351,9160840,0.0
2026-01-17 15:27:35.185524,6418,3282054,0.0
2026-01-17 15:32:35.185524,7093,12382201,0.0
2026-01-17 15:37:35.185524,7880,15617629,0.0
2026-01-17 15:42:35.185524,7335,3751150,0.0
2026-01-17 15:47:35.185524,6764,4663997,0.0
2026-01-17 15:52:35.185524,8657,14739324,0.0
2026-01-17 15:57:35.185524,6908,10512229,0.0
2026-01-17 16:02:35.185524,7526,14581978,0.0
2026-01-17 16:07:35.185524,6226,9653924,0.0
2026-01-17 16:12:35.185524,7067,6358342,0.0
2026-01-17 16:17:35.185524,6918,11517758,0.0
2026-01-17 16:22:35.185524,8248,10084552,0.0
2026-01-17 16:27:35.185524,7019,8936049,0.0
2026-01-17 16:32:35.185524,7891,5823351,0.0
2026-01-17 16:37:35.185524,7480,6354593,0.0
2026-01-17 16:42:35.185524,6917,8207051,0.0
2026-01-17 16:47:35.185524,6676,4357118,0.0
2026-01-17 16:52:35.185524,5900,5709998,0.0
2026-01-17 16:57:35.185524,7165,11616354,0.0
2026-01-17 17:02:35.185524,6986,7219404,0.0
2026-01-17 17:07:35.185524,7346,5011853,0.0
2026-01-17 17:12:35.185524,6539,9034797,0.0
2026-01-17 17:17:35.185524,6085,5434143,0.0
2026-01-17 17:22:35.185524,6677,7654937,0.0
2026-01-17 17:27:35.185524,7130,7335899,0.0
2026-01-17 17:32:35.185524,7318,9408646,0.0
2026-01-17 17:37:35.185524,6476,11555978,0.0
2026-01-17 17:42:35.185524,6343,5860009,0.0
2026-01-17 17:47:35.185524,6742,9460072,0.0
2026-01-17 17:52:35.185524,7296,14436931,0.0
2026-01-17 17:57:35.185524,6234,10500222,0.0
2026-01-17 18:02:35.185524,6773,7184426,0.0
2026-01-17 18:07:35.185524,6712,12593868,0.0
2026-01-17 18:12:35.185524,6623,12527488,0.0
2026-01-17 18:17:35.185524,6548,6157542,0.0
2026-01-17 18:22:35.185524,6505,9499728,0.0
2026-01-17 18:27:35.185524,5832,4636602,0.0
2026-01-17 18:32:35.185524,6498,5326282,0.0
2026-01-17 18:37:35.185524,5253,8299005,0.0
2026-01-17 18:42:35.185524,5504,8387971,0.0
2026-01-17 18:47:35.185524,5692,8723992,0.0
2026-01-17 18:52:35.185524,7199,6410084,0.0
2026-01-17 18:57:35.185524,5680,9460938,0.0
2026-01-17 19:02:35.185524,5545,3045857,0.0
2026-01-17 19:07:35.185524,6411,7106918,0.0
2026-01-17 19:12:35.185524,6416,7003982,0.0
2026-01-17 19:17:35.185524,6294,4550054,0.0
2026-01-17 19:22:35.185524,5122,10047289,0.0
2026-01-17 19:27:35.185524,6030,8550259,0.0
2026-01-17 19:32:35.185524,5702,7338489,0.0
2026-01-17 19:37:35.185524,6257,4502014,0.0
2026-01-17 19:42:35.185524,5402,9034016,0.0
2026-01-17 19:47:35.185524,6029,3592864,0.0
2026-01-17 19:52:35.185524,4921,8950477,0.0
2026-01-17 19:57:35.185524,5756,11225252,0.0
2026-01-17 20:02:35.185524,5239,8567664,0.0
2026-01-17 20:07:35.185524,5972,8755179,0.0
2026-01-17 20:12:35.185524,5072,8869117,0.0
2026-01-17 20:17:35.185524,4592,6704415,0.0
2026-01-17 20:22:35.185524,6103,10697567,0.0
2026-01-17 20:27:35.185524,4691,3093359,0.0
2026-01-17 20:32:35.185524,5363,4870802,0.0
2026-01-17 20:37:35.185524,4751,5780520,0.0
2026-01-17 20:42:35.185524,5136,8807499,0.0
2026-01-17 20:47:35.185524,4960,6675258,0.0
2026-01-17 20:52:35.185524,5291,8749160,0.0
2026-01-17 20:57:35.185524,5004,8706075,0.0
2026-01-17 21:02:35.185524,5494,3113513,0.0
2026-01-17 21:07:35.185524,4186,3345837,0.0
2026-01-17 21:12:35.185524,5552,10054716,0.0
2026-01-17 21:17:35.185524,4981,5176789,0.0
2026-01-17 21:22:35.185524,5190,7524447,0.0
2026-01-17 21:27:35.185524,4774,2585275,0.0
2026-01-17 21:32:35.185524,4359,7007613,0.0
2026-01-17 21:37:35.185524,4413,7535936,0.0
2026-01-17 21:42:35.185524,4341,3640944,0.0
2026-01-17 21:47:35.185524,4843,5302334,0.0
2026-01-17 21:52:35.185524,4877,9206072,0.0
2026-01-17 21:57:35.185524,4705,9037961,0.0
2026-01-17 22:02:35.185524,3767,3312551,0.0
2026-01-17 22:07:35.185524,4045,3964992,0.0
2026-01-17 22:12:35.185524,5061,5608741,0.0
2026-01-17 22:17:35.185524,4186,6662625,0.0
2026-01-17 22:22:35.185524,4946,5689964,0.0
2026-01-17 22:27:35.185524,4373,5926356,0.0
2026-01-17 22:32:35.185524,4285,6984758,0.0
2026-01-17 22:37:35.185524,3993,4772180,0.0
2026-01-17 22:42:35.185524,4240,4719908,0.0
2026-01-17 22:47:35.185524,3849,3622175,0.0
2026-01-17 22:52:35.185524,4513,7712744,0.0
2026-01-17 22:57:35.185524,3342,6675298,0.0
2026-01-17 23:02:35.185524,4051,5496802,0.0
2026-01-17 23:07:35.185524,4428,5677381,0.0
2026-01-17 23:12:35.185524,3974,5989175,0.0
2026-01-17 23:17:35.185524,4379,6274477,0.0
2026-01-17 23:22:35.185524,3934,5245546,0.0
2026-01-17 23:27:35.185524,4298,7586095,0.0
2026-01-17 23:32:35.185524,3183,1866373,0.0
2026-01-17 23:37:35.185524,3623,3235698,0.0
2026-01-17 23:42:35.185524,3476,1849160,0.0
2026-01-17 23:47:35.185524,3703,2194587,0.0
2026-01-17 23:52:35.185524,3552,4230089,0.0
2026-01-17 23:57:35.185524,3659,2654504,0.0
2026-01-18 00:02:35.185524,3641,5830037,0.0
2026-01-18 00:07:35.185524,4667,2720607,0.0
2026-01-18 00:12:35.185524,3502,4078280,0.0
2026-01-18 00:17:35.185524,4123,8184688,0.0
2026-01-18 00:22:35.185524,4204,2209180,0.0
2026-01-18 00:27:35.185524,3940,4235482,0.0
2026-01-18 00:32:35.185524,3211,2887474,0.0
2026-01-18 00:37:35.185524,3678,4254633,0.0
2026-01-18 00:42:35.185524,4196,3096582,0.0
2026-01-18 00:47:35.185524,4123,2093823,0.0
2026-01-18 00:52:35.185524,3279,5665974,0.0
2026-01-18 00:57:35.185524,3895,4247011,0.0
2026-01-18 01:02:35.185524,3416,4574818,0.0
2026-01-18 01:07:35.185524,3957,7568307,0.0
2026-01-18 01:12:35.185524,4093,5330788,0.0
2026-01-18 01:17:35.185524,4365,3149910,0.0
2026-01-18 01:22:35.185524,3114,1807824,0.0
2026-01-18 01:27:35.185524,3955,7415085,0.0
2026-01-18 01:32:35.185524,3670,1849944,0.0
2026-01-18 01:37:35.185524,2977,2179890,0.0
2026-01-18 01:42:35.185524,3066,4858280,0.0
2026-01-18 01:47:35.185524,4127,4130953,0.0
2026-01-18 01:52:35.185524,4129,3230395,0.0
2026-01-18 01:57:35.185524,2919,2332051,0.0
2026-01-18 02:02:35.185524,3508,6154216,0.0
2026-01-18 02:07:35.185524,3254,4393131,0.0
2026-01-18 02:12:35.185524,3086,4638175,0.0
2026-01-18 02:17:35.185524,3480,6307977,0.0
2026-01-18 02:22:35.185524,4071,2897548,0.0
2026-01-18 02:27:35.185524,3538,2828015,0.0
2026-01-18 02:32:35.185524,3973,4226507,0.0
2026-01-18 02:37:35.185524,3326,2034706,0.0
2026-01-18 02:42:35.185524,3729,2675517,0.0
2026-01-18 02:47:35.185524,4087,5852537,0.0
2026-01-18 02:52:35.185524,3594,2285151,0.0
2026-01-18 02:57:35.185524,3968,4466455,0.0
2026-01-18 03:02:35.185524,3464,4693371,0.0
2026-01-18 03:07:35.185524,3965,7582398,0.0
2026-01-18 03:12:35.185524,3072,2643243,0.0
2026-01-18 03:17:35.185524,3819,5344218,0.0
2026-01-18 03:22:35.185524,3095,3979922,0.0
2026-01-18 03:27:35.185524,3431,6506473,0.0
2026-01-18 03:32:35.185524,4241,5428193,0.0
2026-01-18 03:37:35.185524,3633,4572382,0.0
2026-01-18 03:42:35.185524,5012,8688450,0.0
2026-01-18 03:47:35.185524,4561,7861724,0.0
2026-01-18 03:52:35.185524,3727,1974713,0.0
2026-01-18 03:57:35.185524,3159,1617885,0.0
2026-01-18 04:02:35.185524,3629,5771251,0.0
2026-01-18 04:07:35.185524,3383,2130134,0.0
2026-01-18 04:12:35.185524,4635,6244067,0.0
2026-01-18 04:17:35.185524,3652,1937225,0.0
2026-01-18 04:22:35.185524,3770,2828685,0.0
2026-01-18 04:27:35.185524,4117,6205112,0.0
2026-01-18 04:32:35.185524,4589,4301333,0.0
2026-01-18 04:37:35.185524,3944,5557775,0.0
2026-01-18 04:42:35.185524,3913,6494728,0.0
2026-01-18 04:47:35.185524,4587,5639048,0.0
2026-01-18 04:52:35.185524,4290,2915223,0.0
2026-01-18 04:57:35.185524,4313,8408628,0.0
2026-01-18 05:02:35.185524,4400,2553020,0.0
2026-01-18 05:07:35.185524,5174,4940865,0.0
2026-01-18 05:12:35.185524,4347,2554421,0.0
2026-01-18 05:17:35.185524,3997,6232134,0.0
2026-01-18 05:22:35.185524,4197,5837725,0.0
2026-01-18 05:27:35.185524,5148,8843296,0.0
2026-01-18 05:32:35.185524,4369,3754600,0.0
2026-01-18 05:37:35.185524,3986,3614363,0.0
2026-01-18 05:42:35.185524,3988,3375463,0.0
2026-01-18 05:47:35.185524,3439,5092102,0.0
2026-01-18 05:52:35.185524,4844,3342721,0.0
2026-01-18 05:57:35.185524,5025,9658384,0.0
2026-01-18 06:02:35.185524,4956,7472970,0.0
2026-01-18 06:07:35.185524,4934,4469766,0.0
2026-01-18 06:12:35.185524,4681,4134925,0.0
2026-01-18 06:17:35.185524,5432,7649292,0.0
2026-01-18 06:22:35.185524,5135,4777349,0.0
2026-01-18 06:27:35.185524,4775,5777445,0.0
2026-01-18 06:32:35.185524,4765,9029729,0.0
2026-01-18 06:37:35.185524,4883,5677820,0.0
2026-01-18 06:42:35.185524,5551,4576334,0.0
2026-01-18 06:47:35.185524,5712,2930785,0.0
2026-01-18 06:52:35.185524,4542,7184862,0.0
2026-01-18 06:57:35.185524,4726,4932170,0.0
2026-01-18 07:02:35.185524,5112,8841310,0.0
2026-01-18 07:07:35.185524,4858,5982932,0.0
2026-01-18 07:12:35.185524,5004,8962092,0.0
2026-01-18 07:17:35.185524,4851,6106625,0.0
2026-01-18 07:22:35.185524,6227,9429382,0.0
2026-01-18 07:27:35.185524,5160,2830053,0.0
2026-01-18 07:32:35.185524,5325,10327471,0.0
2026-01-18 07:37:35.185524,4849,3887725,0.0
2026-01-18 07:42:35.185524,5356,5337437,0.0
2026-01-18 07:47:35.185524,4990,2570233,0.0
2026-01-18 07:52:35.185524,5041,7097712,0.0
2026-01-18 07:57:35.185524,5857,6780682,0.0
2026-01-18 08:02:35.185524,5105,5730324,0.0
2026-01-18 08:07:35.185524,5480,6349858,0.0
2026-01-18 08:12:35.185524,5327,5570379,0.0
2026-01-18 08:17:35.185524,5310,8765784,0.0
2026-01-18 08:22:35.185524,6624,7635866,0.0
2026-01-18 08:27:35.185524,6273,5811997,0.0
2026-01-18 08:32:35.185524,5843,6504063,0.0
2026-01-18 08:37:35.185524,6594,9200301,0.0
2026-01-18 08:42:35.185524,5908,6931176,0.0
2026-01-18 08:47:35.185524,6333,7272685,0.0
2026-01-18 08:52:35.185524,5549,5404494,0.0
2026-01-18 08:57:35.185524,6323,7368560,0.0
2026-01-18 09:02:35.185524,6834,6450787,0.0
2026-01-18 09:07:35.185524,5484,10311900,0.0
2026-01-18 09:12:35.185524,5750,6847729,0.0
2026-01-18 09:17:35.185524,5531,3516010,0.0
2026-01-18 09:22:35.185524,7149,8450807,0.0
2026-01-18 09:27:35.185524,6031,3638170,0.0
2026-01-18 09:32:35.185524,5258,5362564,0.0
2026-01-18 09:37:35.185524,7403,13399861,0.0
2026-01-18 09:42:35.185524,6355,8278007,0.0
2026-01-18 09:47:35.185524,4559,8760446,0.0
2026-01-18 09:52:35.185524,6624,5280270,0.0
2026-01-18 09:57:35.185524,6292,11135452,0.0
2026-01-18 10:02:35.185524,6751,13269838,0.0
2026-01-18 10:07:35.185524,7048,7266524,0.0
2026-01-18 10:12:35.185524,7001,6746279,0.0
2026-01-18 10:17:35.185524,7290,5471224,0.0
2026-01-18 10:22:35.185524,6254,5627743,0.0
2026-01-18 10:27:35.185524,6403,7031116,0.0
2026-01-18 10:32:35.185524,7650,11838157,0.0
2026-01-18 10:37:35.185524,7045,7336470,0.0
2026-01-18 10:42:35.185524,6784,12601153,0.0
2026-01-18 10:47:35.185524,7066,9060283,0.0
2026-01-18 10:52:35.185524,6624,10358789,0.0
2026-01-18 10:57:35.185524,6963,5473042,0.0
2026-01-18 11:02:35.185524,6292,6214328,0.0
2026-01-18 11:07:35.185524,6453,5488085,0.0
2026-01-18 11:12:35.185524,7552,12023298,0.0
2026-01-18 11:17:35.185524,7890,7668947,0.0
2026-01-18 11:22:35.185524,7053,13296064,0.0
2026-01-18 11:27:35.185524,7868,13946581,0.0
2026-01-18 11:32:35.185524,6855,5316664,0.0
2026-01-18 11:37:35.185524,6971,5934867,0.0
2026-01-18 11:42:35.185524,7863,11033392,0.0
2026-01-18 11:47:35.185524,7778,13155722,0.0
2026-01-18 11:52:35.185524,7176,9243524,0.0
2026-01-18 11:57:35.185524,7383,6926722,0.0
2026-01-18 12:02:35.185524,7292,8483030,0.0
2026-01-18 12:07:35.185524,6777,13250059,0.0
2026-01-18 12:12:35.185524,7755,7308997,0.0
2026-01-18 12:17:35.185524,6755,10396261,0.0
2026-01-18 12:22:35.185524,6271,6628785,0.0
2026-01-18 12:27:35.185524,7935,11617138,0.0
2026-01-18 12:32:35.185524,8182,10953484,0.0
2026-01-18 12:37:35.185524,8037,10817525,0.0
2026-01-18 12:42:35.185524,6659,10559909,0.0
2026-01-18 12:47:35.185524,7839,8086683,0.0
2026-01-18 12:52:35.185524,7590,5292328,0.0
2026-01-18 12:57:35.185524,7532,4262681,0.0
2026-01-18 13:02:35.185524,6946,7862292,0.0
2026-01-18 13:07:35.185524,7357,10249260,0.0
2026-01-18 13:12:35.185524,7058,11112297,0.0
2026-01-18 13:17:35.185524,7727,15008056,0.0
2026-01-18 13:22:35.185524,8307,12885368,0.0
2026-01-18 13:27:35.185524,8132,11291502,0.0
2026-01-18 13:32:35.185524,7263,11242775,0.0
2026-01-18 13:37:35.185524,7468,14419108,0.0
2026-01-18 13:42:35.185524,7371,13781629,0.0
2026-01-18 13:47:35.185524,7683,10303403,0.0
2026-01-18 13:52:35.185524,8053,14553798,0.0
2026-01-18 13:57:35.185524,6900,7468924,0.0
2026-01-18 14:02:35.185524,8089,12490355,0.0
2026-01-18 14:07:35.185524,7283,4637055,0.0
2026-01-18 14:12:35.185524,8067,12728272,0.0
2026-01-18 14:17:35.185524,8034,10599068,0.0
2026-01-18 14:22:35.185524,7206,6341300,0.0
2026-01-18 14:27:35.185524,8310,6394848,0.0
2026-01-18 14:32:35.185524,7660,9843495,0.0
2026-01-18 14:37:35.185524,7566,8501383,0.0
2026-01-18 14:42:35.185524,7229,8182901,0.0
2026-01-18 14:47:35.185524,7233,6925042,0.0
2026-01-18 14:52:35.185524,7917,7546933,0.0
2026-01-18 14:57:35.185524,7510,6098183,0.0
2026-01-18 15:02:35.185524,5988,9094172,0.0
2026-01-18 15:07:35.185524,7648,14360578,0.0
2026-01-18 15:12:35.185524,6979,9040462,0.0
2026-01-18 15:17:35.185524,8126,6322150,0.0
2026-01-18 15:22:35.185524,7559,10942709,0.0
2026-01-18 15:27:35.185524,7062,9869779,0.0
2026-01-18 15:32:35.185524,7400,9937034,0.0
2026-01-18 15:37:35.185524,6687,10556769,0.0
2026-01-18 15:42:35.185524,7289,14214843,0.0
2026-01-18 15:47:35.185524,6842,4397812,0.0
2026-01-18 15:52:35.185524,6551,3812202,0.0
2026-01-18 15:57:35.185524,7558,5859441,0.0
2026-01-18 16:02:35.185524,7072,6732150,0.0
2026-01-18 16:07:35.185524,7187,6481404,0.0
2026-01-18 16:12:35.185524,7691,11090698,0.0
2026-01-18 16:17:35.185524,7992,13551809,0.0
2026-01-18 16:22:35.185524,6749,11121118,0.0
2026-01-18 16:27:35.185524,7417,7706453,0.0
2026-01-18 16:32:35.185524,6823,11475679,0.0
2026-01-18 16:37:35.185524,7240,12250154,0.0
2026-01-18 16:42:35.185524,8140,7678434,0.0
2026-01-18 16:47:35.185524,7133,13393105,0.0
2026-01-18 16:52:35.185524,7440,6612026,0.0
2026-01-18 16:57:35.185524,6025,6758128,0.0
2026-01-18 17:02:35.185524,7666,5982351,0.0
2026-01-18 17:07:35.185524,7459,13649849,0.0
2026-01-18 17:12:35.185524,6899,13586420,0.0
2026-01-18 17:17:35.185524,7103,11379971,0.0
2026-01-18 17:22:35.185524,7032,12865181,0.0
2026-01-18 17:27:35.185524,6096,3197063,0.0
2026-01-18 17:32:35.185524,6396,4543111,0.0
2026-01-18 17:37:35.185524,6674,4767122,0.0
2026-01-18 17:42:35.185524,5859,11650800,0.0
2026-01-18 17:47:35.185524,6529,7159795,0.0
2026-01-18 17:52:35.185524,6716,10954410,0.0
2026-01-18 17:57:35.185524,6377,12324157,0.0
2026-01-18 18:02:35.185524,6218,5475937,0.0
2026-01-18 18:07:35.185524,7179,13548846,0.0
2026-01-18 18:12:35.185524,6634,3867214,0.0
2026-01-18 18:17:35.185524,5372,10326430,0.0
2026-01-18 18:22:35.185524,6587,12696619,0.0
2026-01-18 18:27:35.185524,5767,10598608,0.0
2026-01-18 18:32:35.185524,5568,8626262,0.0
2026-01-18 18:37:35.185524,5773,5658693,0.0
2026-01-18 18:42:35.185524,6206,6824565,0.0
2026-01-18 18:47:35.185524,6230,4980843,0.0
2026-01-18 18:52:35.185524,6390,8947073,0.0
2026-01-18 18:57:35.185524,6634,13161915,0.0
2026-01-18 19:02:35.185524,6397,4802562,0.0
2026-01-18 19:07:35.185524,6157,11888466,0.0
2026-01-18 19:12:35.185524,5925,4178712,0.0
2026-01-18 19:17:35.185524,5203,9892017,0.0
2026-01-18 19:22:35.185524,6070,6928269,0.0
2026-01-18 19:27:35.185524,5966,8681152,0.0
2026-01-18 19:32:35.185524,5882,3326539,0.0
2026-01-18 19:37:35.185524,5862,7731365,0.0
2026-01-18 19:42:35.185524,5004,5376616,0.0
2026-01-18 19:47:35.185524,4319,5597721,0.0
2026-01-18 19:52:35.185524,5448,5868182,0.0
2026-01-18 19:57:35.185524,5376,10616509,0.0
2026-01-18 20:02:35.185524,5361,8659496,0.0
2026-01-18 20:07:35.185524,5331,3719702,0.0
2026-01-18 20:12:35.185524,5472,6808198,0.0
2026-01-18 20:17:35.185524,4391,4053567,0.0
2026-01-18 20:22:35.185524,5647,4701886,0.0
2026-01-18 20:27:35.185524,5249,3550972,0.0
2026-01-18 20:32:35.185524,5142,8817285,0.0
2026-01-18 20:37:35.185524,5381,8603533,0.0
2026-01-18 20:42:35.185524,5404,8507918,0.0
2026-01-18 20:47:35.185524,5326,6454808,0.0
2026-01-18 20:52:35.185524,5565,3930590,0.0
2026-01-18 20:57:35.185524,5378,5074585,0.0
2026-01-18 21:02:35.185524,4445,6329584,0.000690524832417069
2026-01-18 21:07:35.185524,5516,10006220,0.0
2026-01-18 21:12:35.185524,5035,6533412,0.0032958768200522324
2026-01-18 21:17:35.185524,4763,4135411,0.0
2026-01-18 21:22:35.185524,5754,5089916,0.0
2026-01-18 21:27:35.185524,4938,2692680,0.0
2026-01-18 21:32:35.185524,4540,2344722,8.772605095763546e-05
2026-01-18 21:37:35.185524,4479,4994108,0.0
2026-01-18 21:42:35.185524,4421,4312765,0.0
2026-01-18 21:47:35.185524,4803,6800488,0.0
2026-01-18 21:52:35.185524,4460,6179061,0.0
2026-01-18 21:57:35.185524,5107,5210694,0.0
2026-01-18 22:02:35.185524,4615,3085638,0.0
2026-01-18 22:07:35.185524,4670,9307386,0.0
2026-01-18 22:12:35.185524,3384,5514550,0.0008517948015679209
2026-01-18 22:17:35.185524,4703,4890406,0.0
2026-01-18 22:22:35.185524,4641,5332243,0.0
2026-01-18 22:27:35.185524,4813,2728609,0.0
2026-01-18 22:32:35.185524,4259,5782011,0.0
2026-01-18 22:37:35.185524,4232,6167258,0.006488436171103907
2026-01-18 22:42:35.185524,4460,3086778,0.0
2026-01-18 22:47:35.185524,4597,5664454,0.0
2026-01-18 22:52:35.185524,3313,4004562,0.0
2026-01-18 22:57:35.185524,4831,3420334,0.0
2026-01-18 23:02:35.185524,3898,5654919,0.006393334887594282
2026-01-18 23:07:35.185524,4216,2151558,0.005616811118878717
2026-01-18 23:12:35.185524,3573,6788717,0.006047215555858883
2026-01-18 23:17:35.185524,3993,4369287,0.0
2026-01-18 23:22:35.185524,4211,7981154,0.0
2026-01-18 23:27:35.185524,4133,5731467,0.0015818602526023653
2026-01-18 23:32:35.185524,4024,6901228,0.0
2026-01-18 23:37:35.185524,4528,6465735,0.0
2026-01-18 23:42:35.185524,2700,2241330,0.0
2026-01-18 23:47:35.185524,3283,4331857,0.004148196563255893
2026-01-18 23:52:35.185524,4514,4109413,0.0
2026-01-18 23:57:35.185524,3866,4090381,0.0
2026-01-19 00:02:35.185524,3037,3827639,0.0
2026-01-19 00:07:35.185524,4089,6894444,0.0014421373242504282
2026-01-19 00:12:35.185524,3811,2129808,0.0
2026-01-19 00:17:35.185524,3402,5495959,0.0
2026-01-19 00:22:35.185524,3628,4004266,0.0
2026-01-19 00:27:35.185524,3866,6858290,0.0031161723121716136
2026-01-19 00:32:35.185524,3622,5108300,0.0
2026-01-19 00:37:35.185524,4533,6713150,0.0
2026-01-19 00:42:35.185524,2903,5603662,0.0
2026-01-19 00:47:35.185524,2562,4919551,0.0
2026-01-19 00:52:35.185524,3854,3189255,0.0017420222281832685
2026-01-19 00:57:35.185524,4084,7101879,0.0
2026-01-19 01:02:35.185524,3891,7328795,0.0
2026-01-19 01:07:35.185524,3050,2416773,0.010255520806094152
2026-01-19 01:12:35.185524,4352,4167213,0.005871106926041231
2026-01-19 01:17:35.185524,3978,6818610,0.0
2026-01-19 01:22:35.185524,3613,7124221,0.0
2026-01-19 01:27:35.185524,3251,4517212,0.007043130155487035
2026-01-19 01:32:35.185524,3476,6219029,0.008486091973142628
2026-01-19 01:37:35.185524,3572,2375769,0.010194252612330855
2026-01-19 01:42:35.185524,3335,6168768,0.007177097376044805
2026-01-19 01:47:35.185524,2674,3591051,0.0037047816042699664
2026-01-19 01:52:35.185524,3039,4060783,0.00022058442142315702
2026-01-19 01:57:35.185524,3549,3186695,0.0
2026-01-19 02:02:35.185524,3940,2941423,0.008547707705327595
2026-01-19 02:07:35.185524,3732,4592497,0.0036253414472463327
2026-01-19 02:12:35.185524,4257,3297386,0.014874877292312174
2026-01-19 02:17:35.185524,3860,4968817,0.0
2026-01-19 02:22:35.185524,3361,3229705,0.0
2026-01-19 02:27:35.185524,3199,2521531,0.014911979670538006
2026-01-19 02:32:35.185524,3034,1800546,0.015945051462339696
2026-01-19 02:37:35.185524,3452,4242960,0.002864026993147457
2026-01-19 02:42:35.185524,3483,6175108,0.0
2026-01-19 02:47:35.185524,3640,3288324,0.003503002510631869
2026-01-19 02:52:35.185524,3766,6672821,0.0016962606980233759
2026-01-19 02:57:35.185524,3301,2821832,0.011619322507212544
2026-01-19 03:02:35.185524,4039,2420021,0.005044906732387402
2026-01-19 03:07:35.185524,2755,2373773,0.013925573759341725
2026-01-19 03:12:35.185524,4726,6039494,0.010603544846297983
2026-01-19 03:17:35.185524,4005,7425121,0.014350275767813907
2026-01-19 03:22:35.185524,3833,4196371,0.0022828620321179273
2026-01-19 03:27:35.185524,4007,3059486,0.012733337614159512
2026-01-19 03:32:35.185524,4358,5808529,0.007663667458077644
2026-01-19 03:37:35.185524,4208,4596409,0.0025365421040206733
2026-01-19 03:42:35.185524,3080,2065024,0.010993061237252237
2026-01-19 03:47:35.185524,2918,5546821,0.0
2026-01-19 03:52:35.185524,4668,5261561,0.0007419495926855989
2026-01-19 03:57:35.185524,3849,2530479,0.0014630835677790603
2026-01-19 04:02:35.185524,4650,6486147,0.018570341436749935
2026-01-19 04:07:35.185524,4430,6406968,0.016088079139776612
2026-01-19 04:12:35.185524,3613,1947187,0.0003079489420342793
2026-01-19 04:17:35.185524,4315,4473213,0.014407135879159351
2026-01-19 04:22:35.185524,3878,2361292,0.01483745049494146
2026-01-19 04:27:35.185524,4180,5687305,0.010120081139622865
2026-01-19 04:32:35.185524,4320,3802493,0.008792931224530395
2026-01-19 04:37:35.185524,4953,9783595,0.0034908692264250165
2026-01-19 04:42:35.185524,4397,2723632,0.013882504459602017
2026-01-19 04:47:35.185524,4857,8551476,0.015303083394498372
2026-01-19 04:52:35.185524,4012,3863736,0.01892051797853018
2026-01-19 04:57:35.185524,3500,5981906,0.01313563448167393
2026-01-19 05:02:35.185524,4242,2533627,0.013759745313290658
2026-01-19 05:07:35.185524,4159,7790244,0.005531434595008895
2026-01-19 05:12:35.185524,4738,5470817,0.017516930828952147
2026-01-19 05:17:35.185524,3413,2082159,0.019114785600169232
2026-01-19 05:22:35.185524,4094,7679324,0.010866905431942176
2026-01-19 05:27:35.185524,4370,2673834,0.019207065415173585
2026-01-19 05:32:35.185524,4735,3365037,0.015368990096843177
2026-01-19 05:37:35.185524,4077,5226791,0.02334558646185613
2026-01-19 05:42:35.185524,5165,2867617,0.020197601545412322
2026-01-19 05:47:35.185524,4170,6725939,0.02033526334455192
2026-01-19 05:52:35.185524,3821,3080710,0.022215248435787004
2026-01-19 05:57:35.185524,4440,4031784,0.010739976203956078
2026-01-19 06:02:35.185524,4745,5882136,0.005859092753879145
2026-01-19 06:07:35.185524,3705,5381243,0.008380626112459773
2026-01-19 06:12:35.185524,4497,2342161,0.006403520622519606
2026-01-19 06:17:35.185524,5839,11606211,0.014074733421861134
2026-01-19 06:22:35.185524,4459,5567538,0.005956103955205155
2026-01-19 06:27:35.185524,4118,4302378,0.01770508019181181
2026-01-19 06:32:35.185524,3586,3787368,0.014069591161136166
2026-01-19 06:37:35.185524,4466,2516659,0.023056377312536507
2026-01-19 06:42:35.185524,5025,8653458,0.021227885920935104
2026-01-19 06:47:35.185524,4767,7562565,0.024590472251419755
2026-01-19 06:52:35.185524,5267,8406946,0.014803538409879514
2026-01-19 06:57:35.185524,4338,4525029,0.009427294872637697
2026-01-19 07:02:35.185524,4883,8448985,0.016901525511661766
2026-01-19 07:07:35.185524,5060,4288815,0.026680681583893195
2026-01-19 07:12:35.185524,5393,3201087,0.010824064507914224
2026-01-19 07:17:35.185524,5276,10301988,0.015817434622525977
2026-01-19 07:22:35.185524,5621,8726515,0.016981622298598724
2026-01-19 07:27:35.185524,4824,9468848,0.00872022094125091
2026-01-19 07:32:35.185524,5587,10352727,0.018755481107262727
2026-01-19 07:37:35.185524,5254,6559552,0.01885368077164802
2026-01-19 07:42:35.185524,5453,3545884,0.02375739959867158
2026-01-19 07:47:35.185524,5692,4867053,0.012642271853711935
2026-01-19 07:52:35.185524,6007,7530077,0.012825997474730535
2026-01-19 07:57:35.185524,5676,3903658,0.02316015101326622
2026-01-19 08:02:35.185524,5328,9339109,0.011335199316126258
2026-01-19 08:07:35.185524,5894,3414852,0.024670560863286176
2026-01-19 08:12:35.185524,5723,4516869,0.02236444056406018
2026-01-19 08:17:35.185524,4914,4001624,0.026157360044217096
2026-01-19 08:22:35.185524,5182,10008979,0.028385427908639696
2026-01-19 08:27:35.185524,6315,8281323,0.011971467045415777
2026-01-19 08:32:35.185524,7251,10483645,0.02370338098095094
2026-01-19 08:37:35.185524,6721,4480710,0.02664467978476965
2026-01-19 08:42:35.185524,5839,11664326,0.01977648576519905
2026-01-19 08:47:35.185524,6377,11731518,0.028495164757511175
2026-01-19 08:52:35.185524,5073,6561205,0.028124963636362174
2026-01-19 08:57:35.185524,6311,12171128,0.029111025742286106
2026-01-19 09:02:35.185524,6679,12509076,0.01563719219559355
2026-01-19 09:07:35.185524,6224,9664213,0.025926896350594683
2026-01-19 09:12:35.185524,6308,12107978,0.01728713194376956
2026-01-19 09:17:35.185524,6106,6708829,0.02466748139110967
2026-01-19 09:22:35.185524,6874,10946067,0.01716104580962241
2026-01-19 09:27:35.185524,6470,9807859,0.026606857743641372
2026-01-19 09:32:35.185524,7277,7810763,0.02658677640214161
2026-01-19 09:37:35.185524,6108,12139662,0.019010496643701823
2026-01-19 09:42:35.185524,5182,9345645,0.025054780953452375
2026-01-19 09:47:35.185524,6374,10297967,0.02196358980574256
2026-01-19 09:52:35.185524,6853,12230370,0.02550510087781964
2026-01-19 09:57:35.185524,6011,3475842,0.0213438564087709
2026-01-19 10:02:35.185524,7529,11511851,0.024594606712813355
2026-01-19 10:07:35.185524,5811,7267769,0.016751922872364752
2026-01-19 10:12:35.185524,6975,8834047,0.034331361315307285
2026-01-19 10:17:35.185524,6829,12510681,0.035969587415813915
2026-01-19 10:22:35.185524,7660,7083593,0.024624639828344813
2026-01-19 10:27:35.185524,6965,6582549,0.025156544301222716
2026-01-19 10:32:35.185524,6735,6965682,0.018846717623675673
2026-01-19 10:37:35.185524,7266,13034283,0.028376211827723083
2026-01-19 10:42:35.185524,6386,6685464,0.02545083329656926
2026-01-19 10:47:35.185524,7190,9715266,0.02418949501658706
2026-01-19 10:52:35.185524,7271,12463024,0.026175311738863227
2026-01-19 10:57:35.185524,7651,5157839,0.020172700956003972
2026-01-19 11:02:35.185524,6935,12346056,0.032801545479764424
2026-01-19 11:07:35.185524,7297,12331390,0.03427027545031635
2026-01-19 11:12:35.185524,6216,5793249,0.022116156755909257
2026-01-19 11:17:35.185524,6258,10116354,0.023256173261659012
2026-01-19 11:22:35.185524,6653,5423855,0.03159935784407573
2026-01-19 11:27:35.185524,7169,7373291,0.02132172102406143
2026-01-19 11:32:35.185524,6294,12415578,0.021421365356659408
2026-01-19 11:37:35.185524,7578,8973901,0.023725419008211162
2026-01-19 11:42:35.185524,7182,13691965,0.035172212199854114
2026-01-19 11:47:35.185524,7336,10830834,0.023694537415105292
2026-01-19 11:52:35.185524,6663,9457001,0.03478388372590231
2026-01-19 11:57:35.185524,7289,10884906,0.036892277151162944
2026-01-19 12:02:35.185524,7271,7583487,0.031190286926392363
2026-01-19 12:07:35.185524,7273,6972871,0.02416745121556975
2026-01-19 12:12:35.185524,7114,7785462,0.03227776349802517
2026-01-19 12:17:35.185524,7157,5133806,0.021843405711040355
2026-01-19 12:22:35.185524,7361,10436604,0.03778068430529387
2026-01-19 12:27:35.185524,7583,3904705,0.04085430842492828
2026-01-19 12:32:35.185524,8025,11987682,0.04033301993112463
2026-01-19 12:37:35.185524,6844,6193553,0.03947052950834335
2026-01-19 12:42:35.185524,7079,7931251,0.029889087135817262
2026-01-19 12:47:35.185524,7350,11237543,0.027251640504073894
2026-01-19 12:52:35.185524,6898,4478175,0.022818096322994152
2026-01-19 12:57:35.185524,8249,4983904,0.029663700191718767
2026-01-19 13:02:35.185524,7122,4348305,0.040749759170516285
2026-01-19 13:07:35.185524,7059,11113386,0.026624266825402303
2026-01-19 13:12:35.185524,6970,11539382,0.028954156130118196
2026-01-19 13:17:35.185524,7546,6866750,0.030560492370022684
2026-01-19 13:22:35.185524,7669,4136842,0.0405507851940145
2026-01-19 13:27:35.185524,7390,11625991,0.036600300894165
2026-01-19 13:32:35.185524,7648,6736363,0.03982306022506612
2026-01-19 13:37:35.185524,7317,10853456,0.03349440116675213
2026-01-19 13:42:35.185524,7290,13054634,0.038574584894211936
2026-01-19 13:47:35.185524,7141,13718522,0.044520343338867056
2026-01-19 13:52:35.185524,6474,11197406,0.031801928473728834
2026-01-19 13:57:35.185524,7526,8579948,0.04126292452807024
2026-01-19 14:02:35.185524,8536,11603939,0.04352157413963324
2026-01-19 14:07:35.185524,7137,8746649,0.0419326416426293
2026-01-19 14:12:35.185524,7824,12177299,0.029106073198634896
2026-01-19 14:17:35.185524,7425,11179777,0.03827915250104265
2026-01-19 14:22:35.185524,7385,11437438,0.04216578133551837
2026-01-19 14:27:35.185524,7372,5112975,0.03192274513527396
2026-01-19 14:32:35.185524,7766,4277377,0.028399537431006844
2026-01-19 14:37:35.185524,7191,13133817,0.04013136288984097
2026-01-19 14:42:35.185524,7824,13511860,0.03208483787055067
2026-01-19 14:47:35.185524,8520,13095112,0.04257110516869578
2026-01-19 14:52:35.185524,7194,7155496,0.03304250574253517
2026-01-19 14:57:35.185524,8071,15673322,0.04173963953503006
2026-01-19 15:02:35.185524,8329,15112026,0.04019309987165889
2026-01-19 15:07:35.185524,7571,10079927,0.04305045232457039
2026-01-19 15:12:35.185524,7979,13252789,0.04425277869152201
2026-01-19 15:17:35.185524,7160,13947312,0.030009523855070747
2026-01-19 15:22:35.185524,7505,6500408,0.044388479194339615
2026-01-19 15:27:35.185524,7613,5573946,0.048351400877990974
2026-01-19 15:32:35.185524,8400,8108180,0.03607655400227904
2026-01-19 15:37:35.185524,6996,11422338,0.03571142355379077
2026-01-19 15:42:35.185524,7719,13517768,0.04118583874976141
2026-01-19 15:47:35.185524,7255,4804292,0.048846253370913396
2026-01-19 15:52:35.185524,7619,8374486,0.03273458735302944
2026-01-19 15:57:35.185524,7439,9457889,0.043361207258478855
2026-01-19 16:02:35.185524,6663,10356407,0.033209328606522086
2026-01-19 16:07:35.185524,6843,7273874,0.0388043844843757
2026-01-19 16:12:35.185524,6133,9311026,0.038785179125829836
2026-01-19 16:17:35.185524,6952,4283199,0.039967752716678594
2026-01-19 16:22:35.185524,7794,15349700,0.044403614560089295
2026-01-19 16:27:35.185524,6793,5990596,0.04625738206597391
2026-01-19 16:32:35.185524,7740,8627837,0.0438146369583544
2026-01-19 16:37:35.185524,6421,8637053,0.03982202206079031
2026-01-19 16:42:35.185524,6682,3959016,0.04895376343923934
2026-01-19 16:47:35.185524,7364,8352035,0.046613270494159954
2026-01-19 16:52:35.185524,7020,6302406,0.04973136013788707
2026-01-19 16:57:35.185524,6627,3350783,0.04039964408797529
2026-01-19 17:02:35.185524,8118,12201160,0.03667289970056302
2026-01-19 17:07:35.185524,7510,14010066,0.05066673664900278
2026-01-19 17:12:35.185524,6810,9628758,0.05165140092892001
2026-01-19 17:17:35.185524,7024,5875593,0.04713603171152745
2026-01-19 17:22:35.185524,6445,5429636,0.04725836026129712
2026-01-19 17:27:35.185524,7160,9048918,0.05316594129007459
2026-01-19 17:32:35.185524,6183,5433577,0.05178636277266737
2026-01-19 17:37:35.185524,6299,10829358,0.03881434680022168
2026-01-19 17:42:35.185524,5590,5398489,0.03882227778481916
2026-01-19 17:47:35.185524,6212,10783509,0.03598173833708304
2026-01-19 17:52:35.185524,6694,4893136,0.035800751314678886
2026-01-19 17:57:35.185524,6856,10648386,0.04461410175219985
2026-01-19 18:02:35.185524,6375,3355467,0.04354977861202142
2026-01-19 18:07:35.185524,6728,9870304,0.037339382962595924
2026-01-19 18:12:35.185524,5558,6101008,0.04778031988187541
2026-01-19 18:17:35.185524,6408,5989104,0.05549657485262109
2026-01-19 18:22:35.185524,7081,8343822,0.039186393289054954
2026-01-19 18:27:35.185524,6522,5046422,0.03719482684436824
2026-01-19 18:32:35.185524,6179,6546223,0.04780697420728666
2026-01-19 18:37:35.185524,6009,5249453,0.05064141100810033
2026-01-19 18:42:35.185524,6699,12998584,0.05603987056143069
2026-01-19 18:47:35.185524,5844,10215476,0.03817249763929565
2026-01-19 18:52:35.185524,6134,3107066,0.04855723543466379
2026-01-19 18:57:35.185524,5550,5651689,0.04227866776474248
2026-01-19 19:02:35.185524,6010,3237747,0.04263792010526225
2026-01-19 19:07:35.185524,5997,6985115,0.05070819441947686
2026-01-19 19:12:35.185524,6100,4926965,0.04512783620413054
2026-01-19 19:17:35.185524,6038,8436520,0.05024176469957977
2026-01-19 19:22:35.185524,6557,4342338,0.04322914997501771
2026-01-19 19:27:35.185524,6133,6858401,0.042469278564699856
2026-01-19 19:32:35.185524,5950,11857973,0.05676275198978557
2026-01-19 19:37:35.185524,5911,9330882,0.051784311443031375
2026-01-19 19:42:35.185524,4304,6761150,0.04087826669450288
2026-01-19 19:47:35.185524,5923,11136860,0.042796078292357986
2026-01-19 19:52:35.185524,4830,3576327,0.04037182287576662
2026-01-19 19:57:35.185524,5709,2868589,0.05441697096276384
2026-01-19 20:02:35.185524,5791,6790393,0.041539200358436966
2026-01-19 20:07:35.185524,5725,6724887,0.04179215501905851
2026-01-19 20:12:35.185524,5882,6016858,0.04407202194631252
2026-01-19 20:17:35.185524,5201,7981678,0.04926291462015521
2026-01-19 20:22:35.185524,5286,4821111,0.055914121442415775
2026-01-19 20:27:35.185524,5783,4347062,0.05233569885605679
2026-01-19 20:32:35.185524,4950,8692325,0.04106462601569963
2026-01-19 20:37:35.185524,5362,6621898,0.05261641273790181
2026-01-19 20:42:35.185524,5636,8333924,0.0520908381877851
2026-01-19 20:47:35.185524,4890,8139212,0.042901977977645646
2026-01-19 20:52:35.185524,4785,8120580,0.05276929488904925
2026-01-19 20:57:35.185524,4771,9424614,0.04280608871757485
2026-01-19 21:02:35.185524,5308,4881290,0.0581828826686816
2026-01-19 21:07:35.185524,5238,10186601,0.0612446953922833
2026-01-19 21:12:35.185524,4894,8528216,0.044434447271675254
2026-01-19 21:17:35.185524,5568,7626370,0.042332750749111796
2026-01-19 21:22:35.185524,5519,5749970,0.045314499687277326
2026-01-19 21:27:35.185524,4823,3946898,0.04815409907342836
2026-01-19 21:32:35.185524,4988,3545135,0.059391396608916035
2026-01-19 21:37:35.185524,5619,10211361,0.052403851383374694
2026-01-19 21:42:35.185524,4749,5854567,0.04402705138355786
2026-01-19 21:47:35.185524,4116,2281977,0.059222987931034796
2026-01-19 21:52:35.185524,4430,6565748,0.055421552458168294
2026-01-19 21:57:35.185524,4893,8363369,0.047739965551166316
2026-01-19 22:02:35.185524,4379,8046683,0.046921671315215144
2026-01-19 22:07:35.185524,4376,4291526,0.046744805618329506
2026-01-19 22:12:35.185524,3429,2678751,0.04399429169032645
2026-01-19 22:17:35.185524,4972,5283315,0.05775676663539849
2026-01-19 22:22:35.185524,4537,6256489,0.050065477037226885
2026-01-19 22:27:35.185524,4397,2362468,0.0605965245766876
2026-01-19 22:32:35.185524,4337,4760725,0.05828385271082748
2026-01-19 22:37:35.185524,4466,6477535,0.04506175311509396
2026-01-19 22:42:35.185524,3731,4291439,0.06086189752721212
2026-01-19 22:47:35.185524,3418,3037728,0.050018769625386914
2026-01-19 22:52:35.185524,4431,3144346,0.06024287745047218
2026-01-19 22:57:35.185524,4621,5616483,0.06292598106818871
2026-01-19 23:02:35.185524,3971,6277802,0.053095560725582185
2026-01-19 23:07:35.185524,4009,6318039,0.052360851471115286
2026-01-19 23:12:35.185524,3970,5362656,0.06372141260533014
2026-01-19 23:17:35.185524,4415,2586294,0.049921673767742814
2026-01-19 23:22:35.185524,4896,4232273,0.053409239143046724
2026-01-19 23:27:35.185524,4012,4507294,0.0590854743401097
2026-01-19 23:32:35.185524,3339,4148038,0.06029526687541899
2026-01-19 23:37:35.185524,3805,3016184,0.04987103111724819
2026-01-19 23:42:35.185524,4159,3781747,0.06194553161268799
2026-01-19 23:47:35.185524,4169,3868993,0.0640407559414001
2026-01-19 23:52:35.185524,3682,2695912,0.04857119870373179
2026-01-19 23:57:35.185524,3518,5829606,0.06568393717161454
2026-01-20 00:02:35.185524,4343,5438954,0.06585936813340539
2026-01-20 00:07:35.185524,3372,3854406,0.05479590160908916
2026-01-20 00:12:35.185524,3839,4060417,0.06595306211822181
2026-01-20 00:17:35.185524,3880,4555143,0.05289515657724569
2026-01-20 00:22:35.185524,3006,2230315,0.05892972441511122
2026-01-20 00:27:35.185524,3218,5949284,0.049219432592356366
2026-01-20 00:32:35.185524,3893,6201793,0.06504748172702822
2026-01-20 00:37:35.185524,3886,3866864,0.05852987284578441
2026-01-20 00:42:35.185524,4375,7670633,0.050515711075572296
2026-01-20 00:47:35.185524,3783,5099706,0.06534044984677609
2026-01-20 00:52:35.185524,2773,2693985,0.04989326945637425
2026-01-20 00:57:35.185524,3203,4061851,0.06346271826042758
2026-01-20 01:02:35.185524,3349,2828785,0.0636946888228858
2026-01-20 01:07:35.185524,3915,4509105,0.054710536230100394
2026-01-20 01:12:35.185524,3151,4767995,0.06561608534506529
2026-01-20 01:17:35.185524,3734,5311436,0.06549044589883102
2026-01-20 01:22:35.185524,4294,5893637,0.05610183603748949
2026-01-20 01:27:35.185524,3897,2161760,0.06362839325751395
2026-01-20 01:32:35.185524,3492,6192276,0.05054745502821996
2026-01-20 01:37:35.185524,4206,2187444,0.06680427315798865
2026-01-20 01:42:35.185524,2836,5353091,0.06979235909391188
2026-01-20 01:47:35.185524,3598,4884672,0.06408998228016353
2026-01-20 01:52:35.185524,3210,5847875,0.06924933525060634
2026-01-20 01:57:35.185524,3778,7366365,0.05982725877242541
2026-01-20 02:02:35.185524,3647,5530207,0.05330092137415324
2026-01-20 02:07:35.185524,3104,3950311,0.064354586119114
2026-01-20 02:12:35.185524,3075,5592243,0.055164016968924416
2026-01-20 02:17:35.185524,3367,4999951,0.06962881433694149
2026-01-20 02:22:35.185524,4317,2286972,0.058049257014938134
2026-01-20 02:27:35.185524,4099,7374071,0.058322774467593694
2026-01-20 02:32:35.185524,4494,5135682,0.06265282072285082
2026-01-20 02:37:35.185524,3519,3980397,0.06495008238821091
2026-01-20 02:42:35.185524,4260,4410349,0.0536251458100041
2026-01-20 02:47:35.185524,3917,2041077,0.0621530184848018
2026-01-20 02:52:35.185524,3384,4363446,0.06418108747080772
2026-01-20 02:57:35.185524,3576,6118245,0.0677463282640555
2026-01-20 03:02:35.185524,4050,5970211,0.06175558875997705
2026-01-20 03:07:35.185524,3508,6826016,0.06060928907231736
2026-01-20 03:12:35.185524,4115,5497157,0.061510105478615386
2026-01-20 03:17:35.185524,4082,7419794,0.05613762843062829
2026-01-20 03:22:35.185524,4423,7818594,0.06594940423974871
2026-01-20 03:27:35.185524,2872,1802762,0.05277408841168846
2026-01-20 03:32:35.185524,3881,4810781,0.06855309876659593
2026-01-20 03:37:35.185524,3357,4754708,0.061429384699402706
2026-01-20 03:42:35.185524,3786,6323415,0.06960140025969283
2026-01-20 03:47:35.185524,3650,2224057,0.05834317558673561
2026-01-20 03:52:35.185524,3694,4813510,0.057680667075072495
2026-01-20 03:57:35.185524,3477,4241368,0.06719776778270635
2026-01-20 04:02:35.185524,4237,4127673,0.06194409808797843
2026-01-20 04:07:35.185524,3583,5976948,0.05748560007872565
2026-01-20 04:12:35.185524,3056,4906792,0.06993691862789163
2026-01-20 04:17:35.185524,4393,5812640,0.0702480801837465
2026-01-20 04:22:35.185524,3754,2568774,0.07178344640126501
2026-01-20 04:27:35.185524,3719,5000394,0.07033889854797516
2026-01-20 04:32:35.185524,3733,6004329,0.06487126657987523
2026-01-20 04:37:35.185524,4250,5198514,0.06562601208555968
2026-01-20 04:42:35.185524,3538,2869376,0.07421175479051935
2026-01-20 04:47:35.185524,4525,8420498,0.058765860450208825
2026-01-20 04:52:35.185524,3961,6443296,0.0612877756049864
2026-01-20 04:57:35.185524,4891,4077519,0.06044038481555905
2026-01-20 05:02:35.185524,4422,2629053,0.06977421673380674
2026-01-20 05:07:35.185524,3240,4790833,0.0676175446998948
2026-01-20 05:12:35.185524,4421,5554925,0.057463923358783274
2026-01-20 05:17:35.185524,4597,8275618,0.07091279757610114
2026-01-20 05:22:35.185524,4816,5936965,0.0633439398415821
2026-01-20 05:27:35.185524,4498,4845191,0.06328847018628309
2026-01-20 05:32:35.185524,4347,2709655,0.056904545427636205
2026-01-20 05:37:35.185524,4935,4199591,0.06877435018351938
2026-01-20 05:42:35.185524,4278,6791755,0.07159489048071277
2026-01-20 05:47:35.185524,4375,8708796,0.07030852399225566
2026-01-20 05:52:35.185524,4900,5466540,0.06078756199142872
2026-01-20 05:57:35.185524,4241,7276208,0.0753026827466609
2026-01-20 06:02:35.185524,5134,8876236,0.07203256869631458
2026-01-20 06:07:35.185524,4858,3782730,0.0706238531037786
2026-01-20 06:12:35.185524,5029,9803770,0.07209519891494627
2026-01-20 06:17:35.185524,4474,6672509,0.0675961412950819
2026-01-20 06:22:35.185524,4965,7283044,0.0704414527530099
2026-01-20 06:27:35.185524,4070,5133755,0.06538323948617226
2026-01-20 06:32:35.185524,5230,10101814,0.06284095279073197
2026-01-20 06:37:35.185524,4263,5472085,0.07427389663274726
2026-01-20 06:42:35.185524,4863,4874891,0.06036859315035212
2026-01-20 06:47:35.185524,5207,6053067,0.0642296109645165
2026-01-20 06:52:35.185524,5650,6472558,0.06896179009902821
2026-01-20 06:57:35.185524,5154,4521001,0.0672498780138211
2026-01-20 07:02:35.185524,4811,5883539,0.06696770605530046
2026-01-20 07:07:35.185524,5713,10513171,0.06829393522214207
2026-01-20 07:12:35.185524,5602,8120773,0.06221120601303457
2026-01-20 07:17:35.185524,5810,3111261,0.06847507750113936
2026-01-20 07:22:35.185524,4929,4191503,0.07481724239589622
2026-01-20 07:27:35.185524,5447,2989347,0.0612850174275024
2026-01-20 07:32:35.185524,5648,4491027,0.06526455342398951
2026-01-20 07:37:35.185524,5138,7040967,0.07707440860354307
2026-01-20 07:42:35.185524,5812,9586174,0.058849400484053446
2026-01-20 07:47:35.185524,5469,10429647,0.060097115035384646
2026-01-20 07:52:35.185524,5624,10486409,0.07294471390526218
2026-01-20 07:57:35.185524,5949,9090754,0.06444754239104312
2026-01-20 08:02:35.185524,4695,7903460,0.058603607253797055
2026-01-20 08:07:35.185524,6332,5568152,0.06359468674382333
2026-01-20 08:12:35.185524,5548,3967620,0.06918027911673094
2026-01-20 08:17:35.185524,5882,5512415,0.06456737979427044
2026-01-20 08:22:35.185524,5414,5219188,0.06197322341083667
2026-01-20 08:27:35.185524,5540,7611416,0.06963463518273222
2026-01-20 08:32:35.185524,6092,10732354,0.06708749943802325
2026-01-20 08:37:35.185524,5689,3683086,0.058635141701548876
2026-01-20 08:42:35.185524,5794,9243574,0.06314992938607734
2026-01-20 08:47:35.185524,4926,5862464,0.06026068747472095
2026-01-20 08:52:35.185524,6214,11257117,0.06749582207528806
2026-01-20 08:57:35.185524,5826,10874038,0.06690591105076593
2026-01-20 09:02:35.185524,6041,6014948,0.06786966306986783
2026-01-20 09:07:35.185524,5717,8522498,0.06385634050394648
2026-01-20 09:12:35.185524,6661,9710522,0.06996679531814876
2026-01-20 09:17:35.185524,6812,11676722,0.07731415812130447
2026-01-20 09:22:35.185524,5967,9781081,0.07418524659549272
2026-01-20 09:27:35.185524,5669,7159213,0.05876043074449552
2026-01-20 09:32:35.185524,7496,12155088,0.06458537762182033
2026-01-20 09:37:35.185524,6697,8615628,0.0758267840746392
2026-01-20 09:42:35.185524,7028,3696604,0.0684150630648006
2026-01-20 09:47:35.185524,5466,4801949,0.06798165875443651
2026-01-20 09:52:35.185524,6488,8645675,0.060510517661981775
2026-01-20 09:57:35.185524,6864,4100309,0.06718119620917094
2026-01-20 10:02:35.185524,6695,6799515,0.0709009593497809
2026-01-20 10:07:35.185524,6982,4472233,0.059090558120635434
2026-01-20 10:12:35.185524,6900,6784473,0.0628125687673439
2026-01-20 10:17:35.185524,6026,10614890,0.06228580987013502
2026-01-20 10:22:35.185524,7642,10618849,0.07299655006930175
2026-01-20 10:27:35.185524,7385,13871982,0.059276765414073326
2026-01-20 10:32:35.185524,7250,5866008,0.07326580714595148
2026-01-20 10:37:35.185524,6405,7489836,0.0638027887121076
2026-01-20 10:42:35.185524,7514,12351709,0.07482101972696109
2026-01-20 10:47:35.185524,8293,6740638,0.06303470779977552
2026-01-20 10:52:35.185524,6696,12607972,0.07697815897554168
2026-01-20 10:57:35.185524,6872,10056292,0.06170963445128996
2026-01-20 11:02:35.185524,7337,7703496,0.07531857351051177
2026-01-20 11:07:35.185524,7835,12220243,0.06773679039264643
2026-01-20 11:12:35.185524,5874,4942441,0.07380562667466342
2026-01-20 11:17:35.185524,6549,10329189,0.06540981885014349
2026-01-20 11:22:35.185524,7284,9933227,0.06903333201818092
2026-01-20 11:27:35.185524,6645,5936295,0.06614413127985244
2026-01-20 11:32:35.185524,7876,6246250,0.07362305105134433
2026-01-20 11:37:35.185524,7059,6274322,0.069771344419996
2026-01-20 11:42:35.185524,7405,10673534,0.06739473350126825
2026-01-20 11:47:35.185524,7810,9077010,0.07061548467630652
2026-01-20 11:52:35.185524,7244,3858156,0.061256688801101675
2026-01-20 11:57:35.185524,7938,11124099,0.07010779931367474
2026-01-20 12:02:35.185524,7398,8304691,0.07538523225020675
2026-01-20 12:07:35.185524,7643,15256422,0.0701285190695367
2026-01-20 12:12:35.185524,8072,6335796,0.060238775477393966
2026-01-20 12:17:35.185524,7575,13526462,0.06470902603827222
2026-01-20 12:22:35.185524,7657,14819481,0.06749200734333671
2026-01-20 12:27:35.185524,7934,6447276,0.0719984366470616
2026-01-20 12:32:35.185524,7109,12082537,0.06839975034637973
2026-01-20 12:37:35.185524,7202,11208295,0.0710767831219512
2026-01-20 12:42:35.185524,7468,14280435,0.06953110258523282
2026-01-20 12:47:35.185524,8110,8412974,0.0708065135078179
2026-01-20 12:52:35.185524,7640,13783619,0.06318203010122181
2026-01-20 12:57:35.185524,7388,11605084,0.060387602147910474
2026-01-20 13:02:35.185524,7375,7545355,0.06827281815593197
2026-01-20 13:07:35.185524,7906,13875465,0.07427536263738163
2026-01-20 13:12:35.185524,8430,12624730,0.07242052962051566
2026-01-20 13:17:35.185524,7976,7732877,0.0792491453612715
2026-01-20 13:22:35.185524,7649,10141973,0.07086398285005496
2026-01-20 13:27:35.185524,7314,7993430,0.0716184531043344
2026-01-20 13:32:35.185524,6549,5871046,0.07364617973772732
2026-01-20 13:37:35.185524,6792,9428011,0.06035379333859526
2026-01-20 13:42:35.185524,7085,9430526,0.06217095511070191
2026-01-20 13:47:35.185524,7788,14447646,0.07555959750537906
2026-01-20 13:52:35.185524,7709,11523596,0.07084282420276422
2026-01-20 13:57:35.185524,7954,12721680,0.07748444742368707
2026-01-20 14:02:35.185524,8438,9234348,0.06573801376092908
2026-01-20 14:07:35.185524,7223,10549701,0.06551191468361213
2026-01-20 14:12:35.185524,7791,9229603,0.07240382038333072
2026-01-20 14:17:35.185524,7396,13260682,0.06376587481692102
2026-01-20 14:22:35.185524,7324,7612248,0.07397141496901376
2026-01-20 14:27:35.185524,8048,13221574,0.06566002094916037
2026-01-20 14:32:35.185524,8301,9188886,0.07941374319806636
2026-01-20 14:37:35.185524,7227,9607166,0.07420031380206336
2026-01-20 14:42:35.185524,7389,12305914,0.07305453119864476
2026-01-20 14:47:35.185524,8058,12014015,0.06568629094594322
2026-01-20 14:52:35.185524,6747,6758728,0.07151257297124079
2026-01-20 14:57:35.185524,7728,4713375,0.06560306149392034
2026-01-20 15:02:35.185524,7416,6154577,0.07004281242870805
2026-01-20 15:07:35.185524,8038,8034441,0.06817795312675888
2026-01-20 15:12:35.185524,7832,11979651,0.073254569551878
2026-01-20 15:17:35.185524,7898,10310111,0.06165410510271752
2026-01-20 15:22:35.185524,7081,6831588,0.07399440063784722
2026-01-20 15:27:35.185524,7388,12509535,0.06127244222655577
2026-01-20 15:32:35.185524,7254,12945549,0.07658810746002552
2026-01-20 15:37:35.185524,7387,9294617,0.07706101201122671
2026-01-20 15:42:35.185524,8421,13789022,0.062178787656557565
2026-01-20 15:47:35.185524,8346,8201820,0.07085369365591614
2026-01-20 15:52:35.185524,7829,8069755,0.07300198126058857
2026-01-20 15:57:35.185524,7909,9504816,0.05979404182142673
2026-01-20 16:02:35.185524,7329,12582351,0.0685381618561593
2026-01-20 16:07:35.185524,7236,10958066,0.0785077416951663
2026-01-20 16:12:35.185524,7329,6588550,0.06462291561091893
2026-01-20 16:17:35.185524,7300,5621633,0.07913861818690385
2026-01-20 16:22:35.185524,5911,4169384,0.06203118604396178
2026-01-20 16:27:35.185524,7157,4930804,0.07241561109336067
2026-01-20 16:32:35.185524,7125,6528196,0.07027470438677501
2026-01-20 16:37:35.185524,6710,9703409,0.07034952364484139
2026-01-20 16:42:35.185524,7093,11269977,0.06480537391225306
2026-01-20 16:47:35.185524,8778,7513225,0.0667313016490667
2026-01-20 16:52:35.185524,6893,8864219,0.060052226114474375
2026-01-20 16:57:35.185524,6595,4911224,0.07513767977568443
2026-01-20 17:02:35.185524,7771,11321939,0.07170699423731813
2026-01-20 17:07:35.185524,6074,7174990,0.06003572699235045
2026-01-20 17:12:35.185524,7409,4171329,0.07134679242126918
2026-01-20 17:17:35.185524,6304,4580749,0.07488636637556734
2026-01-20 17:22:35.185524,6840,4588678,0.06375166295457059
2026-01-20 17:27:35.185524,7625,13314647,0.059388020043209644
2026-01-20 17:32:35.185524,6695,5515570,0.06794469894694874
2026-01-20 17:37:35.185524,6586,6907033,0.06873482023902934
2026-01-20 17:42:35.185524,6915,6734566,0.07813190411540329
2026-01-20 17:47:35.185524,6917,8297615,0.06525023921973468
2026-01-20 17:52:35.185524,7189,10157581,0.07400615158424147
2026-01-20 17:57:35.185524,6587,3375317,0.06683951297821616
2026-01-20 18:02:35.185524,6923,9595275,0.06758944900251283
2026-01-20 18:07:35.185524,5502,3428885,0.07005896518802573
2026-01-20 18:12:35.185524,6828,4507644,0.07576864217205033
2026-01-20 18:17:35.185524,6808,3982765,0.06019991547276369
2026-01-20 18:22:35.185524,5782,3269739,0.07766778235995161
2026-01-20 18:27:35.185524,5848,8716847,0.06310356386114288
2026-01-20 18:32:35.185524,6406,3289956,0.07536258929897285
2026-01-20 18:37:35.185524,6579,12841097,0.06092672429873314
2026-01-20 18:42:35.185524,6888,11605191,0.06703572800580049
2026-01-20 18:47:35.185524,6467,4659070,0.07803882755847556
2026-01-20 18:52:35.185524,5426,5716534,0.06566109551838673
2026-01-20 18:57:35.185524,6819,11246365,0.06270956680438125
2026-01-20 19:02:35.185524,6134,3878975,0.05836953127229131
2026-01-20 19:07:35.185524,6155,7914056,0.06865424557490786
2026-01-20 19:12:35.185524,6492,4375952,0.061053790139730744
2026-01-20 19:17:35.185524,5469,6287348,0.06200984130313198
2026-01-20 19:22:35.185524,5529,3706741,0.07308801169183957
2026-01-20 19:27:35.185524,5852,7947919,0.07447428721296363
2026-01-20 19:32:35.185524,5810,10347023,0.07010703946441797
2026-01-20 19:37:35.185524,5280,2889734,0.06568913649758024
2026-01-20 19:42:35.185524,5476,4898873,0.07215757680761944
2026-01-20 19:47:35.185524,5390,10535138,0.07212692468719561
2026-01-20 19:52:35.185524,5618,3317302,0.07530675792447138
2026-01-20 19:57:35.185524,6064,5179472,0.07627891424215741
2026-01-20 20:02:35.185524,5843,8520909,0.06246201718635556
2026-01-20 20:07:35.185524,5455,10263626,0.06290410414749155
2026-01-20 20:12:35.185524,6230,8217997,0.07674906337398123
2026-01-20 20:17:35.185524,6479,3894829,0.06965787980921453
2026-01-20 20:22:35.185524,5535,8370308,0.061556964664603926
2026-01-20 20:27:35.185524,5685,9855035,0.06818058296018421
2026-01-20 20:32:35.185524,5354,2764087,0.060961173303648974
2026-01-20 20:37:35.185524,5638,11050972,0.06183805910564916
2026-01-20 20:42:35.185524,5344,9819347,0.06990626720397289
2026-01-20 20:47:35.185524,5082,6485024,0.06856880913085311
2026-01-20 20:52:35.185524,5962,4943088,0.06968484540915612
2026-01-20 20:57:35.185524,3692,4791120,0.06799929386789744
2026-01-20 21:02:35.185524,4874,7073050,0.06442169767248937
2026-01-20 21:07:35.185524,5273,4578664,0.060040660095117444
2026-01-20 21:12:35.185524,4537,2321228,0.0663968285218393
2026-01-20 21:17:35.185524,5783,4966619,0.06533479022104269
2026-01-20 21:22:35.185524,4757,3760307,0.06043350937143474
2026-01-20 21:27:35.185524,5013,9407042,0.07355882643177124
2026-01-20 21:32:35.185524,5360,9867461,0.0755834700801629
2026-01-20 21:37:35.185524,5253,3952389,0.05958236788902886
2026-01-20 21:42:35.185524,4877,7385065,0.05596987651957612
2026-01-20 21:47:35.185524,5335,8910844,0.07041067753296762
2026-01-20 21:52:35.185524,4744,2582902,0.06357849627006586
2026-01-20 21:57:35.185524,4489,3681792,0.07289621570438881
2026-01-20 22:02:35.185524,4543,8747297,0.07480915142809919
2026-01-20 22:07:35.185524,4623,6340360,0.062069975661665854
2026-01-20 22:12:35.185524,4466,5536873,0.061291902944653906
2026-01-20 22:17:35.185524,4453,7376231,0.05546846279409769
2026-01-20 22:22:35.185524,4140,8197274,0.06880993269450127
2026-01-20 22:27:35.185524,3394,6406366,0.061173480103213815
2026-01-20 22:32:35.185524,4350,4779287,0.07171086802536958
2026-01-20 22:37:35.185524,5405,5976576,0.061330550586819785
2026-01-20 22:42:35.185524,3832,6834874,0.05758282954939495
2026-01-20 22:47:35.185524,3920,5755733,0.0675511303233693
2026-01-20 22:52:35.185524,3918,7403955,0.06266799364721505
2026-01-20 22:57:35.185524,4022,3607694,0.07114612108893502
2026-01-20 23:02:35.185524,3911,5013643,0.06445880436971263
2026-01-20 23:07:35.185524,4223,3848249,0.06810463491353293
2026-01-20 23:12:35.185524,4249,6877440,0.06650199746974908
2026-01-20 23:17:35.185524,3927,6537994,0.06707393832876936
2026-01-20 23:22:35.185524,3943,5721776,0.06847721662542473
2026-01-20 23:27:35.185524,4130,7503497,0.06830152320706444
2026-01-20 23:32:35.185524,4039,5207935,0.06130670606437757
2026-01-20 23:37:35.185524,3944,5759806,0.06709097767355043
2026-01-20 23:42:35.185524,3738,2658302,0.06416075476439936
2026-01-20 23:47:35.185524,4543,5812823,0.05731226151620636
2026-01-20 23:52:35.185524,4626,7030320,0.06303537654360312
2026-01-20 23:57:35.185524,3691,6266460,0.06711429798021885
2026-01-21 00:02:35.185524,4234,4904353,0.06881076664115139
2026-01-21 00:07:35.185524,4092,7946105,0.06095793426627679
2026-01-21 00:12:35.185524,3260,2504334,0.06176428801506462
2026-01-21 00:17:35.185524,4207,6017197,0.06716123571431033
2026-01-21 00:22:35.185524,4388,3654605,0.0640458782690565
2026-01-21 00:27:35.185524,3549,6721435,0.058356357985070856
2026-01-21 00:32:35.185524,3980,6468115,0.0678881963097472
2026-01-21 00:37:35.185524,4362,2569524,0.06677562452467072
2026-01-21 00:42:35.185524,3800,7276192,0.06932715531880519
2026-01-21 00:47:35.185524,4133,2579428,0.06408992016766978
2026-01-21 00:52:35.185524,4099,2053951,0.05861852696948783
2026-01-21 00:57:35.185524,3714,4743178,0.05774268761561001
2026-01-21 01:02:35.185524,3635,7235035,0.06195617197646542
2026-01-21 01:07:35.185524,4935,5202614,0.06841420072137737
2026-01-21 01:12:35.185524,4516,2941796,0.05610049534524811
2026-01-21 01:17:35.185524,2661,3500693,0.05276766665924367
2026-01-21 01:22:35.185524,3823,6464288,0.05159551291779024
2026-01-21 01:27:35.185524,2513,4681057,0.06428394616219292
2026-01-21 01:32:35.185524,3515,6190778,0.06048182271202225
2026-01-21 01:37:35.185524,4049,2648391,0.06742158171709724
2026-01-21 01:42:35.185524,3363,6255719,0.05649623789478206
2026-01-21 01:47:35.185524,3956,2970009,0.06750922127992537
2026-01-21 01:52:35.185524,3572,6796035,0.052749257186420984
2026-01-21 01:57:35.185524,3619,2393031,0.05618011865563016
2026-01-21 02:02:35.185524,3316,1789463,0.06996744101845674
2026-01-21 02:07:35.185524,3825,2755885,0.052606568777269345
2026-01-21 02:12:35.185524,2724,1441060,0.06486042081383696
2026-01-21 02:17:35.185524,3782,2808083,0.0536006187189324
2026-01-21 02:22:35.185524,3238,3585690,0.06097697568477259
2026-01-21 02:27:35.185524,4308,3173882,0.06540244393118182
2026-01-21 02:32:35.185524,3099,2973294,0.06282299058448047
2026-01-21 02:37:35.185524,3538,3267994,0.052609293669899096
2026-01-21 02:42:35.185524,3603,3178828,0.06841108234375046
2026-01-21 02:47:35.185524,3380,3475941,0.06509523465060305
2026-01-21 02:52:35.185524,3772,4012615,0.06670882879726003
2026-01-21 02:57:35.185524,3003,5782138,0.06502974377336287
2026-01-21 03:02:35.185524,3181,2328812,0.053112270291271226
2026-01-21 03:07:35.185524,3666,4615227,0.05157473322357054
2026-01-21 03:12:35.185524,4073,7552407,0.050325299432551825
2026-01-21 03:17:35.185524,3637,3426805,0.05194021452321792
2026-01-21 03:22:35.185524,4124,7266104,0.054004621912098684
2026-01-21 03:27:35.185524,3770,4159466,0.060041402403836215
2026-01-21 03:32:35.185524,3947,2470662,0.06733532544045981
2026-01-21 03:37:35.185524,3206,3085272,0.047813220631681794
2026-01-21 03:42:35.185524,4113,2813934,0.05346497698881435
2026-01-21 03:47:35.185524,3339,3941552,0.05877361120964574
2026-01-21 03:52:35.185524,3635,2056372,0.06367476513345778
2026-01-21 03:57:35.185524,4552,6972584,0.058254984112485114
2026-01-21 04:02:35.185524,4064,7698768,0.05797044197759
2026-01-21 04:07:35.185524,4443,4270285,0.04914796157324298
2026-01-21 04:12:35.185524,3274,5016629,0.050061527475576184
2026-01-21 04:17:35.185524,4809,7653470,0.055098725971416726
2026-01-21 04:22:35.185524,3804,5960080,0.06473284309201961
2026-01-21 04:27:35.185524,3150,1833983,0.0584157513615423
2026-01-21 04:32:35.185524,4172,2347831,0.058591278177698505
2026-01-21 04:37:35.185524,4136,4863120,0.04918903464515063
2026-01-21 04:42:35.185524,4461,8796371,0.06368969473918411
2026-01-21 04:47:35.185524,4672,8338797,0.05939848002612186
2026-01-21 04:52:35.185524,4142,8101508,0.05333554458708232
2026-01-21 04:57:35.185524,4039,6839887,0.047918851993677375
2026-01-21 05:02:35.185524,4338,5676196,0.06404906219496391
2026-01-21 05:07:35.185524,3574,2532288,0.06040501682256324
2026-01-21 05:12:35.185524,4203,3832796,0.05958947985460747
2026-01-21 05:17:35.185524,5088,6358228,0.05373200848648364
2026-01-21 05:22:35.185524,4138,2695774,0.059553630588269284
2026-01-21 05:27:35.185524,4193,7527558,0.05498049152861061
2026-01-21 05:32:35.185524,4684,4308324,0.06234226528244102
2026-01-21 05:37:35.185524,4614,6037647,0.05504312653081831
2026-01-21 05:42:35.185524,5050,4535114,0.055237843461956454
2026-01-21 05:47:35.185524,4617,5256760,0.045440143234413366
2026-01-21 05:52:35.185524,4825,9349027,0.06172534105627973
2026-01-21 05:57:35.185524,4642,3488930,0.06031476906418148
2026-01-21 06:02:35.185524,4078,4526705,0.056873717503389876
2026-01-21 06:07:35.185524,5286,2885446,0.04902894828478407
2026-01-21 06:12:35.185524,4512,4776396,0.05748613786381486
2026-01-21 06:17:35.185524,4111,6562775,0.04352327708970499
2026-01-21 06:22:35.185524,5371,3365105,0.045735891317905106
2026-01-21 06:27:35.185524,5371,6607402,0.05702977201409139
2026-01-21 06:32:35.185524,3964,6626561,0.06070821041841038
2026-01-21 06:37:35.185524,5083,5351765,0.053324667837423324
2026-01-21 06:42:35.185524,4944,7589367,0.059983335163924914
2026-01-21 06:47:35.185524,5485,10239345,0.055538676485164626
2026-01-21 06:52:35.185524,4874,2835148,0.05298263524925363
2026-01-21 06:57:35.185524,5297,5850727,0.05754725232427456
2026-01-21 07:02:35.185524,5806,10366812,0.05101301975942843
2026-01-21 07:07:35.185524,5274,10211134,0.04290314636338549
2026-01-21 07:12:35.185524,5410,9954795,0.057528518364898466
2026-01-21 07:17:35.185524,5551,5373702,0.058305199743209433
2026-01-21 07:22:35.185524,3870,2214981,0.05035541481483131
2026-01-21 07:27:35.185524,5241,7408132,0.05198263928957652
2026-01-21 07:32:35.185524,5155,6742607,0.04950063837398392
2026-01-21 07:37:35.185524,5911,7264138,0.04444706576574165
2026-01-21 07:42:35.185524,4868,9210621,0.04369311560601044
2026-01-21 07:47:35.185524,5035,5429545,0.04601638957851324
2026-01-21 07:52:35.185524,6081,9112277,0.05400152912446301
2026-01-21 07:57:35.185524,6523,5093969,0.05200691041458469
2026-01-21 08:02:35.185524,5643,9244644,0.05081328485185006
2026-01-21 08:07:35.185524,4556,6865938,0.05882796345147601
2026-01-21 08:12:35.185524,6178,5968812,0.045135872513856756
2026-01-21 08:17:35.185524,6029,6269267,0.05542450705114702
2026-01-21 08:22:35.185524,5312,9745472,0.04739423341055066
2026-01-21 08:27:35.185524,6560,4146019,0.04912505221619859
2026-01-21 08:32:35.185524,5265,7156636,0.051691322038847784
2026-01-21 08:37:35.185524,6563,11817216,0.053393798109436494
2026-01-21 08:42:35.185524,6793,12270977,0.049200589938192194
2026-01-21 08:47:35.185524,6786,9949103,0.04768395202910103
2026-01-21 08:52:35.185524,6018,9331145,0.041880298119954994
2026-01-21 08:57:35.185524,5846,8170137,0.04574653943846595
2026-01-21 09:02:35.185524,6774,11511935,0.04118389428776087
2026-01-21 09:07:35.185524,5291,7840871,0.04104057178852824
2026-01-21 09:12:35.185524,6227,11363959,0.04529070843919822
2026-01-21 09:17:35.185524,6696,5799335,0.05645429990575667
2026-01-21 09:22:35.185524,4912,8062471,0.0380086714219061
2026-01-21 09:27:35.185524,6858,4508084,0.03980110485162188
2026-01-21 09:32:35.185524,6647,4294994,0.05292546959347416
2026-01-21 09:37:35.185524,5875,4537677,0.0545948412373393
2026-01-21 09:42:35.185524,5943,7666838,0.044557765759088735
2026-01-21 09:47:35.185524,7499,4707057,0.037287265290929086
2026-01-21 09:52:35.185524,6390,3921099,0.04496244436712471
2026-01-21 09:57:35.185524,7199,7320600,0.04185540523387722
2026-01-21 10:02:35.185524,6178,3089398,0.04677760068752668
2026-01-21 10:07:35.185524,6127,4241973,0.04186812232605253
2026-01-21 10:12:35.185524,6150,6876620,0.03910755657374657
2026-01-21 10:17:35.185524,7288,14392559,0.04245139850942747
2026-01-21 10:22:35.185524,6288,11632089,0.04394009133817005
2026-01-21 10:27:35.185524,6945,13040410,0.044756412489398587
2026-01-21 10:32:35.185524,6860,10116118,0.041136387082224196
2026-01-21 10:37:35.185524,6706,9909063,0.03752282851929109
2026-01-21 10:42:35.185524,7432,9769051,0.040588174520441264
2026-01-21 10:47:35.185524,6680,10502112,0.043147672201888886
2026-01-21 10:52:35.185524,6908,4014693,0.03496804772725427
2026-01-21 10:57:35.185524,6405,4387505,0.042898718089616594
2026-01-21 11:02:35.185524,6959,6438329,0.048935812068374746
2026-01-21 11:07:35.185524,7177,10933516,0.033605192532909355
2026-01-21 11:12:35.185524,7500,5985402,0.04172487100095792
2026-01-21 11:17:35.185524,7921,14332142,0.040831236205610646
2026-01-21 11:22:35.185524,6512,12376958,0.05078848878969054
2026-01-21 11:27:35.185524,6958,11837923,0.03540145848909879
2026-01-21 11:32:35.185524,6437,10310972,0.033577554695288496
2026-01-21 11:37:35.185524,7941,4963009,0.03392341338166119
2026-01-21 11:42:35.185524,7627,4926250,0.039199193269681284
2026-01-21 11:47:35.185524,7578,5940255,0.04705256470860035
2026-01-21 11:52:35.185524,7279,10374155,0.030936676937131036
2026-01-21 11:57:35.185524,7061,7518648,0.0365930944619134
2026-01-21 12:02:35.185524,7882,4636270,0.03454260056110298
2026-01-21 12:07:35.185524,6978,8949441,0.04796614478707084
2026-01-21 12:12:35.185524,8466,13854687,0.038760497139085956
2026-01-21 12:17:35.185524,7583,9707350,0.04054897888269508
2026-01-21 12:22:35.185524,6461,10652271,0.03998673820629266
2026-01-21 12:27:35.185524,7281,12834877,0.037046608479606315
2026-01-21 12:32:35.185524,8125,5212006,0.03405661279951944
2026-01-21 12:37:35.185524,6995,9001858,0.029828929923880733
2026-01-21 12:42:35.185524,8120,5829567,0.03282544218147022
2026-01-21 12:47:35.185524,7312,9576764,0.04476658517876808
2026-01-21 12:52:35.185524,7079,7083708,0.0365848145345322
2026-01-21 12:57:35.185524,7387,8790849,0.04468137534071134
2026-01-21 13:02:35.185524,7789,15466896,0.04127868035564175
2026-01-21 13:07:35.185524,8232,5000737,0.029206645845176335
2026-01-21 13:12:35.185524,7488,10074970,0.04409045610435606
2026-01-21 13:17:35.185524,7166,9095537,0.03213531935030908
2026-01-21 13:22:35.185524,8405,15841806,0.038527376705109834
2026-01-21 13:27:35.185524,6929,6008831,0.045336735290637566
2026-01-21 13:32:35.185524,8150,7730640,0.046398817425094274
2026-01-21 13:37:35.185524,7805,4597126,0.02656230299755196
2026-01-21 13:42:35.185524,6955,7518734,0.04419947497386773
2026-01-21 13:47:35.185524,7908,5445532,0.030911526018137528
2026-01-21 13:52:35.185524,7843,15384818,0.025877722487368526
2026-01-21 13:57:35.185524,8337,8340574,0.029983918330313376
2026-01-21 14:02:35.185524,7771,4423606,0.038885654234070546
2026-01-21 14:07:35.185524,8399,7329950,0.038181264728164674
2026-01-21 14:12:35.185524,7224,5533415,0.04031325643362889
2026-01-21 14:17:35.185524,6360,9349246,0.03016026626068471
2026-01-21 14:22:35.185524,7572,4282774,0.02843251647541304
2026-01-21 14:27:35.185524,8042,5992017,0.033122590521974075
2026-01-21 14:32:35.185524,7563,4585632,0.04111708045825901
2026-01-21 14:37:35.185524,6917,12613865,0.03932222719555718
2026-01-21 14:42:35.185524,7714,7830977,0.03141632646718954
2026-01-21 14:47:35.185524,7265,8735627,0.0329825990175744
2026-01-21 14:52:35.185524,7096,11360942,0.036618218196684565
2026-01-21 14:57:35.185524,7103,8235587,0.02620681726983961
2026-01-21 15:02:35.185524,7254,7684426,0.03530478002268136
2026-01-21 15:07:35.185524,7058,8792701,0.029106936431064264
2026-01-21 15:12:35.185524,7595,12618516,0.04148383918380462
2026-01-21 15:17:35.185524,6983,12318216,0.0269740808499508
2026-01-21 15:22:35.185524,6489,6716423,0.039094524891860195
2026-01-21 15:27:35.185524,7556,7736669,0.035606821149635086
2026-01-21 15:32:35.185524,7672,6797973,0.021757916048544296
2026-01-21 15:37:35.185524,6892,11132499,0.03459074665790601
2026-01-21 15:42:35.185524,7928,11649957,0.02758787461919594
2026-01-21 15:47:35.185524,7429,12278017,0.028771508434796665
2026-01-21 15:52:35.185524,6504,6955993,0.02563145130742979
2026-01-21 15:57:35.185524,7160,7268150,0.03602169645917322
2026-01-21 16:02:35.185524,7380,13022898,0.036532537674434824
2026-01-21 16:07:35.185524,7202,5583335,0.037213552162425806
2026-01-21 16:12:35.185524,7095,8596049,0.034176444162238126
2026-01-21 16:17:35.185524,7270,12593003,0.033651466206895936
2026-01-21 16:22:35.185524,7181,11605426,0.028157376716630635
2026-01-21 16:27:35.185524,7764,9832000,0.03217243266163325
2026-01-21 16:32:35.185524,7096,8103911,0.03184224687771363
2026-01-21 16:37:35.185524,6807,8188672,0.029732063657896914
2026-01-21 16:42:35.185524,7139,9525174,0.028262484326595422
2026-01-21 16:47:35.185524,6299,7215801,0.032260815876123096
2026-01-21 16:52:35.185524,6348,4146468,0.01945144617931339
2026-01-21 16:57:35.185524,7036,4065124,0.02243174658130764
2026-01-21 17:02:35.185524,8357,12944496,0.03748803451216584
2026-01-21 17:07:35.185524,6400,10985713,0.01746331270232738
2026-01-21 17:12:35.185524,6781,11502959,0.01806575665577221
2026-01-21 17:17:35.185524,7183,5530046,0.02795668372062487
2026-01-21 17:22:35.185524,6614,5445077,0.033965647378280284
2026-01-21 17:27:35.185524,6584,9382767,0.03487615122913249
2026-01-21 17:32:35.185524,6420,3968816,0.023774401372706047
2026-01-21 17:37:35.185524,6656,8708004,0.016560816527549132
2026-01-21 17:42:35.185524,6422,10869499,0.0322812344092861
2026-01-21 17:47:35.185524,7164,11152772,0.021603885716763634
2026-01-21 17:52:35.185524,7020,11585046,0.022912420976188112
2026-01-21 17:57:35.185524,6458,3984395,0.028367666883984323
2026-01-21 18:02:35.185524,6580,7951503,0.02954050108117244
2026-01-21 18:07:35.185524,7071,8293646,0.019520131566646608
2026-01-21 18:12:35.185524,6329,9833880,0.027993853860714932
2026-01-21 18:17:35.185524,6420,4767330,0.03084423874626998
2026-01-21 18:22:35.185524,6131,9543050,0.032861547427899124
2026-01-21 18:27:35.185524,6683,11637652,0.020148810465794982
2026-01-21 18:32:35.185524,6634,8280938,0.019168707393279985
2026-01-21 18:37:35.185524,5974,10065966,0.02397619513091906
2026-01-21 18:42:35.185524,5640,3840865,0.019354271897802235
2026-01-21 18:47:35.185524,6236,8253856,0.014726113228244872
2026-01-21 18:52:35.185524,7167,4959879,0.017788936204907096
2026-01-21 18:57:35.185524,6979,10309760,0.022174529713001538
2026-01-21 19:02:35.185524,6089,4662364,0.014990281768859593
2026-01-21 19:07:35.185524,5743,10303187,0.01402204013560284
2026-01-21 19:12:35.185524,7045,5980728,0.015383015535412764
2026-01-21 19:17:35.185524,5546,9002776,0.0317443118200434
2026-01-21 19:22:35.185524,6115,11452529,0.019105669818949414
2026-01-21 19:27:35.185524,6821,5792587,0.015311994158271593
2026-01-21 19:32:35.185524,5460,5615189,0.017385955476310822
2026-01-21 19:37:35.185524,5231,3782661,0.029153342936795217
2026-01-21 19:42:35.185524,4934,5672581,0.02838696008118534
2026-01-21 19:47:35.185524,6423,10009719,0.024474957324812575
2026-01-21 19:52:35.185524,4956,3754096,0.028923253180373885
2026-01-21 19:57:35.185524,5912,5752405,0.024170865256394374
2026-01-21 20:02:35.185524,6455,10079168,0.025408871985296087
2026-01-21 20:07:35.185524,6841,3484678,0.01711785510642046
2026-01-21 20:12:35.185524,5225,5538008,0.026841971988894806
2026-01-21 20:17:35.185524,5130,3393267,0.012971255652758144
2026-01-21 20:22:35.185524,5787,7969034,0.02777378863982167
2026-01-21 20:27:35.185524,5095,4104242,0.018926305745616826
2026-01-21 20:32:35.185524,4898,5528415,0.02670547995237415
2026-01-21 20:37:35.185524,4899,8582981,0.028073969939827796
2026-01-21 20:42:35.185524,5302,8159640,0.022004015174549096
2026-01-21 20:47:35.185524,5263,10202010,0.01793519509055791
2026-01-21 20:52:35.185524,4937,5413814,0.01532425527814553
2026-01-21 20:57:35.185524,4387,2707130,0.026734490736172484
2026-01-21 21:02:35.185524,5105,3793066,0.017295854528725223
2026-01-21 21:07:35.185524,4881,4710308,0.024042908248070212
2026-01-21 21:12:35.185524,5193,5949099,0.012789046533650749
2026-01-21 21:17:35.185524,5338,8018114,0.0069511384837452495
2026-01-21 21:22:35.185524,5048,7389640,0.006872809618331829
2026-01-21 21:27:35.185524,4395,6089927,0.010448363530154083
2026-01-21 21:32:35.185524,5724,10105806,0.023166699858074243
2026-01-21 21:37:35.185524,4557,7592031,0.006552468802942715
2026-01-21 21:42:35.185524,4973,2943884,0.02140033917051993
2026-01-21 21:47:35.185524,4059,4117469,0.016061079968658763
2026-01-21 21:52:35.185524,4907,7363996,0.021071690189826582
2026-01-21 21:57:35.185524,4131,4260848,0.017722109182104435
2026-01-21 22:02:35.185524,4313,6018041,0.019662043871152193
2026-01-21 22:07:35.185524,4975,4937902,0.005824349236036572
2026-01-21 22:12:35.185524,5250,10206479,0.01172022123698614
2026-01-21 22:17:35.185524,4497,5786948,0.007699434240311463
2026-01-21 22:22:35.185524,5486,8233495,0.00478168548732712
2026-01-21 22:27:35.185524,4423,6921404,0.021284103604570642
2026-01-21 22:32:35.185524,4428,2491184,0.01161433389735471
2026-01-21 22:37:35.185524,4819,8735800,0.016419780583374996
2026-01-21 22:42:35.185524,5177,9395281,0.003960792613463066
2026-01-21 22:47:35.185524,4411,7308738,0.013019752259386067
2026-01-21 22:52:35.185524,4058,5899875,0.02098173268684372
2026-01-21 22:57:35.185524,4105,6469469,0.005675791480279059
2026-01-21 23:02:35.185524,4561,4085196,0.004657136687025557
2026-01-21 23:07:35.185524,4083,2815439,0.004407145267987571
2026-01-21 23:12:35.185524,3879,3168609,0.012458857008005272
2026-01-21 23:17:35.185524,4197,8160071,0.010695336000514331
2026-01-21 23:22:35.185524,4334,5866699,0.0029993606329984414
2026-01-21 23:27:35.185524,5150,9564096,0.0009016814490533046
2026-01-21 23:32:35.185524,3655,7070406,0.0036790163830139784
2026-01-21 23:37:35.185524,3649,4433900,0.005854459747741045
2026-01-21 23:42:35.185524,3397,6297335,0.0007212938213323351
2026-01-21 23:47:35.185524,3040,3588834,0.01703216233397302
2026-01-21 23:52:35.185524,4048,4318839,0.007727504141117517
2026-01-21 23:57:35.185524,4058,4439596,0.0027675801602603783
2026-01-22 00:02:35.185524,3529,6868667,0.004234982588998327
2026-01-22 00:07:35.185524,3622,4976019,0.008737216978768562
2026-01-22 00:12:35.185524,4009,4818688,0.01578438170680123
2026-01-22 00:17:35.185524,4683,6649145,0.015064568517959525
2026-01-22 00:22:35.185524,4007,3797390,0.01552255636942309
2026-01-22 00:27:35.185524,4191,7700135,0.004110759343168689
2026-01-22 00:32:35.185524,2647,4383492,0.0057041553028595775
2026-01-22 00:37:35.185524,4052,2485781,0.006393666469198369
2026-01-22 00:42:35.185524,3419,6750661,0.009024647926790745
2026-01-22 00:47:35.185524,3223,4978858,0.004015256213146502
2026-01-22 00:52:35.185524,3345,4759420,0.002448654552845414
2026-01-22 00:57:35.185524,3932,4991241,0.012206903640299192
2026-01-22 01:02:35.185524,3898,2565187,0.006253285321879841
2026-01-22 01:07:35.185524,3465,5647436,0.013377544396264051
2026-01-22 01:12:35.185524,3252,2482737,0.0021770888490575306
2026-01-22 01:17:35.185524,4900,6122386,0.009600062943938576
2026-01-22 01:22:35.185524,3661,5964294,0.006527109572131973
2026-01-22 01:27:35.185524,3680,3797466,0.013842693764186509
2026-01-22 01:32:35.185524,3120,3626356,0.014093033345181711
2026-01-22 01:37:35.185524,4757,5734938,0.0
2026-01-22 01:42:35.185524,3453,6374620,0.0018026054251056812
2026-01-22 01:47:35.185524,3554,5915081,0.007978032865887618
2026-01-22 01:52:35.185524,3879,4848910,0.00882899340556429
2026-01-22 01:57:35.185524,3402,2117894,0.004456496165597457
2026-01-22 02:02:35.185524,3162,6153810,0.0
2026-01-22 02:07:35.185524,4477,8322359,0.01319969568694493
2026-01-22 02:12:35.185524,3984,4859427,0.002879476673585098
2026-01-22 02:17:35.185524,3586,5424042,0.005778336483683814
2026-01-22 02:22:35.185524,3186,5608524,0.009498391567697344
2026-01-22 02:27:35.185524,3062,2660550,0.0
2026-01-22 02:32:35.185524,3311,2482641,0.009719542192246503
2026-01-22 02:37:35.185524,3970,3723320,0.002095031499459589
2026-01-22 02:42:35.185524,3663,2372237,0.008124206227602406
2026-01-22 02:47:35.185524,3185,5609986,0.0008715059203232393
2026-01-22 02:52:35.185524,4580,8329658,0.0
2026-01-22 02:57:35.185524,3735,6770668,0.007754568344089595
2026-01-22 03:02:35.185524,3670,2887187,0.0033452351414413623
2026-01-22 03:07:35.185524,3997,7345228,0.0
2026-01-22 03:12:35.185524,3969,6449885,0.0063315875706901874
2026-01-22 03:17:35.185524,3427,4354262,0.0
2026-01-22 03:22:35.185524,3822,7019889,0.0005670503176586593
2026-01-22 03:27:35.185524,3754,7272026,0.0014517618804006736
2026-01-22 03:32:35.185524,3993,7487077,0.0006455463862032156
2026-01-22 03:37:35.185524,3743,4985770,0.0
2026-01-22 03:42:35.185524,3433,6340584,0.009615062235875325
2026-01-22 03:47:35.185524,3966,7293613,0.007126657408426081
2026-01-22 03:52:35.185524,4272,2530951,0.0011498863176806935
2026-01-22 03:57:35.185524,3973,4420329,0.0
2026-01-22 04:02:35.185524,3517,4343698,0.0
2026-01-22 04:07:35.185524,4434,3172388,0.0
2026-01-22 04:12:35.185524,4627,2939287,0.0
2026-01-22 04:17:35.185524,4891,3575831,0.0041684948736630326
2026-01-22 04:22:35.185524,4060,3804063,0.0022478355882126107
2026-01-22 04:27:35.185524,3706,4583310,0.0
2026-01-22 04:32:35.185524,4224,5055659,0.0029575734766751852
2026-01-22 04:37:35.185524,4916,8931861,0.0
2026-01-22 04:42:35.185524,4505,3908653,0.0028622542306106814
2026-01-22 04:47:35.185524,3955,6578336,0.0
2026-01-22 04:52:35.185524,3735,5585948,0.0
2026-01-22 04:57:35.185524,4076,6808825,0.0
2026-01-22 05:02:35.185524,3970,6710411,0.0
2026-01-22 05:07:35.185524,4639,6979319,0.0
2026-01-22 05:12:35.185524,4882,4932566,0.0
2026-01-22 05:17:35.185524,4529,2301038,0.0
2026-01-22 05:22:35.185524,3909,2618963,0.0
2026-01-22 05:27:35.185524,4110,6540373,0.0
2026-01-22 05:32:35.185524,4353,7545193,0.0039266594003683885
2026-01-22 05:37:35.185524,3989,3061772,0.0
2026-01-22 05:42:35.185524,4539,2797202,0.002614147575327035
2026-01-22 05:47:35.185524,4378,7531061,0.0
2026-01-22 05:52:35.185524,5390,4017792,0.0013419871611543514
2026-01-22 05:57:35.185524,4279,6478165,0.0
2026-01-22 06:02:35.185524,4534,8571636,0.0
2026-01-22 06:07:35.185524,4118,2255056,0.0031557193950229687
2026-01-22 06:12:35.185524,5496,10480174,0.0
2026-01-22 06:17:35.185524,5072,5887185,0.0014049857977505176
2026-01-22 06:22:35.185524,4948,3797406,0.002830314601457518
2026-01-22 06:27:35.185524,4315,6384992,0.0
2026-01-22 06:32:35.185524,4157,5213657,0.0
2026-01-22 06:37:35.185524,5134,8008900,0.0008117545839040324
2026-01-22 06:42:35.185524,3859,6654143,0.0011591652039678827
2026-01-22 06:47:35.185524,4661,3207927,0.0
2026-01-22 06:52:35.185524,5403,3731752,0.0
2026-01-22 06:57:35.185524,5560,7433925,0.0
2026-01-22 07:02:35.185524,4868,9534392,0.0
2026-01-22 07:07:35.185524,4432,4787536,0.0
2026-01-22 07:12:35.185524,5418,9616208,0.0
2026-01-22 07:17:35.185524,5938,4577664,0.0
2026-01-22 07:22:35.185524,5370,7056552,0.0
2026-01-22 07:27:35.185524,4928,7612951,0.0007485333114267186
2026-01-22 07:32:35.185524,4871,7078320,0.0
2026-01-22 07:37:35.185524,5166,3918793,0.0
2026-01-22 07:42:35.185524,5893,8970523,0.0
2026-01-22 07:47:35.185524,4962,8964807,0.0
2026-01-22 07:52:35.185524,6666,7203693,0.0
2026-01-22 07:57:35.185524,5717,3524097,0.0
2026-01-22 08:02:35.185524,5984,3165730,0.0
2026-01-22 08:07:35.185524,6742,11681810,0.0
2026-01-22 08:12:35.185524,5864,4498763,0.0
2026-01-22 08:17:35.185524,5738,10666048,0.0
2026-01-22 08:22:35.185524,6843,7823693,0.0
2026-01-22 08:27:35.185524,5808,8088664,0.0
2026-01-22 08:32:35.185524,4902,7326677,0.0
2026-01-22 08:37:35.185524,6323,7859630,0.0
2026-01-22 08:42:35.185524,5682,5645479,0.0
2026-01-22 08:47:35.185524,5677,10974483,0.0
2026-01-22 08:52:35.185524,5766,5723560,0.0
2026-01-22 08:57:35.185524,6180,11925113,0.0
2026-01-22 09:02:35.185524,5983,4836413,0.0
2026-01-22 09:07:35.185524,5681,10585641,0.0
2026-01-22 09:12:35.185524,5649,7429902,0.0
2026-01-22 09:17:35.185524,6935,12028343,0.0
2026-01-22 09:22:35.185524,5685,3698415,0.0
2026-01-22 09:27:35.185524,6317,4717045,0.0
2026-01-22 09:32:35.185524,5465,3906075,0.0
2026-01-22 09:37:35.185524,6048,10813301,0.0
2026-01-22 09:42:35.185524,7224,9829327,0.0
2026-01-22 09:47:35.185524,7177,4309356,0.0
2026-01-22 09:52:35.185524,7115,7234750,0.0
2026-01-22 09:57:35.185524,7029,4325539,0.0
2026-01-22 10:02:35.185524,7016,7242884,0.0
2026-01-22 10:07:35.185524,6224,4359041,0.0
2026-01-22 10:12:35.185524,5894,8942433,0.0
2026-01-22 10:17:35.185524,6661,7585866,0.0
2026-01-22 10:22:35.185524,6484,11720698,0.0
2026-01-22 10:27:35.185524,7578,12156110,0.0
2026-01-22 10:32:35.185524,7223,4175822,0.0
2026-01-22 10:37:35.185524,6614,4912746,0.0
2026-01-22 10:42:35.185524,7081,8072610,0.0
2026-01-22 10:47:35.185524,7143,14095736,0.0
2026-01-22 10:52:35.185524,6154,8974548,0.0
2026-01-22 10:57:35.185524,7179,7112062,0.0
2026-01-22 11:02:35.185524,7764,13702729,0.0
2026-01-22 11:07:35.185524,6657,4808485,0.0
2026-01-22 11:12:35.185524,7137,13664891,0.0
2026-01-22 11:17:35.185524,5960,5081023,0.0
2026-01-22 11:22:35.185524,7472,8082036,0.0
2026-01-22 11:27:35.185524,7305,4607469,0.0
2026-01-22 11:32:35.185524,7184,9341151,0.0
2026-01-22 11:37:35.185524,8027,4730550,0.0
2026-01-22 11:42:35.185524,7610,7286654,0.0
2026-01-22 11:47:35.185524,7419,11363331,0.0
2026-01-22 11:52:35.185524,7475,12013180,0.0
2026-01-22 11:57:35.185524,7932,7116938,0.0
2026-01-22 12:02:35.185524,7621,9138361,0.0
2026-01-22 12:07:35.185524,7139,6717340,0.0
2026-01-22 12:12:35.185524,7048,9360080,0.0
2026-01-22 12:17:35.185524,8014,8105125,0.0
2026-01-22 12:22:35.185524,7989,9014580,0.0
2026-01-22 12:27:35.185524,6406,12127298,0.0
2026-01-22 12:32:35.185524,7764,10596835,0.0
2026-01-22 12:37:35.185524,7625,11404285,0.0
2026-01-22 12:42:35.185524,7105,7842140,0.0
2026-01-22 12:47:35.185524,7373,12161552,0.0
2026-01-22 12:52:35.185524,7472,14273529,0.0
2026-01-22 12:57:35.185524,7064,8758808,0.0
2026-01-22 13:02:35.185524,7261,6167722,0.0
2026-01-22 13:07:35.185524,7662,7849156,0.0
2026-01-22 13:12:35.185524,7584,7726683,0.0
2026-01-22 13:17:35.185524,8106,15687465,0.0
2026-01-22 13:22:35.185524,7468,4129684,0.0
2026-01-22 13:27:35.185524,6786,13344637,0.0
2026-01-22 13:32:35.185524,6963,13722836,0.0
2026-01-22 13:37:35.185524,7772,13742242,0.0
2026-01-22 13:42:35.185524,7293,13712113,0.0
2026-01-22 13:47:35.185524,7960,14416864,0.0
2026-01-22 13:52:35.185524,8310,7196870,0.0
2026-01-22 13:57:35.185524,7282,8835148,0.0
2026-01-22 14:02:35.185524,7523,10525707,0.0
2026-01-22 14:07:35.185524,8255,5856451,0.0
2026-01-22 14:12:35.185524,7025,8033895,0.0
2026-01-22 14:17:35.185524,8138,15596666,0.0
2026-01-22 14:22:35.185524,7394,3707646,0.0
2026-01-22 14:27:35.185524,7405,6746700,0.0
2026-01-22 14:32:35.185524,7899,7875091,0.0
2026-01-22 14:37:35.185524,7389,12640207,0.0
2026-01-22 14:42:35.185524,6742,12479012,0.0
2026-01-22 14:47:35.185524,7747,14298015,0.0
2026-01-22 14:52:35.185524,6895,7769246,0.0
2026-01-22 14:57:35.185524,7823,7168084,0.0
2026-01-22 15:02:35.185524,8606,13515676,0.0
2026-01-22 15:07:35.185524,6495,5887979,0.0
2026-01-22 15:12:35.185524,8048,10772826,0.0
2026-01-22 15:17:35.185524,7449,11751678,0.0
2026-01-22 15:22:35.185524,7951,15495614,0.0
2026-01-22 15:27:35.185524,7230,8567218,0.0
2026-01-22 15:32:35.185524,7368,13468877,0.0
2026-01-22 15:37:35.185524,8518,10469338,0.0
2026-01-22 15:42:35.185524,7041,6868845,0.0
2026-01-22 15:47:35.185524,7714,9489002,0.0
2026-01-22 15:52:35.185524,8116,5743831,0.0
2026-01-22 15:57:35.185524,6802,3583721,0.0
2026-01-22 16:02:35.185524,6835,6507669,0.0
2026-01-22 16:07:35.185524,7422,12538476,0.0
2026-01-22 16:12:35.185524,7705,12535837,0.0
2026-01-22 16:17:35.185524,7291,13010439,0.0
2026-01-22 16:22:35.185524,7869,4223639,0.0
2026-01-22 16:27:35.185524,7476,6509581,0.0
2026-01-22 16:32:35.185524,7396,10324088,0.0
2026-01-22 16:37:35.185524,7182,11810169,0.0
2026-01-22 16:42:35.185524,6864,4107296,0.0
2026-01-22 16:47:35.185524,7663,7474516,0.0
2026-01-22 16:52:35.185524,6531,6993842,0.0
2026-01-22 16:57:35.185524,7355,7411323,0.0
2026-01-22 17:02:35.185524,7026,13312539,0.0
2026-01-22 17:07:35.185524,6886,11340644,0.0
2026-01-22 17:12:35.185524,6467,10266506,0.0
2026-01-22 17:17:35.185524,6360,5907217,0.0
2026-01-22 17:22:35.185524,7010,7822807,0.0
2026-01-22 17:27:35.185524,7378,6005863,0.0
2026-01-22 17:32:35.185524,7039,11027681,0.0
2026-01-22 17:37:35.185524,6953,8444352,0.0
2026-01-22 17:42:35.185524,6791,13054118,0.0
2026-01-22 17:47:35.185524,6150,8467883,0.0
2026-01-22 17:52:35.185524,6929,10193318,0.0
2026-01-22 17:57:35.185524,5837,4322687,0.0
2026-01-22 18:02:35.185524,6678,13302942,0.0
2026-01-22 18:07:35.185524,6885,12383722,0.0
2026-01-22 18:12:35.185524,6953,7275433,0.0
2026-01-22 18:17:35.185524,6262,7498844,0.0
2026-01-22 18:22:35.185524,6659,4505506,0.0
2026-01-22 18:27:35.185524,6340,11542553,0.0
2026-01-22 18:32:35.185524,6081,10153191,0.0
2026-01-22 18:37:35.185524,6113,7644464,0.0
2026-01-22 18:42:35.185524,6645,3429600,0.0
2026-01-22 18:47:35.185524,6307,4131495,0.0
2026-01-22 18:52:35.185524,6829,9789235,0.0
2026-01-22 18:57:35.185524,6816,6866654,0.0
2026-01-22 19:02:35.185524,5785,10251499,0.0
2026-01-22 19:07:35.185524,6587,4122403,0.0
2026-01-22 19:12:35.185524,6588,9587712,0.0
2026-01-22 19:17:35.185524,5734,7753923,0.0
2026-01-22 19:22:35.185524,5639,3650387,0.0
2026-01-22 19:27:35.185524,5928,3224765,0.0
2026-01-22 19:32:35.185524,5897,5040817,0.0
2026-01-22 19:37:35.185524,5328,6952085,0.0
2026-01-22 19:42:35.185524,5026,4316855,0.0
2026-01-22 19:47:35.185524,5943,4930073,0.0
2026-01-22 19:52:35.185524,5479,6125277,0.0
2026-01-22 19:57:35.185524,5843,4548283,0.0
2026-01-22 20:02:35.185524,5207,9323127,0.0
2026-01-22 20:07:35.185524,5071,6548764,0.0
2026-01-22 20:12:35.185524,6169,10699066,0.0
2026-01-22 20:17:35.185524,5186,5242179,0.0
2026-01-22 20:22:35.185524,5686,8056652,0.0
2026-01-22 20:27:35.185524,5523,5609130,0.0
2026-01-22 20:32:35.185524,5362,6634085,0.0
2026-01-22 20:37:35.185524,5335,10299228,0.0
2026-01-22 20:42:35.185524,5417,5871117,0.0
2026-01-22 20:47:35.185524,5763,5162484,0.0
2026-01-22 20:52:35.185524,5399,3271795,0.0
2026-01-22 20:57:35.185524,5053,8003782,0.0
2026-01-22 21:02:35.185524,4511,7906972,0.0
2026-01-22 21:07:35.185524,5346,7884706,0.0
2026-01-22 21:12:35.185524,4708,6415804,0.0
2026-01-22 21:17:35.185524,4699,5478616,0.0
2026-01-22 21:22:35.185524,4765,3404491,0.0
2026-01-22 21:27:35.185524,4382,4640770,0.0
2026-01-22 21:32:35.185524,5628,3868515,0.0
2026-01-22 21:37:35.185524,4537,2453297,0.0
2026-01-22 21:42:35.185524,5241,9263188,0.0
2026-01-22 21:47:35.185524,4088,5644052,0.0
2026-01-22 21:52:35.185524,4526,5160806,0.0
2026-01-22 21:57:35.185524,4249,7807715,0.0
2026-01-22 22:02:35.185524,4059,5516064,0.0
2026-01-22 22:07:35.185524,4038,5161764,0.0
2026-01-22 22:12:35.185524,4664,2484706,0.0
2026-01-22 22:17:35.185524,3813,4470219,0.0
2026-01-22 22:22:35.185524,5386,5618032,0.0
2026-01-22 22:27:35.185524,4078,5556500,0.0
2026-01-22 22:32:35.185524,4763,2968044,0.0
2026-01-22 22:37:35.185524,3905,2335074,0.0
2026-01-22 22:42:35.185524,4473,3921552,0.0
2026-01-22 22:47:35.185524,2995,4464786,0.0
2026-01-22 22:52:35.185524,4430,6762444,0.0
2026-01-22 22:57:35.185524,4554,8156645,0.0
2026-01-22 23:02:35.185524,5228,3041197,0.0
2026-01-22 23:07:35.185524,4130,6729443,0.0
2026-01-22 23:12:35.185524,5398,8260789,0.0
2026-01-22 23:17:35.185524,3485,6928454,0.0
2026-01-22 23:22:35.185524,3926,7361319,0.0
2026-01-22 23:27:35.185524,3489,2949972,0.0
2026-01-22 23:32:35.185524,3615,6583378,0.0
2026-01-22 23:37:35.185524,4798,7881538,0.0
2026-01-22 23:42:35.185524,4149,6157855,0.0
2026-01-22 23:47:35.185524,3822,7152332,0.0
2026-01-22 23:52:35.185524,4163,4720941,0.0
2026-01-22 23:57:35.185524,4333,3877087,0.0
2026-01-23 00:02:35.185524,4761,3983006,0.0
2026-01-23 00:07:35.185524,3703,4729220,0.0
2026-01-23 00:12:35.185524,4506,2754749,0.0
2026-01-23 00:17:35.185524,3218,4142762,0.0
2026-01-23 00:22:35.185524,3585,5670899,0.0
2026-01-23 00:27:35.185524,3660,6024871,0.0
2026-01-23 00:32:35.185524,3602,3053967,0.0
2026-01-23 00:37:35.185524,3592,1901444,0.0
2026-01-23 00:42:35.185524,4281,5454676,0.0
2026-01-23 00:47:35.185524,4632,4514008,0.0
2026-01-23 00:52:35.185524,3987,2506397,0.0
2026-01-23 00:57:35.185524,3224,4293470,0.0
2026-01-23 01:02:35.185524,3123,2619247,0.0
2026-01-23 01:07:35.185524,3469,1872618,0.0
2026-01-23 01:12:35.185524,4412,3357082,0.0
2026-01-23 01:17:35.185524,3499,5108031,0.0
2026-01-23 01:22:35.185524,3990,5139443,0.0
2026-01-23 01:27:35.185524,4278,3676422,0.0
2026-01-23 01:32:35.185524,3938,3518262,0.0
2026-01-23 01:37:35.185524,3584,2232595,0.0
2026-01-23 01:42:35.185524,3845,5336063,0.0
2026-01-23 01:47:35.185524,3542,2022160,0.0
2026-01-23 01:52:35.185524,4215,4258875,0.0
2026-01-23 01:57:35.185524,3701,6822698,0.0
2026-01-23 02:02:35.185524,3626,5437932,0.0
2026-01-23 02:07:35.185524,3537,5934460,0.0
2026-01-23 02:12:35.185524,3424,5211304,0.0
2026-01-23 02:17:35.185524,3434,3851811,0.0
2026-01-23 02:22:35.185524,4468,3581198,0.0
2026-01-23 02:27:35.185524,3530,5606335,0.0
2026-01-23 02:32:35.185524,4358,2453227,0.0
2026-01-23 02:37:35.185524,3944,3623434,0.0
2026-01-23 02:42:35.185524,3255,5539945,0.0
2026-01-23 02:47:35.185524,3580,2310818,0.0
2026-01-23 02:52:35.185524,3827,5819828,0.0
2026-01-23 02:57:35.185524,3789,5289633,0.0
2026-01-23 03:02:35.185524,3735,3219228,0.0
2026-01-23 03:07:35.185524,4024,7577515,0.0
2026-01-23 03:12:35.185524,3825,6337288,0.0
2026-01-23 03:17:35.185524,4815,4415129,0.0
2026-01-23 03:22:35.185524,3990,5573332,0.0
2026-01-23 03:27:35.185524,3514,4839274,0.0
2026-01-23 03:32:35.185524,3598,2902014,0.0
2026-01-23 03:37:35.185524,4018,6030670,0.0
2026-01-23 03:42:35.185524,4003,2749231,0.0
2026-01-23 03:47:35.185524,3823,7009806,0.0
2026-01-23 03:52:35.185524,3831,3729852,0.0
2026-01-23 03:57:35.185524,3307,5450827,0.0
2026-01-23 04:02:35.185524,3644,4006426,0.0
2026-01-23 04:07:35.185524,5034,5949004,0.0
2026-01-23 04:12:35.185524,3713,2558966,0.0
2026-01-23 04:17:35.185524,3659,3266519,0.0
2026-01-23 04:22:35.185524,3355,3146039,0.0
2026-01-23 04:27:35.185524,4483,8054812,0.0
2026-01-23 04:32:35.185524,4634,6062979,0.0
2026-01-23 04:37:35.185524,4291,5627266,0.0
2026-01-23 04:42:35.185524,4189,5579794,0.0
2026-01-23 04:47:35.185524,4502,3209209,0.0
2026-01-23 04:52:35.185524,3841,5468355,0.0
2026-01-23 04:57:35.185524,4897,6978826,0.0
2026-01-23 05:02:35.185524,2785,1497682,0.0
2026-01-23 05:07:35.185524,3929,2519312,0.0
2026-01-23 05:12:35.185524,4920,4645309,0.0
2026-01-23 05:17:35.185524,4194,3008325,0.0
2026-01-23 05:22:35.185524,4435,4708794,0.0
2026-01-23 05:27:35.185524,4975,8148486,0.0
2026-01-23 05:32:35.185524,4942,3669382,0.0
2026-01-23 05:37:35.185524,5006,8684805,0.0
2026-01-23 05:42:35.185524,3824,1991471,0.0
2026-01-23 05:47:35.185524,4522,8850224,0.0
2026-01-23 05:52:35.185524,4316,7487839,0.0
2026-01-23 05:57:35.185524,4471,2458535,0.0
2026-01-23 06:02:35.185524,4825,8284602,0.0
2026-01-23 06:07:35.185524,4165,2698248,0.0
2026-01-23 06:12:35.185524,5143,3661425,0.0
2026-01-23 06:17:35.185524,4133,7309842,0.0
2026-01-23 06:22:35.185524,5124,6677132,0.0
2026-01-23 06:27:35.185524,5087,6104708,0.0
2026-01-23 06:32:35.185524,4667,2602408,0.0
2026-01-23 06:37:35.185524,5520,9659211,0.0
2026-01-23 06:42:35.185524,5391,3316927,0.0
2026-01-23 06:47:35.185524,5069,8820236,0.0
2026-01-23 06:52:35.185524,4831,4136455,0.0
2026-01-23 06:57:35.185524,5661,8563535,0.0
2026-01-23 07:02:35.185524,4968,3403856,0.0
2026-01-23 07:07:35.185524,5027,2639908,0.0
2026-01-23 07:12:35.185524,5139,5396084,0.0
2026-01-23 07:17:35.185524,5099,8696855,0.0
2026-01-23 07:22:35.185524,4612,2497384,0.0
2026-01-23 07:27:35.185524,5276,9950599,0.0
2026-01-23 07:32:35.185524,4907,4720423,0.0
2026-01-23 07:37:35.185524,5787,4490718,0.0
2026-01-23 07:42:35.185524,4884,5059080,0.0
2026-01-23 07:47:35.185524,6020,6009649,0.0
2026-01-23 07:52:35.185524,5085,5674430,0.0
2026-01-23 07:57:35.185524,5314,6956847,0.0
2026-01-23 08:02:35.185524,5852,7687600,0.0
2026-01-23 08:07:35.185524,5599,8421542,0.0
2026-01-23 08:12:35.185524,5998,8913925,0.0
2026-01-23 08:17:35.185524,6297,8923075,0.0
2026-01-23 08:22:35.185524,6833,4583710,0.0
2026-01-23 08:27:35.185524,5668,7994471,0.0
2026-01-23 08:32:35.185524,5389,10373765,0.0
2026-01-23 08:37:35.185524,5872,3122218,0.0
2026-01-23 08:42:35.185524,6061,5790374,0.0
2026-01-23 08:47:35.185524,5318,6721657,0.0
2026-01-23 08:52:35.185524,5872,8970648,0.0
2026-01-23 08:57:35.185524,5835,5253516,0.0
2026-01-23 09:02:35.185524,6160,10755882,0.0
2026-01-23 09:07:35.185524,6486,5305978,0.0
2026-01-23 09:12:35.185524,7326,13241175,0.0
2026-01-23 09:17:35.185524,6533,4880925,0.0
2026-01-23 09:22:35.185524,6162,9544155,0.0
2026-01-23 09:27:35.185524,5604,7447830,0.0
2026-01-23 09:32:35.185524,6367,3847028,0.0
2026-01-23 09:37:35.185524,6663,10282958,0.0
2026-01-23 09:42:35.185524,6462,7232990,0.0
2026-01-23 09:47:35.185524,6733,6757854,0.0
2026-01-23 09:52:35.185524,6332,11288388,0.0
2026-01-23 09:57:35.185524,6909,8343915,0.0
2026-01-23 10:02:35.185524,6482,11084110,0.0
2026-01-23 10:07:35.185524,6374,9284735,0.0
2026-01-23 10:12:35.185524,5984,7699598,0.0
2026-01-23 10:17:35.185524,6865,9913663,0.0
2026-01-23 10:22:35.185524,5995,11719526,0.0
2026-01-23 10:27:35.185524,8015,6107941,0.0
2026-01-23 10:32:35.185524,6875,6170906,0.0
2026-01-23 10:37:35.185524,6521,11408387,0.0
2026-01-23 10:42:35.185524,7223,10611400,0.0
2026-01-23 10:47:35.185524,7232,3841255,0.0
2026-01-23 10:52:35.185524,6972,13212539,0.0
2026-01-23 10:57:35.185524,7745,7952145,0.0
2026-01-23 11:02:35.185524,8071,9829033,0.0
2026-01-23 11:07:35.185524,7507,5460140,0.0
2026-01-23 11:12:35.185524,6747,3561884,0.0
2026-01-23 11:17:35.185524,7393,8281027,0.0
2026-01-23 11:22:35.185524,6671,11554676,0.0
2026-01-23 11:27:35.185524,7939,11178936,0.0
2026-01-23 11:32:35.185524,7379,8736845,0.0
2026-01-23 11:37:35.185524,6948,5225380,0.0
2026-01-23 11:42:35.185524,8141,14076385,0.0
2026-01-23 11:47:35.185524,7460,10095503,0.0
2026-01-23 11:52:35.185524,8236,5771876,0.0
2026-01-23 11:57:35.185524,8370,7473665,0.0
2026-01-23 12:02:35.185524,8127,12942911,0.0
2026-01-23 12:07:35.185524,7046,5574914,0.0
2026-01-23 12:12:35.185524,6502,10131598,0.0
2026-01-23 12:17:35.185524,7711,14155770,0.0
2026-01-23 12:22:35.185524,7795,14424418,0.0
2026-01-23 12:27:35.185524,7598,5896913,0.0
2026-01-23 12:32:35.185524,7477,6891472,0.0
2026-01-23 12:37:35.185524,7781,4376251,0.0
2026-01-23 12:42:35.185524,7456,9912283,0.0
2026-01-23 12:47:35.185524,8056,10800699,0.0
2026-01-23 12:52:35.185524,7676,12414009,0.0
2026-01-23 12:57:35.185524,7938,10059250,0.0
2026-01-23 13:02:35.185524,6792,10393842,0.0
2026-01-23 13:07:35.185524,7359,6251633,0.0
2026-01-23 13:12:35.185524,7489,13290554,0.0
2026-01-23 13:17:35.185524,7529,9664314,0.0
2026-01-23 13:22:35.185524,7095,8404320,0.0
2026-01-23 13:27:35.185524,7294,10282660,0.0
2026-01-23 13:32:35.185524,8612,16605174,0.0
2026-01-23 13:37:35.185524,7682,7700037,0.0
2026-01-23 13:42:35.185524,7656,14565494,0.0
2026-01-23 13:47:35.185524,7044,12027436,0.0
2026-01-23 13:52:35.185524,7440,7171105,0.0
2026-01-23 13:57:35.185524,7574,14002517,0.0
2026-01-23 14:02:35.185524,7783,6185904,0.0
2026-01-23 14:07:35.185524,8164,4153255,0.0
2026-01-23 14:12:35.185524,7675,4129474,0.0
2026-01-23 14:17:35.185524,7585,5179555,0.0
2026-01-23 14:22:35.185524,7607,3816629,0.0
2026-01-23 14:27:35.185524,8391,7039071,0.0
2026-01-23 14:32:35.185524,7600,13182830,0.0
2026-01-23 14:37:35.185524,7827,10299951,0.0
2026-01-23 14:42:35.185524,7823,9113707,0.0
2026-01-23 14:47:35.185524,7149,8781195,0.0
2026-01-23 14:52:35.185524,7931,7168105,0.0
2026-01-23 14:57:35.185524,8532,13423368,0.0
2026-01-23 15:02:35.185524,8283,9356194,0.0
2026-01-23 15:07:35.185524,8544,13143939,0.0
2026-01-23 15:12:35.185524,7497,11816453,0.0
2026-01-23 15:17:35.185524,7557,11441539,0.0
2026-01-23 15:22:35.185524,7045,8678333,0.0
2026-01-23 15:27:35.185524,7434,11739872,0.0
2026-01-23 15:32:35.185524,8738,11515379,0.0
2026-01-23 15:37:35.185524,6795,7043246,0.0
2026-01-23 15:42:35.185524,7265,5207002,0.0
2026-01-23 15:47:35.185524,6615,10936949,0.0
2026-01-23 15:52:35.185524,7810,5160867,0.0
2026-01-23 15:57:35.185524,7620,9201216,0.0
2026-01-23 16:02:35.185524,7735,7211280,0.0
2026-01-23 16:07:35.185524,6952,9838657,0.0
2026-01-23 16:12:35.185524,7426,4524079,0.0
2026-01-23 16:17:35.185524,7308,4057287,0.0
2026-01-23 16:22:35.185524,7878,10590770,0.0
2026-01-23 16:27:35.185524,7029,7511455,0.0
2026-01-23 16:32:35.185524,8340,15894786,0.0
2026-01-23 16:37:35.185524,7176,4467824,0.0
2026-01-23 16:42:35.185524,7830,10968842,0.0
2026-01-23 16:47:35.185524,7521,9696060,0.0
2026-01-23 16:52:35.185524,7445,10941616,0.0
2026-01-23 16:57:35.185524,7615,14000131,0.0
2026-01-23 17:02:35.185524,7509,10316408,0.0
2026-01-23 17:07:35.185524,7136,7811045,0.0
2026-01-23 17:12:35.185524,6771,13330658,0.0
2026-01-23 17:17:35.185524,6546,12908749,0.0
2026-01-23 17:22:35.185524,7037,7684765,0.0
2026-01-23 17:27:35.185524,7049,5692263,0.0
2026-01-23 17:32:35.185524,7260,6959240,0.0
2026-01-23 17:37:35.185524,6546,3445706,0.0
2026-01-23 17:42:35.185524,6738,8509383,0.0
2026-01-23 17:47:35.185524,6677,5538358,0.0
2026-01-23 17:52:35.185524,5986,7217984,0.0
2026-01-23 17:57:35.185524,6325,4570339,0.0
2026-01-23 18:02:35.185524,5640,6676284,0.0
2026-01-23 18:07:35.185524,6124,4433128,0.0
2026-01-23 18:12:35.185524,5450,3949052,0.0
2026-01-23 18:17:35.185524,6781,11460411,0.0
2026-01-23 18:22:35.185524,6730,6210429,0.0
2026-01-23 18:27:35.185524,6291,11541648,0.0
2026-01-23 18:32:35.185524,6332,7183575,0.0
2026-01-23 18:37:35.185524,6083,5271124,0.0
2026-01-23 18:42:35.185524,6027,11564169,0.0
2026-01-23 18:47:35.185524,6574,3345100,0.0
2026-01-23 18:52:35.185524,5325,3876271,0.0
2026-01-23 18:57:35.185524,5464,2737746,0.0
2026-01-23 19:02:35.185524,6509,7324362,0.0
2026-01-23 19:07:35.185524,6201,4231707,0.0
2026-01-23 19:12:35.185524,5804,8960110,0.0
2026-01-23 19:17:35.185524,6738,8875254,0.0
2026-01-23 19:22:35.185524,5459,4491746,0.0
2026-01-23 19:27:35.185524,5205,4673383,0.0
2026-01-23 19:32:35.185524,6056,6319521,0.0
2026-01-23 19:37:35.185524,5752,8349204,0.0
2026-01-23 19:42:35.185524,5891,10171065,0.0
2026-01-23 19:47:35.185524,5308,3451445,0.0
2026-01-23 19:52:35.185524,6129,3106812,0.0
2026-01-23 19:57:35.185524,6070,5842579,0.0
2026-01-23 20:02:35.185524,5164,8237786,0.0
2026-01-23 20:07:35.185524,5374,9773665,0.0
2026-01-23 20:12:35.185524,5268,9194420,0.0
2026-01-23 20:17:35.185524,5252,3887889,0.0
2026-01-23 20:22:35.185524,6145,10134237,0.0
2026-01-23 20:27:35.185524,5743,7442951,1.3125395894668726e-05
2026-01-23 20:32:35.185524,5667,3590288,0.0
2026-01-23 20:37:35.185524,5674,8360586,0.0
2026-01-23 20:42:35.185524,4712,8932111,0.0
2026-01-23 20:47:35.185524,6125,5640785,0.0
2026-01-23 20:52:35.185524,5572,3662500,0.001053465077303523
2026-01-23 20:57:35.185524,5751,3492533,0.0
2026-01-23 21:02:35.185524,5513,8340283,0.0
2026-01-23 21:07:35.185524,6116,5857695,0.0003828563862266817
2026-01-23 21:12:35.185524,5120,8988054,0.0
2026-01-23 21:17:35.185524,4877,8782831,5.6592718336249265e-06
2026-01-23 21:22:35.185524,4595,4395100,0.0027372767464697457
2026-01-23 21:27:35.185524,3533,5225198,0.0
2026-01-23 21:32:35.185524,4535,2456852,0.0
2026-01-23 21:37:35.185524,4478,6036001,0.00047674860515555147
2026-01-23 21:42:35.185524,5028,5719564,0.0
2026-01-23 21:47:35.185524,5456,9440766,0.00364315552566683
2026-01-23 21:52:35.185524,5266,3832400,0.0
2026-01-23 21:57:35.185524,4140,5221499,0.0
2026-01-23 22:02:35.185524,5041,6617827,0.0
2026-01-23 22:07:35.185524,5020,4721399,0.0
2026-01-23 22:12:35.185524,4111,4362634,0.0
2026-01-23 22:17:35.185524,4861,2920443,0.0009120831154764576
2026-01-23 22:22:35.185524,3761,3308675,0.0018361678700171639
2026-01-23 22:27:35.185524,4491,4935463,0.0
2026-01-23 22:32:35.185524,5157,9492761,0.0
2026-01-23 22:37:35.185524,4251,6024219,0.003718306122130968
2026-01-23 22:42:35.185524,4654,6969462,0.006316774542187506
2026-01-23 22:47:35.185524,4477,6383941,0.0024797069225328643
2026-01-23 22:52:35.185524,4221,5326009,0.0
2026-01-23 22:57:35.185524,5416,2950406,0.0
2026-01-23 23:02:35.185524,3864,3917364,0.0
2026-01-23 23:07:35.185524,4042,5972995,0.0039269049566551615
2026-01-23 23:12:35.185524,3792,6491065,0.0
2026-01-23 23:17:35.185524,4336,3304152,0.0001560350572322386
2026-01-23 23:22:35.185524,4295,7490645,0.006228264117603058
2026-01-23 23:27:35.185524,4185,4108986,0.0
2026-01-23 23:32:35.185524,3790,3912736,0.0
2026-01-23 23:37:35.185524,4247,3157067,0.0
2026-01-23 23:42:35.185524,5110,9775010,0.0
2026-01-23 23:47:35.185524,3348,2582159,0.0
2026-01-23 23:52:35.185524,3152,2452027,0.0
2026-01-23 23:57:35.185524,4210,4195352,0.005653110378588571
2026-01-24 00:02:35.185524,3265,5521463,0.0
2026-01-24 00:07:35.185524,5023,2672970,0.0
2026-01-24 00:12:35.185524,3886,6241857,0.009372751125638219
2026-01-24 00:17:35.185524,3883,6453343,0.0
2026-01-24 00:22:35.185524,3661,3089654,0.002339313375134872
2026-01-24 00:27:35.185524,3080,4773956,0.0
2026-01-24 00:32:35.185524,3997,3829090,0.003477888118605216
2026-01-24 00:37:35.185524,4291,4412715,0.006405886962870885
2026-01-24 00:42:35.185524,3740,7403305,0.010436960287860444
2026-01-24 00:47:35.185524,4209,6943739,0.0
2026-01-24 00:52:35.185524,4541,6700784,0.0
2026-01-24 00:57:35.185524,3392,3301644,0.0
2026-01-24 01:02:35.185524,4275,8220133,0.001302738540980803
2026-01-24 01:07:35.185524,3806,4940702,0.0008378426389333508
2026-01-24 01:12:35.185524,3894,2260574,0.00784008740094794
2026-01-24 01:17:35.185524,3215,3272644,0.008560900595627608
2026-01-24 01:22:35.185524,2953,1641988,0.011124081805204614
2026-01-24 01:27:35.185524,3971,5039988,0.005200283534568072
2026-01-24 01:32:35.185524,3720,2304588,0.013513487892854835
2026-01-24 01:37:35.185524,3737,5210365,0.012366858649372951
2026-01-24 01:42:35.185524,3612,6193740,0.007394401363275373
2026-01-24 01:47:35.185524,3658,4962686,0.0
2026-01-24 01:52:35.185524,4053,3290694,0.011129836507139395
2026-01-24 01:57:35.185524,3134,3937071,0.012898342016122421
2026-01-24 02:02:35.185524,3320,1713985,0.014710213091223456
2026-01-24 02:07:35.185524,3990,5820904,0.004298663881954682
2026-01-24 02:12:35.185524,3410,2229443,0.01517155202952439
2026-01-24 02:17:35.185524,4074,5393975,0.004367808402130519
2026-01-24 02:22:35.185524,3173,3233471,0.0034968908887017883
2026-01-24 02:27:35.185524,3581,2318641,0.011598061787131344
2026-01-24 02:32:35.185524,3620,3147447,0.004553498816806769
2026-01-24 02:37:35.185524,2636,4468558,0.012837860919052427
2026-01-24 02:42:35.185524,4431,3565880,0.01250576861000635
2026-01-24 02:47:35.185524,4516,8402068,0.0052396737240198235
2026-01-24 02:52:35.185524,3668,5405485,0.015301562330136334
2026-01-24 02:57:35.185524,4010,2164258,0.013546395579172305
2026-01-24 03:02:35.185524,3403,4041273,0.00401526062943469
2026-01-24 03:07:35.185524,4326,5155978,0.014802602801279766
2026-01-24 03:12:35.185524,3579,2112934,0.003133318456095268
2026-01-24 03:17:35.185524,3317,4833846,0.009070952488248747
2026-01-24 03:22:35.185524,4455,2230800,0.004679454651341234
2026-01-24 03:27:35.185524,3869,3059682,0.0023917591561774055
2026-01-24 03:32:35.185524,3257,2606945,0.017942701824309647
2026-01-24 03:37:35.185524,2979,3255079,0.002747069842504766
2026-01-24 03:42:35.185524,3786,5486219,0.00269336728340387
2026-01-24 03:47:35.185524,4179,5417617,0.013192233689696135
2026-01-24 03:52:35.185524,3844,2413690,0.0009326643865483833
2026-01-24 03:57:35.185524,3475,6743824,0.0092079090999015
2026-01-24 04:02:35.185524,3388,3210146,0.0011048149840223852
2026-01-24 04:07:35.185524,5296,5621434,0.011132194028701454
2026-01-24 04:12:35.185524,3149,5004338,0.008001209912878225
2026-01-24 04:17:35.185524,3782,3167921,0.01833460171825644
2026-01-24 04:22:35.185524,3900,6707810,0.005650674364478476
2026-01-24 04:27:35.185524,3734,4334596,0.011766859055649385
2026-01-24 04:32:35.185524,4955,3247158,0.010144595269524274
2026-01-24 04:37:35.185524,4476,4716257,0.013598541061141752
2026-01-24 04:42:35.185524,3878,4766685,0.006590168291395849
2026-01-24 04:47:35.185524,4643,5032156,0.0019034274250801751
2026-01-24 04:52:35.185524,4692,8901092,0.002362143893576543
2026-01-24 04:57:35.185524,4234,3927995,0.00699154752070022
2026-01-24 05:02:35.185524,3655,2420607,0.004103847876291587
2026-01-24 05:07:35.185524,4530,2678654,0.006978184724969552
2026-01-24 05:12:35.185524,3572,5682348,0.02132026567955693
2026-01-24 05:17:35.185524,4447,2552620,0.016997918952251324
2026-01-24 05:22:35.185524,5226,7187201,0.011294380767763904
2026-01-24 05:27:35.185524,4404,6480288,0.007725151022152213
2026-01-24 05:32:35.185524,4322,7774121,0.02011914208049663
2026-01-24 05:37:35.185524,3798,3859578,0.007874878049021001
2026-01-24 05:42:35.185524,3890,1972352,0.015340066827974392
2026-01-24 05:47:35.185524,3689,2394690,0.014814656340148873
2026-01-24 05:52:35.185524,4379,4192378,0.02003582474664159
2026-01-24 05:57:35.185524,4623,6966105,0.02150378853170762
2026-01-24 06:02:35.185524,5238,6684937,0.022090287294347755
2026-01-24 06:07:35.185524,5210,4957223,0.014719433771785154
2026-01-24 06:12:35.185524,4854,2670526,0.006321082585583301
2026-01-24 06:17:35.185524,4962,7080593,0.025131877446867547
2026-01-24 06:22:35.185524,3762,5786010,0.006946283141044675
2026-01-24 06:27:35.185524,4537,5586851,0.007620169696662186
2026-01-24 06:32:35.185524,5318,4176910,0.011722142413255945
2026-01-24 06:37:35.185524,3990,6581603,0.016596832966690976
2026-01-24 06:42:35.185524,5772,3242830,0.013986812517432095
2026-01-24 06:47:35.185524,4851,7387184,0.013940765892190678
2026-01-24 06:52:35.185524,5215,3756721,0.009325941096942444
2026-01-24 06:57:35.185524,5103,5489307,0.0115439312437852
2026-01-24 07:02:35.185524,5187,2966455,0.023796299794842476
2026-01-24 07:07:35.185524,4932,7827637,0.020392298951785237
2026-01-24 07:12:35.185524,5698,4773720,0.024723915125567562
2026-01-24 07:17:35.185524,5767,6387318,0.01823409577869722
2026-01-24 07:22:35.185524,4543,4728669,0.02051799468339216
2026-01-24 07:27:35.185524,4654,5750012,0.027668261671653475
2026-01-24 07:32:35.185524,5612,8051435,0.011669897841937
2026-01-24 07:37:35.185524,5559,11060920,0.017416622246719526
2026-01-24 07:42:35.185524,5312,3891831,0.0165101711727308
2026-01-24 07:47:35.185524,6302,12507391,0.020130572943869378
2026-01-24 07:52:35.185524,5732,4737814,0.014368061049650025
2026-01-24 07:57:35.185524,5983,4864107,0.029939093139372874
2026-01-24 08:02:35.185524,6224,5979590,0.022126840482944006
2026-01-24 08:07:35.185524,6620,8675273,0.023526074022187704
2026-01-24 08:12:35.185524,6388,3439115,0.018598664295469435
2026-01-24 08:17:35.185524,6641,5201415,0.015528103186104217
2026-01-24 08:22:35.185524,6291,7241074,0.013971511366727262
2026-01-24 08:27:35.185524,5584,10637080,0.0286501847290605
2026-01-24 08:32:35.185524,5960,3780366,0.02095072924380665
2026-01-24 08:37:35.185524,6219,10079636,0.02469741516873218
2026-01-24 08:42:35.185524,6736,4514565,0.015006441292752824
2026-01-24 08:47:35.185524,5550,5573157,0.015826696915006606
2026-01-24 08:52:35.185524,5921,11509998,0.012652985059289489
2026-01-24 08:57:35.185524,7692,12374906,0.013930548936773587
2026-01-24 09:02:35.185524,6362,11742004,0.021033537849616486
2026-01-24 09:07:35.185524,6445,12432408,0.026652392682125457
2026-01-24 09:12:35.185524,5432,6818323,0.01605348915103156
2026-01-24 09:17:35.185524,6626,9873681,0.014333137094176935
2026-01-24 09:22:35.185524,6440,9702611,0.023153667068231257
2026-01-24 09:27:35.185524,6425,6901196,0.015557104157530532
2026-01-24 09:32:35.185524,6857,5461278,0.02012919169824794
2026-01-24 09:37:35.185524,6545,11816349,0.023202104006024647
2026-01-24 09:42:35.185524,6821,7003219,0.017051163774995548
2026-01-24 09:47:35.185524,6533,9348269,0.023522493614921806
2026-01-24 09:52:35.185524,6699,9113897,0.03028194437312303
2026-01-24 09:57:35.185524,6049,6046921,0.02433169365173876
2026-01-24 10:02:35.185524,5931,3690110,0.03174452255647743
2026-01-24 10:07:35.185524,6983,13876455,0.017646714367450272
2026-01-24 10:12:35.185524,6119,9564881,0.018133876187587685
2026-01-24 10:17:35.185524,7423,5047568,0.035681620638983266
2026-01-24 10:22:35.185524,6671,9705418,0.029275857707294843
2026-01-24 10:27:35.185524,7466,9789073,0.034774914830238396
2026-01-24 10:32:35.185524,7210,11689182,0.03403593264403455
2026-01-24 10:37:35.185524,6494,11471455,0.023166476311825238
2026-01-24 10:42:35.185524,7921,12228876,0.027556100725967127
2026-01-24 10:47:35.185524,7688,11675129,0.021950342010086006
2026-01-24 10:52:35.185524,7585,3993291,0.024941635352797212
2026-01-24 10:57:35.185524,7202,12204105,0.026137656209925978
2026-01-24 11:02:35.185524,7215,4891865,0.02226921160638698
2026-01-24 11:07:35.185524,7347,9732121,0.02102481229600572
2026-01-24 11:12:35.185524,7569,9189503,0.03236949379948076
2026-01-24 11:17:35.185524,6808,9135813,0.019347124606492717
2026-01-24 11:22:35.185524,7075,6574620,0.036050011512944166
2026-01-24 11:27:35.185524,7828,9310284,0.03585262092017563
2026-01-24 11:32:35.185524,5884,5786555,0.037467373245552237
2026-01-24 11:37:35.185524,8022,13647059,0.03238220114370449
2026-01-24 11:42:35.185524,7506,8290486,0.037814126167208535
2026-01-24 11:47:35.185524,7674,14192417,0.03444813881634037
2026-01-24 11:52:35.185524,6815,5957993,0.04006694523909095
2026-01-24 11:57:35.185524,6872,6140237,0.030781434739821152
2026-01-24 12:02:35.185524,7069,8948062,0.029018438228730428
2026-01-24 12:07:35.185524,6690,7454847,0.03206136464729885
2026-01-24 12:12:35.185524,6948,4975183,0.0312980759952391
2026-01-24 12:17:35.185524,8484,8060941,0.030428516859918566
2026-01-24 12:22:35.185524,7181,9403322,0.03683052082103202
2026-01-24 12:27:35.185524,7617,14380639,0.022206258270860785
2026-01-24 12:32:35.185524,7561,6774123,0.030382860007106688
2026-01-24 12:37:35.185524,8037,6520762,0.040125422511646795
2026-01-24 12:42:35.185524,7607,13341065,0.03058608886519354
2026-01-24 12:47:35.185524,7510,7090935,0.036189437645023005
2026-01-24 12:52:35.185524,8019,8208491,0.03548247667193403
2026-01-24 12:57:35.185524,7742,6183666,0.040390773151937835
2026-01-24 13:02:35.185524,7764,5905135,0.04051078823992142
2026-01-24 13:07:35.185524,7189,4990597,0.030340484611312578
2026-01-24 13:12:35.185524,8604,9595697,0.042671271446316224
2026-01-24 13:17:35.185524,7782,14867821,0.029898955935932264
2026-01-24 13:22:35.185524,8214,10891540,0.030425997622036578
2026-01-24 13:27:35.185524,7285,13269634,0.03496394246668122
2026-01-24 13:32:35.185524,7356,11527648,0.04158806925303028
2026-01-24 13:37:35.185524,7479,11839164,0.029105516961410643
2026-01-24 13:42:35.185524,8078,5370694,0.043404907657993236
2026-01-24 13:47:35.185524,6772,11952284,0.030746251557866353
2026-01-24 13:52:35.185524,7518,13882867,0.027312943040640896
2026-01-24 13:57:35.185524,7924,14926622,0.03855038255507626
2026-01-24 14:02:35.185524,7278,5862940,0.0357642727129608
2026-01-24 14:07:35.185524,7144,9553232,0.027458102296449842
2026-01-24 14:12:35.185524,8554,8766388,0.04401360787805038
2026-01-24 14:17:35.185524,7725,8382295,0.0370238971451738
2026-01-24 14:22:35.185524,6384,3798972,0.04561657707419884
2026-01-24 14:27:35.185524,8110,10824078,0.02809641985007469
2026-01-24 14:32:35.185524,7149,6507178,0.034344752686836635
2026-01-24 14:37:35.185524,7220,11571834,0.029866684032465965
2026-01-24 14:42:35.185524,8502,9289345,0.029649833020210056
2026-01-24 14:47:35.185524,7845,13758511,0.04459427291266523
2026-01-24 14:52:35.185524,7590,11456263,0.045359157259534294
2026-01-24 14:57:35.185524,7945,15753043,0.047306821116935786
2026-01-24 15:02:35.185524,7802,6099895,0.04234814068452364
2026-01-24 15:07:35.185524,7875,4732702,0.03643946338658075
2026-01-24 15:12:35.185524,7871,13809182,0.0477844600394866
2026-01-24 15:17:35.185524,8152,6787115,0.035818543182814
2026-01-24 15:22:35.185524,6522,12011000,0.030298378155992386
2026-01-24 15:27:35.185524,7205,11916789,0.045193231482637104
2026-01-24 15:32:35.185524,7278,9102346,0.046647170896791226
2026-01-24 15:37:35.185524,7312,6016694,0.042793733421917356
2026-01-24 15:42:35.185524,7291,13716193,0.03759556722711865
2026-01-24 15:47:35.185524,7634,9431551,0.03518499615936539
2026-01-24 15:52:35.185524,7438,8133376,0.03797457679927839
2026-01-24 15:57:35.185524,8077,7565431,0.033432719172098516
2026-01-24 16:02:35.185524,7285,11398275,0.04157336704165205
2026-01-24 16:07:35.185524,6800,11767689,0.04587648210229328
2026-01-24 16:12:35.185524,7451,12830408,0.043576604856016055
2026-01-24 16:17:35.185524,7787,6120060,0.031162597769490284
2026-01-24 16:22:35.185524,6908,5245416,0.04721366699982033
2026-01-24 16:27:35.185524,7837,9295588,0.038330828076472825
2026-01-24 16:32:35.185524,8046,12814697,0.0483363466731084
2026-01-24 16:37:35.185524,7818,8572883,0.04430815719696436
2026-01-24 16:42:35.185524,7377,3724461,0.04847861763089492
2026-01-24 16:47:35.185524,6313,6289586,0.03692466103733513
2026-01-24 16:52:35.185524,6836,12690880,0.03624432320457298
2026-01-24 16:57:35.185524,6772,6958030,0.035958875387350736
2026-01-24 17:02:35.185524,7674,6032359,0.043402777039169504
2026-01-24 17:07:35.185524,6952,5357426,0.0501082398404337
2026-01-24 17:12:35.185524,7336,6822582,0.05323061514350261
2026-01-24 17:17:35.185524,6627,4967169,0.03909882278349816
2026-01-24 17:22:35.185524,7325,13381008,0.03642245896417298
2026-01-24 17:27:35.185524,6752,5323335,0.04351217560342312
2026-01-24 17:32:35.185524,6528,9966158,0.036968128533761274
2026-01-24 17:37:35.185524,6945,5678515,0.039484464124656254
2026-01-24 17:42:35.185524,5917,10751381,0.03526645542981558
2026-01-24 17:47:35.185524,6404,9006866,0.04810868729091843
2026-01-24 17:52:35.185524,7024,4980169,0.03638305300219445
2026-01-24 17:57:35.185524,6172,4222006,0.041259425300284494
2026-01-24 18:02:35.185524,7086,10204552,0.04954793151877756
2026-01-24 18:07:35.185524,6425,4143560,0.05027221489767014
2026-01-24 18:12:35.185524,6794,8779817,0.05397709371635236
2026-01-24 18:17:35.185524,6435,8636883,0.03922399147795051
2026-01-24 18:22:35.185524,6930,12399688,0.04210653914575711
2026-01-24 18:27:35.185524,7317,7121196,0.05279430181497608
2026-01-24 18:32:35.185524,6705,3597597,0.046123896481539695
2026-01-24 18:37:35.185524,6452,5220882,0.04991550645572998
2026-01-24 18:42:35.185524,5649,5131137,0.04481410607823313
2026-01-24 18:47:35.185524,6573,10066080,0.04777092479334599
2026-01-24 18:52:35.185524,6216,12081969,0.04153135269859216
2026-01-24 18:57:35.185524,5251,3460547,0.05564154734030923
2026-01-24 19:02:35.185524,5467,6849721,0.043588349078189474
2026-01-24 19:07:35.185524,5603,5099773,0.04712352025368262
2026-01-24 19:12:35.185524,7017,11881466,0.04075553059246322
2026-01-24 19:17:35.185524,6193,4234910,0.04664565486146336
2026-01-24 19:22:35.185524,5454,6861503,0.04499996582709342
2026-01-24 19:27:35.185524,5166,8693905,0.039475801154342294
2026-01-24 19:32:35.185524,6325,5555197,0.0432002267828578
2026-01-24 19:37:35.185524,5578,8886960,0.053122405640349216
2026-01-24 19:42:35.185524,6254,3731573,0.039497805820931695
2026-01-24 19:47:35.185524,5108,3124317,0.0453516155531644
2026-01-24 19:52:35.185524,5725,10741568,0.05280413037776775
2026-01-24 19:57:35.185524,6711,11645566,0.0555058244133299
2026-01-24 20:02:35.185524,5738,3629178,0.05291012400570563
2026-01-24 20:07:35.185524,4654,5014129,0.04195570594421188
2026-01-24 20:12:35.185524,6225,4771131,0.058980501476668286
2026-01-24 20:17:35.185524,6466,4967027,0.04391723499833573
2026-01-24 20:22:35.185524,5912,4346484,0.05313414198672419
2026-01-24 20:27:35.185524,4688,3981175,0.05159514318523412
2026-01-24 20:32:35.185524,5423,10331168,0.05254257247519514
2026-01-24 20:37:35.185524,6241,5035741,0.05501663133976502
2026-01-24 20:42:35.185524,5235,4163618,0.052664162016014836
2026-01-24 20:47:35.185524,5692,5139480,0.048168842601606615
2026-01-24 20:52:35.185524,4897,9331474,0.04852008809070202
2026-01-24 20:57:35.185524,5730,7808287,0.04790048878838954
2026-01-24 21:02:35.185524,3940,5591831,0.04456415061248756
2026-01-24 21:07:35.185524,4453,5825626,0.05807596355446255
2026-01-24 21:12:35.185524,5877,8990438,0.058379879592704936
2026-01-24 21:17:35.185524,5442,3238186,0.05948220983400126
2026-01-24 21:22:35.185524,4985,2555681,0.05003186670116058
2026-01-24 21:27:35.185524,3847,4159566,0.05170544828134972
2026-01-24 21:32:35.185524,4806,8404464,0.05556202175053796
2026-01-24 21:37:35.185524,4905,8495064,0.05151421637735796
2026-01-24 21:42:35.185524,4536,6287815,0.053399100869249275
2026-01-24 21:47:35.185524,5603,3110089,0.061610182364641476
2026-01-24 21:52:35.185524,4699,4658515,0.050468440537904766
2026-01-24 21:57:35.185524,4875,5691277,0.044657591498374644
2026-01-24 22:02:35.185524,4543,9015019,0.055459982109105084
2026-01-24 22:07:35.185524,3858,5069774,0.049184690248436747
2026-01-24 22:12:35.185524,4588,3086585,0.05434278346289672
2026-01-24 22:17:35.185524,4477,3022690,0.05987734015201762
2026-01-24 22:22:35.185524,5349,8660502,0.05849023883879383
2026-01-24 22:27:35.185524,4551,2401617,0.059439285928711554
2026-01-24 22:32:35.185524,3266,3553331,0.049832032705128676
2026-01-24 22:37:35.185524,4277,6366535,0.04679148407845396
2026-01-24 22:42:35.185524,4327,5198551,0.062424859556680416
2026-01-24 22:47:35.185524,5029,8129295,0.04605400351620779
2026-01-24 22:52:35.185524,4348,8586791,0.05426556673876299
2026-01-24 22:57:35.185524,4451,5087231,0.06334343211590325
2026-01-24 23:02:35.185524,3870,5294693,0.05559237190899371
2026-01-24 23:07:35.185524,3569,7100959,0.06518077881224167
2026-01-24 23:12:35.185524,4146,5070309,0.05592366002147361
2026-01-24 23:17:35.185524,4077,3638693,0.04643627407356453
2026-01-24 23:22:35.185524,4889,7957823,0.06381899738531976
2026-01-24 23:27:35.185524,5260,5184662,0.05887972126373121
2026-01-24 23:32:35.185524,4696,9352873,0.05105786424177923
2026-01-24 23:37:35.185524,4175,6028187,0.057928955751155406
2026-01-24 23:42:35.185524,4583,5068923,0.052802495126140846
2026-01-24 23:47:35.185524,4102,5452800,0.054109281007882634
2026-01-24 23:52:35.185524,3373,4317981,0.0645495642033196
2026-01-24 23:57:35.185524,3507,4959612,0.047748358846499556
2026-01-25 00:02:35.185524,3987,6456125,0.059837503294460005
2026-01-25 00:07:35.185524,3860,7592503,0.05096234224297633
2026-01-25 00:12:35.185524,5040,4468978,0.067422645522737
2026-01-25 00:17:35.185524,4466,5478062,0.05026911493038074
2026-01-25 00:22:35.185524,3975,6262622,0.06168281131804269
2026-01-25 00:27:35.185524,4049,4722896,0.04842945580084281
2026-01-25 00:32:35.185524,4205,8124795,0.06589714587081356
2026-01-25 00:37:35.185524,4139,7976358,0.057466936616776265
2026-01-25 00:42:35.185524,3892,7014319,0.06047955355260214
2026-01-25 00:47:35.185524,3758,1986186,0.048798117644075246
2026-01-25 00:52:35.185524,4250,4610049,0.06490691675584168
2026-01-25 00:57:35.185524,3554,4070780,0.04892533099225272
2026-01-25 01:02:35.185524,3369,6019832,0.05057080467649537
2026-01-25 01:07:35.185524,3937,6257991,0.05954696387722104
2026-01-25 01:12:35.185524,4159,4342592,0.06691993131801059
2026-01-25 01:17:35.185524,4044,2332357,0.05198079658277574
2026-01-25 01:22:35.185524,4725,3611687,0.06936108308309019
2026-01-25 01:27:35.185524,3165,3100765,0.06916614253624898
2026-01-25 01:32:35.185524,3775,6659728,0.06008066990732822
2026-01-25 01:37:35.185524,3602,4084392,0.05219804698538723
2026-01-25 01:42:35.185524,3252,6279566,0.06557069224435799
2026-01-25 01:47:35.185524,3807,2632451,0.05761460625359257
2026-01-25 01:52:35.185524,2875,3340568,0.06257958179551387
2026-01-25 01:57:35.185524,3151,2081650,0.06797091601387673
2026-01-25 02:02:35.185524,4458,8332420,0.05959025174253167
2026-01-25 02:07:35.185524,4063,8047673,0.058115939652186525
2026-01-25 02:12:35.185524,3152,4204407,0.05400945598500328
2026-01-25 02:17:35.185524,3854,7196178,0.06813744140178611
2026-01-25 02:22:35.185524,4233,7401584,0.054298260878616084
2026-01-25 02:27:35.185524,3672,6556778,0.051857595028406554
2026-01-25 02:32:35.185524,3671,2218342,0.0656202366174436
2026-01-25 02:37:35.185524,3286,5668081,0.06627678710899572
2026-01-25 02:42:35.185524,3796,1996703,0.07075817755147777
2026-01-25 02:47:35.185524,3710,5907226,0.051897983559911307
2026-01-25 02:52:35.185524,3771,3567637,0.06871679564800175
2026-01-25 02:57:35.185524,3363,2851497,0.05716931396646343
2026-01-25 03:02:35.185524,3962,7866866,0.061140037487963636
2026-01-25 03:07:35.185524,2972,4649164,0.06359218968717725
2026-01-25 03:12:35.185524,3454,4979169,0.054960493086653794
2026-01-25 03:17:35.185524,4409,8648332,0.06825341277300849
2026-01-25 03:22:35.185524,3179,5646775,0.05685519081001515
2026-01-25 03:27:35.185524,4164,2397554,0.05922301331469648
2026-01-25 03:32:35.185524,4093,2894673,0.05294163947339798
2026-01-25 03:37:35.185524,3524,5854767,0.05711908650041879
2026-01-25 03:42:35.185524,3971,6101820,0.062350059528884186
2026-01-25 03:47:35.185524,3827,6482868,0.06858853794335573
2026-01-25 03:52:35.185524,4010,7031697,0.056120581569177
2026-01-25 03:57:35.185524,4593,9023015,0.06907862533430682
2026-01-25 04:02:35.185524,3660,3182900,0.06678556143383639
2026-01-25 04:07:35.185524,4116,7786681,0.06969200767891717
2026-01-25 04:12:35.185524,4004,3742973,0.06808425718842427
2026-01-25 04:17:35.185524,4374,6123848,0.05526292052792495
2026-01-25 04:22:35.185524,4815,7797460,0.06798428977695499
2026-01-25 04:27:35.185524,5133,3028278,0.06492649713018932
2026-01-25 04:32:35.185524,3146,6014580,0.06215249156518743
2026-01-25 04:37:35.185524,4318,4290615,0.061278811179008776
2026-01-25 04:42:35.185524,4511,8706106,0.05686826836575445
2026-01-25 04:47:35.185524,4471,3699697,0.06622664828572371
2026-01-25 04:52:35.185524,3759,6016000,0.07239858883607915
2026-01-25 04:57:35.185524,4667,3715973,0.06108475148440833
2026-01-25 05:02:35.185524,4252,2664699,0.05890465705534012
2026-01-25 05:07:35.185524,4463,7966858,0.06928141817077359
2026-01-25 05:12:35.185524,4947,3267564,0.06616722993330784
2026-01-25 05:17:35.185524,4369,5844983,0.06926713715568107
2026-01-25 05:22:35.185524,4663,8111682,0.06869182764187169
2026-01-25 05:27:35.185524,3997,2436604,0.06550747067493248
2026-01-25 05:32:35.185524,4587,5194180,0.07194172530063911
2026-01-25 05:37:35.185524,4335,4992697,0.07012037701427302
2026-01-25 05:42:35.185524,5459,6591199,0.05995128558607894
2026-01-25 05:47:35.185524,4399,5083367,0.06724295116880905
2026-01-25 05:52:35.185524,4756,6463603,0.07482565140328121
2026-01-25 05:57:35.185524,4556,6067296,0.0588483160770126
2026-01-25 06:02:35.185524,4343,7710239,0.06365365310819146
2026-01-25 06:07:35.185524,5176,4397214,0.06953232164147005
2026-01-25 06:12:35.185524,4954,9192888,0.05679606219604997
2026-01-25 06:17:35.185524,4887,2704647,0.07517128375608141
2026-01-25 06:22:35.185524,4445,6798443,0.07375263322573258
2026-01-25 06:27:35.185524,5422,6487161,0.07299977221542746
2026-01-25 06:32:35.185524,4087,5435159,0.05700552670614276
2026-01-25 06:37:35.185524,4781,7208352,0.06912166930161644
2026-01-25 06:42:35.185524,6164,10100074,0.06331887922730284
2026-01-25 06:47:35.185524,5027,5838315,0.06754854295633943
2026-01-25 06:52:35.185524,5369,4509179,0.07344054024924629
2026-01-25 06:57:35.185524,5198,4794524,0.058367478083772885
2026-01-25 07:02:35.185524,5068,8947068,0.06055864194657186
2026-01-25 07:07:35.185524,6329,5289331,0.05948495491249859
2026-01-25 07:12:35.185524,5561,9569637,0.0747085603741271
2026-01-25 07:17:35.185524,4873,4278823,0.05993210504202695
2026-01-25 07:22:35.185524,6177,8334107,0.06022237253671033
2026-01-25 07:27:35.185524,4957,4216130,0.05902656413746873
2026-01-25 07:32:35.185524,5422,10438848,0.07719201970680646
2026-01-25 07:37:35.185524,5117,6471502,0.07528566879114985
2026-01-25 07:42:35.185524,5779,10041303,0.062413733066054564
2026-01-25 07:47:35.185524,5947,3986754,0.06040490410400651
2026-01-25 07:52:35.185524,6097,3064267,0.07466412507808773
2026-01-25 07:57:35.185524,6071,9043248,0.07614144501795314
2026-01-25 08:02:35.185524,6202,6707844,0.06453896070905062
2026-01-25 08:07:35.185524,5364,10187216,0.07719709487376251
2026-01-25 08:12:35.185524,4977,6653684,0.06930047057594942
2026-01-25 08:17:35.185524,6462,11693151,0.06767015275058241
2026-01-25 08:22:35.185524,6188,12170907,0.06461343624673155
2026-01-25 08:27:35.185524,6368,5992303,0.07358425083659692
2026-01-25 08:32:35.185524,5216,4026528,0.07157139681811737
2026-01-25 08:37:35.185524,6245,5324004,0.06272745711938843
2026-01-25 08:42:35.185524,6375,3683431,0.07227016437708303
2026-01-25 08:47:35.185524,6949,6179593,0.06210375546900315
2026-01-25 08:52:35.185524,6895,7611302,0.05869242831665641
2026-01-25 08:57:35.185524,6372,11398898,0.05969554781723516
2026-01-25 09:02:35.185524,5597,7267003,0.07683832043697446
2026-01-25 09:07:35.185524,6280,3259786,0.0676834700368742
2026-01-25 09:12:35.185524,6263,4631180,0.07272498140526114
2026-01-25 09:17:35.185524,5916,11724920,0.07012762800053655
2026-01-25 09:22:35.185524,6043,10861674,0.07610408211457481
2026-01-25 09:27:35.185524,5927,3887878,0.07776359756078792
2026-01-25 09:32:35.185524,5672,5637580,0.06310200686682095
2026-01-25 09:37:35.185524,7180,6435749,0.06849777686024724
2026-01-25 09:42:35.185524,6849,6544813,0.06706187880405311
2026-01-25 09:47:35.185524,7066,10775406,0.06670767964555002
2026-01-25 09:52:35.185524,6699,3943530,0.06802847653367318
2026-01-25 09:57:35.185524,6756,8562038,0.0633551432352588
2026-01-25 10:02:35.185524,6135,7696921,0.06602624328439338
2026-01-25 10:07:35.185524,7560,11683893,0.06770757973930479
2026-01-25 10:12:35.185524,7596,13291044,0.06256637148635512
2026-01-25 10:17:35.185524,6783,8055525,0.06427566509303934
2026-01-25 10:22:35.185524,7135,5749866,0.06427030507640578
2026-01-25 10:27:35.185524,7558,12704291,0.06806347492453003
2026-01-25 10:32:35.185524,6890,5086750,0.07007398954273378
2026-01-25 10:37:35.185524,6575,12694268,0.059596538343503036
2026-01-25 10:42:35.185524,6822,5806892,0.07097217255572505
2026-01-25 10:47:35.185524,7031,11450954,0.07002524888401997
2026-01-25 10:52:35.185524,7338,9800252,0.0770011002004383
2026-01-25 10:57:35.185524,6282,7165614,0.06865559602474222
2026-01-25 11:02:35.185524,6964,12333323,0.07603954792643357
2026-01-25 11:07:35.185524,7040,4925603,0.0735974837939131
2026-01-25 11:12:35.185524,7431,14772452,0.06850692731368574
2026-01-25 11:17:35.185524,7765,9143873,0.06756444673458806
2026-01-25 11:22:35.185524,7349,4436033,0.07113831129752245
2026-01-25 11:27:35.185524,6903,5246314,0.07582018053112598
2026-01-25 11:32:35.185524,8377,14464987,0.07493976176298184
2026-01-25 11:37:35.185524,7494,7694604,0.07667774883243103
2026-01-25 11:42:35.185524,7759,10983722,0.06096941121382006
2026-01-25 11:47:35.185524,7171,10873553,0.06936384270173504
2026-01-25 11:52:35.185524,7975,12375523,0.07003140816304242
2026-01-25 11:57:35.185524,7109,9873287,0.06332961689227741
2026-01-25 12:02:35.185524,7235,12029025,0.06068532992682171
2026-01-25 12:07:35.185524,7597,8559094,0.06115921118996908
2026-01-25 12:12:35.185524,6660,3542522,0.060779097087486904
2026-01-25 12:17:35.185524,6838,6095387,0.06102331813108107
2026-01-25 12:22:35.185524,7718,14260126,0.06483286103567186
2026-01-25 12:27:35.185524,7613,4126350,0.072958237023238
2026-01-25 12:32:35.185524,7600,8078162,0.07849017544727153
2026-01-25 12:37:35.185524,7935,8313885,0.07290027583437739
2026-01-25 12:42:35.185524,8059,14059674,0.07695092446224086
2026-01-25 12:47:35.185524,7689,9288395,0.07306817587951067
2026-01-25 12:52:35.185524,7812,4019038,0.06554553838227734
2026-01-25 12:57:35.185524,7927,6575927,0.067713496974172
2026-01-25 13:02:35.185524,7477,9851001,0.07298787360394016
2026-01-25 13:07:35.185524,7491,7443838,0.06757147131073321
2026-01-25 13:12:35.185524,8575,12625076,0.06313937236172207
2026-01-25 13:17:35.185524,7040,5151343,0.07965380307563552
2026-01-25 13:22:35.185524,8343,11413843,0.06971270433199732
2026-01-25 13:27:35.185524,6905,10067372,0.0775638694071849
2026-01-25 13:32:35.185524,7577,14439187,0.07038035516888788
2026-01-25 13:37:35.185524,7228,12539739,0.06538501845917787
2026-01-25 13:42:35.185524,8183,13042725,0.07892537574186029
2026-01-25 13:47:35.185524,6745,8818066,0.06343327113429814
2026-01-25 13:52:35.185524,8414,15983639,0.07526066825956557
2026-01-25 13:57:35.185524,7853,8885762,0.061261794958417104
2026-01-25 14:02:35.185524,7974,6912880,0.07464274570571856
2026-01-25 14:07:35.185524,7640,6530276,0.06763760049479313
2026-01-25 14:12:35.185524,7702,6717417,0.06179803944457854
2026-01-25 14:17:35.185524,8259,9580902,0.0756368240595566
2026-01-25 14:22:35.185524,8086,4143297,0.07561112304764099
2026-01-25 14:27:35.185524,7124,10566688,0.06219398233082226
2026-01-25 14:32:35.185524,8866,6462836,0.07744573539083559
2026-01-25 14:37:35.185524,7729,13609199,0.07538517861728258
2026-01-25 14:42:35.185524,7525,12522528,0.06361291544165298
2026-01-25 14:47:35.185524,7406,13815480,0.07857031967255929
2026-01-25 14:52:35.185524,7874,13995235,0.06986261919217703
2026-01-25 14:57:35.185524,7622,11671306,0.07916478377730933
2026-01-25 15:02:35.185524,7457,8927487,0.06624651899884484
2026-01-25 15:07:35.185524,7470,14053246,0.06150021983950621
2026-01-25 15:12:35.185524,7450,11601259,0.0677098667225124
2026-01-25 15:17:35.185524,7754,7479887,0.06193542169056105
2026-01-25 15:22:35.185524,7428,12220844,0.07134293685003329
2026-01-25 15:27:35.185524,7635,15003196,0.06590039300648044
2026-01-25 15:32:35.185524,8361,11315994,0.06218907206979541
2026-01-25 15:37:35.185524,7409,9006731,0.061182317455490076
2026-01-25 15:42:35.185524,8421,6521109,0.06004306210005891
2026-01-25 15:47:35.185524,7408,14392442,0.07244251365540161
2026-01-25 15:52:35.185524,7523,9672487,0.07103816274140531
2026-01-25 15:57:35.185524,5916,11022600,0.07803684487159139
2026-01-25 16:02:35.185524,7634,14694815,0.07044379836932028
2026-01-25 16:07:35.185524,8404,12370296,0.06497697076617315
2026-01-25 16:12:35.185524,7971,12384816,0.07338903244375962
2026-01-25 16:17:35.185524,7711,11623489,0.07613633059207964
2026-01-25 16:22:35.185524,6498,5912597,0.07053442091317504
2026-01-25 16:27:35.185524,7562,10449732,0.06862810277424966
2026-01-25 16:32:35.185524,6573,11326260,0.06932256747250752
2026-01-25 16:37:35.185524,7374,7385783,0.07539786440474217
2026-01-25 16:42:35.185524,6626,12100257,0.06815725119588001
2026-01-25 16:47:35.185524,6847,12041291,0.06175550095684414
2026-01-25 16:52:35.185524,7557,7021172,0.07749809318157527
2026-01-25 16:57:35.185524,5546,9633578,0.06254629943754579
2026-01-25 17:02:35.185524,6901,7005588,0.07683893786200745
2026-01-25 17:07:35.185524,7479,8411593,0.07292148376519415
2026-01-25 17:12:35.185524,7144,7020214,0.07818817102037842
2026-01-25 17:17:35.185524,8020,15617159,0.07211835308696081
2026-01-25 17:22:35.185524,7336,11187215,0.07552745569502604
2026-01-25 17:27:35.185524,7173,10977563,0.06399725936347175
2026-01-25 17:32:35.185524,6622,6415856,0.06948016915071137
2026-01-25 17:37:35.185524,7327,11318353,0.07377849887143888
2026-01-25 17:42:35.185524,6407,6896739,0.07109184871357546
2026-01-25 17:47:35.185524,6568,8249474,0.0670017287339524
2026-01-25 17:52:35.185524,7103,13056130,0.0643316696808259
2026-01-25 17:57:35.185524,6885,7012036,0.0635655157448211
2026-01-25 18:02:35.185524,7219,11737654,0.059584409926891305
2026-01-25 18:07:35.185524,6543,12343449,0.07876244853625358
2026-01-25 18:12:35.185524,6736,5826977,0.07391842348323477
2026-01-25 18:17:35.185524,6302,3221388,0.07010674697294556
2026-01-25 18:22:35.185524,6493,8068737,0.06930945676236513
2026-01-25 18:27:35.185524,5440,7796225,0.07618256257896447
2026-01-25 18:32:35.185524,6823,4279532,0.06630775124530773
2026-01-25 18:37:35.185524,6051,10243329,0.05907223745492088
2026-01-25 18:42:35.185524,6905,9374908,0.07349433837695055
2026-01-25 18:47:35.185524,6426,8354018,0.07427637997542665
2026-01-25 18:52:35.185524,5797,4831836,0.07172259882391598
2026-01-25 18:57:35.185524,6286,6483320,0.07537700076705245
2026-01-25 19:02:35.185524,6081,4102062,0.07308619989804016
2026-01-25 19:07:35.185524,5810,5384688,0.06674458608400631
2026-01-25 19:12:35.185524,5598,6210203,0.06753357736877719
2026-01-25 19:17:35.185524,6319,7977637,0.06744246456287464
2026-01-25 19:22:35.185524,6951,6666037,0.06449513688753603
2026-01-25 19:27:35.185524,6365,12676171,0.0762567577444525
2026-01-25 19:32:35.185524,6398,12047426,0.057906315297826354
2026-01-25 19:37:35.185524,5998,4397979,0.07301532411620174
2026-01-25 19:42:35.185524,5916,11817748,0.07551584494308725
2026-01-25 19:47:35.185524,5670,5361723,0.06033702227676041
2026-01-25 19:52:35.185524,5481,5342507,0.06133027134405309
2026-01-25 19:57:35.185524,6275,10778658,0.07099256170253555
2026-01-25 20:02:35.185524,6194,11683035,0.06535139349750176
2026-01-25 20:07:35.185524,6258,10299666,0.05894330608074078
2026-01-25 20:12:35.185524,5085,3570864,0.0763668059844613
2026-01-25 20:17:35.185524,4452,4017301,0.06378013021305859
2026-01-25 20:22:35.185524,5243,9716582,0.07430001850593194
2026-01-25 20:27:35.185524,4722,2515367,0.05862717269120411
2026-01-25 20:32:35.185524,5537,3452426,0.05789943277662493
2026-01-25 20:37:35.185524,6124,11550870,0.06620035593894069
2026-01-25 20:42:35.185524,5442,4705534,0.07016569248060733
2026-01-25 20:47:35.185524,5325,6818904,0.06472002460821354
2026-01-25 20:52:35.185524,5579,3335241,0.07256832661034872
2026-01-25 20:57:35.185524,4995,3121073,0.05762660034524723
2026-01-25 21:02:35.185524,5505,10144249,0.07053568388813382
2026-01-25 21:07:35.185524,4034,7454845,0.06310712790820865
2026-01-25 21:12:35.185524,4575,3592368,0.07430203129607763
2026-01-25 21:17:35.185524,5087,9960213,0.06968562179262962
2026-01-25 21:22:35.185524,4839,4859908,0.05863614057958777
2026-01-25 21:27:35.185524,5093,8645065,0.07011596180492079
2026-01-25 21:32:35.185524,4732,3923563,0.05754465525652013
2026-01-25 21:37:35.185524,5477,9385623,0.06846401792938508
2026-01-25 21:42:35.185524,4435,7939744,0.06834935916218451
2026-01-25 21:47:35.185524,4738,4550198,0.06526419925026633
2026-01-25 21:52:35.185524,5130,9869749,0.06381830773419661
2026-01-25 21:57:35.185524,5037,7302400,0.07544876485490444
2026-01-25 22:02:35.185524,4832,3421737,0.06065811468224684
2026-01-25 22:07:35.185524,4740,8202372,0.05870601374836978
2026-01-25 22:12:35.185524,5376,8134772,0.07508332866271793
2026-01-25 22:17:35.185524,4537,7693738,0.07272807721348436
2026-01-25 22:22:35.185524,3934,2909026,0.07453033865866746
2026-01-25 22:27:35.185524,4108,4052608,0.06680061055428997
2026-01-25 22:32:35.185524,3824,4875291,0.06390423654337518
2026-01-25 22:37:35.185524,4028,7539664,0.06904471561817127
2026-01-25 22:42:35.185524,4830,4981038,0.06042711467796616
2026-01-25 22:47:35.185524,4550,5529111,0.07302278074565748
2026-01-25 22:52:35.185524,4565,7903320,0.07033959558798841
2026-01-25 22:57:35.185524,3846,6843577,0.05561691821244523
2026-01-25 23:02:35.185524,4858,4107585,0.07090956545809333
2026-01-25 23:07:35.185524,4352,7620487,0.06365046843632718
2026-01-25 23:12:35.185524,3681,3519440,0.06156525349444924
2026-01-25 23:17:35.185524,5259,5486845,0.07351488578713021
2026-01-25 23:22:35.185524,4142,6247760,0.07146278119936929
2026-01-25 23:27:35.185524,5287,3450257,0.06205973065394489
2026-01-25 23:32:35.185524,3557,4575659,0.056375776953881976
2026-01-25 23:37:35.185524,4311,2813521,0.06793345386441904
2026-01-25 23:42:35.185524,4075,8134230,0.057292639951366964
2026-01-25 23:47:35.185524,3581,3721182,0.058577680147005075
2026-01-25 23:52:35.185524,3875,2011999,0.0599817104597503
2026-01-25 23:57:35.185524,4676,9218882,0.06296961891363975
2026-01-26 00:02:35.185524,3569,6757774,0.053707182664697095
2026-01-26 00:07:35.185524,4337,2454951,0.05988779842225425
2026-01-26 00:12:35.185524,3978,6672456,0.05843658139305118
2026-01-26 00:17:35.185524,3313,3757832,0.05590253113030856
2026-01-26 00:22:35.185524,3836,4500979,0.06772234022325918
2026-01-26 00:27:35.185524,4700,3864232,0.07165496353765988
2026-01-26 00:32:35.185524,4180,6586436,0.05958571154009443
2026-01-26 00:37:35.185524,4227,5739018,0.055233042376126265
2026-01-26 00:42:35.185524,3368,1881118,0.05724594707990199
2026-01-26 00:47:35.185524,3027,1805917,0.06971886702902126
2026-01-26 00:52:35.185524,3666,3380205,0.05954243851365477
2026-01-26 00:57:35.185524,4079,7220709,0.06480761146097319
2026-01-26 01:02:35.185524,3572,5448194,0.06142067378370517
2026-01-26 01:07:35.185524,4098,5711960,0.06016429232355862
2026-01-26 01:12:35.185524,4192,3021546,0.0614800058016845
2026-01-26 01:17:35.185524,4245,6790516,0.05298974839259529
2026-01-26 01:22:35.185524,3294,6139742,0.06788095010587296
2026-01-26 01:27:35.185524,4603,2378110,0.06912435605416123
2026-01-26 01:32:35.185524,4312,8176700,0.055647362025359456
2026-01-26 01:37:35.185524,3747,6900734,0.06431167921916593
2026-01-26 01:42:35.185524,3724,5273897,0.06860810957939498
2026-01-26 01:47:35.185524,4119,7750467,0.05719633061523497
2026-01-26 01:52:35.185524,3942,6510453,0.05293175669495564
2026-01-26 01:57:35.185524,4181,7708682,0.06829861136441553
2026-01-26 02:02:35.185524,4116,5157432,0.06141671057568864
2026-01-26 02:07:35.185524,3723,5008496,0.05022079683096185
2026-01-26 02:12:35.185524,3485,5326850,0.055432393757596295
2026-01-26 02:17:35.185524,4057,4430853,0.05068231664749545
2026-01-26 02:22:35.185524,4697,5398599,0.06886490411451118
2026-01-26 02:27:35.185524,4745,4943806,0.05542529641973565
2026-01-26 02:32:35.185524,4493,6703915,0.05187484943912637
2026-01-26 02:37:35.185524,3384,5573011,0.049530095925465034
2026-01-26 02:42:35.185524,4762,5305696,0.06776957077729866
2026-01-26 02:47:35.185524,4192,6902956,0.060770241677412296
2026-01-26 02:52:35.185524,3354,4122054,0.05304730467689299
2026-01-26 02:57:35.185524,3324,6405937,0.05665931770066247
2026-01-26 03:02:35.185524,4118,5439181,0.05716345025974767
2026-01-26 03:07:35.185524,3247,5831414,0.06167640499114013
2026-01-26 03:12:35.185524,4374,5140171,0.06089773980307961
2026-01-26 03:17:35.185524,3949,7745728,0.06013194802993214
2026-01-26 03:22:35.185524,3328,5209841,0.06786218895972769
2026-01-26 03:27:35.185524,3852,7466723,0.05326207830962079
2026-01-26 03:32:35.185524,4002,3452282,0.04814049025984378
2026-01-26 03:37:35.185524,3080,4354012,0.061565902335732
2026-01-26 03:42:35.185524,4196,7746022,0.056410034936397103
2026-01-26 03:47:35.185524,3866,3689841,0.06288262951093104
2026-01-26 03:52:35.185524,3415,3927758,0.05070915637334517
2026-01-26 03:57:35.185524,3345,4783251,0.047348961756577136
2026-01-26 04:02:35.185524,3697,6010802,0.05576754995384949
2026-01-26 04:07:35.185524,3673,6417548,0.04982646975880127
2026-01-26 04:12:35.185524,4460,7990116,0.0472844971156889
2026-01-26 04:17:35.185524,3966,7688915,0.06638693915014253
2026-01-26 04:22:35.185524,4106,8026123,0.058929227148903196
2026-01-26 04:27:35.185524,4558,5503506,0.05932673257966461
2026-01-26 04:32:35.185524,4144,7196369,0.056824540259769046
2026-01-26 04:37:35.185524,3348,4389842,0.060798108416320995
2026-01-26 04:42:35.185524,3488,5304921,0.05539123140535709
2026-01-26 04:47:35.185524,4357,7251166,0.06544599482697924
2026-01-26 04:52:35.185524,4278,4639352,0.056891311550353665
2026-01-26 04:57:35.185524,5209,9375848,0.05565219811346971
2026-01-26 05:02:35.185524,4557,6376440,0.04980541830970922
2026-01-26 05:07:35.185524,3649,7020713,0.05538604424008514
2026-01-26 05:12:35.185524,4621,8982134,0.05070030011709425
2026-01-26 05:17:35.185524,3735,5685515,0.05116479300421602
2026-01-26 05:22:35.185524,4414,2501823,0.05041120126761962
2026-01-26 05:27:35.185524,3423,5711337,0.04797857906971309
2026-01-26 05:32:35.185524,4875,4928228,0.055343747555788976
2026-01-26 05:37:35.185524,4729,9061774,0.05979874053544058
2026-01-26 05:42:35.185524,4754,2757778,0.05913268134549732
2026-01-26 05:47:35.185524,4105,7681590,0.04449768125559911
2026-01-26 05:52:35.185524,4647,8871501,0.04959502737731877
2026-01-26 05:57:35.185524,4621,6843206,0.046611775841390986
2026-01-26 06:02:35.185524,5088,6831122,0.04852106432442357
2026-01-26 06:07:35.185524,4612,5779988,0.05424491829536986
2026-01-26 06:12:35.185524,5121,8358768,0.05646718693555425
2026-01-26 06:17:35.185524,4353,8103626,0.05399874508141461
2026-01-26 06:22:35.185524,5030,7153373,0.04811061856529557
2026-01-26 06:27:35.185524,4851,6606358,0.04433829725323776
2026-01-26 06:32:35.185524,5138,9253116,0.050925189511965466
2026-01-26 06:37:35.185524,5583,10403542,0.04610187869628829
2026-01-26 06:42:35.185524,5665,5524045,0.05641780756550256
2026-01-26 06:47:35.185524,5524,9228847,0.048055074445812376
2026-01-26 06:52:35.185524,5605,7471230,0.04947247745243706
2026-01-26 06:57:35.185524,4962,4348501,0.042458686804979516
2026-01-26 07:02:35.185524,3888,2599795,0.05895347899240935
2026-01-26 07:07:35.185524,5611,7244451,0.052922511797686096
2026-01-26 07:12:35.185524,4647,3633462,0.04983782233925528
2026-01-26 07:17:35.185524,5144,5520863,0.06047985709567059
2026-01-26 07:22:35.185524,5289,8200610,0.04698191909464555
2026-01-26 07:27:35.185524,5553,9994616,0.056686645114498155
2026-01-26 07:32:35.185524,5434,9028457,0.053829325015273724
2026-01-26 07:37:35.185524,5884,3742869,0.040719797086176124
2026-01-26 07:42:35.185524,5647,3155494,0.0402555636613832
2026-01-26 07:47:35.185524,5633,7193119,0.058987690554555126
2026-01-26 07:52:35.185524,5693,10881600,0.04933078587832066
2026-01-26 07:57:35.185524,6457,4566084,0.04413539138863545
2026-01-26 08:02:35.185524,5915,7029574,0.0568829288763016
2026-01-26 08:07:35.185524,5321,5053572,0.05805306596453016
2026-01-26 08:12:35.185524,6513,5941671,0.04588353976889191
2026-01-26 08:17:35.185524,6629,11155905,0.04336780831476459
2026-01-26 08:22:35.185524,5979,3838874,0.050606744716275624
2026-01-26 08:27:35.185524,6196,3549231,0.04204276830289326
2026-01-26 08:32:35.185524,6791,12347898,0.040628975140763676
2026-01-26 08:37:35.185524,6482,8318752,0.03980989681462137
2026-01-26 08:42:35.185524,5554,10294941,0.05202882272323389
2026-01-26 08:47:35.185524,6623,7425057,0.038292355009516416
2026-01-26 08:52:35.185524,5727,3917486,0.04262765313235598
2026-01-26 08:57:35.185524,6617,5053334,0.05378145371682885
2026-01-26 09:02:35.185524,6239,7004688,0.05284295518092358
2026-01-26 09:07:35.185524,6780,11473662,0.041220529027477366
2026-01-26 09:12:35.185524,6420,8323446,0.041547336174020746
2026-01-26 09:17:35.185524,6090,9251087,0.04477567242821113
2026-01-26 09:22:35.185524,6321,5145841,0.04149652312517391
2026-01-26 09:27:35.185524,6787,3978360,0.04122741346080762
2026-01-26 09:32:35.185524,5687,3027585,0.04016125976495004
2026-01-26 09:37:35.185524,6779,3391457,0.044033118035065655
2026-01-26 09:42:35.185524,6980,6605325,0.036456670772351124
2026-01-26 09:47:35.185524,6054,3143250,0.04914835012064246
2026-01-26 09:52:35.185524,6386,10366298,0.05324674249202057
2026-01-26 09:57:35.185524,5822,6118804,0.041696492785129075
2026-01-26 10:02:35.185524,6571,4543729,0.04801837257804981
2026-01-26 10:07:35.185524,6516,10393044,0.053374529862906625
2026-01-26 10:12:35.185524,7199,13515272,0.051397775342772525
2026-01-26 10:17:35.185524,6375,10920779,0.03641242610722248
2026-01-26 10:22:35.185524,6663,5541926,0.053999428622619826
2026-01-26 10:27:35.185524,7500,14727026,0.04635403740979148
2026-01-26 10:32:35.185524,6715,6521227,0.038481956288601606
2026-01-26 10:37:35.185524,7241,3870262,0.036432422985621646
2026-01-26 10:42:35.185524,6871,8431434,0.046650077396814066
2026-01-26 10:47:35.185524,6877,12118920,0.04796790303588559
2026-01-26 10:52:35.185524,7166,5097847,0.043405953293457235
2026-01-26 10:57:35.185524,7018,13529396,0.03920669301426581
2026-01-26 11:02:35.185524,6346,3262168,0.0490321820087186
2026-01-26 11:07:35.185524,7438,13283882,0.04998833594088805
2026-01-26 11:12:35.185524,7639,6621858,0.038641223118296916
2026-01-26 11:17:35.185524,7619,10730162,0.038443217034638245
2026-01-26 11:22:35.185524,7575,10230839,0.03499577463514151
2026-01-26 11:27:35.185524,6895,11228746,0.04328645702266324
2026-01-26 11:32:35.185524,7504,14334555,0.04317045670970965
2026-01-26 11:37:35.185524,7275,3777427,0.039493338782999
2026-01-26 11:42:35.185524,6927,12440626,0.04384301217001145
2026-01-26 11:47:35.185524,7470,10612737,0.039398889279680535
2026-01-26 11:52:35.185524,7410,13081714,0.04670076265990715
2026-01-26 11:57:35.185524,7678,8529357,0.032540789518970166
2026-01-26 12:02:35.185524,8218,7252068,0.03372678834528528
2026-01-26 12:07:35.185524,7782,6364992,0.03670348179199452
2026-01-26 12:12:35.185524,7019,12755155,0.0383371664071708
2026-01-26 12:17:35.185524,7506,3770717,0.030386005799913546
2026-01-26 12:22:35.185524,7922,9673293,0.039704460149518075
2026-01-26 12:27:35.185524,8278,7731678,0.038089294351318484
2026-01-26 12:32:35.185524,7515,12971408,0.029987217142172125
2026-01-26 12:37:35.185524,7212,8843649,0.03254194914533877
2026-01-26 12:42:35.185524,7979,12332609,0.04124442204951441
2026-01-26 12:47:35.185524,7383,6034200,0.047720202288550145
2026-01-26 12:52:35.185524,7099,4669361,0.046943712430411504
2026-01-26 12:57:35.185524,7222,13983080,0.04040443603327092
2026-01-26 13:02:35.185524,7024,10359873,0.03137025841876069
2026-01-26 13:07:35.185524,7676,14260781,0.03724688961067063
2026-01-26 13:12:35.185524,7124,12395282,0.031015997041074272
2026-01-26 13:17:35.185524,7562,4907135,0.038534590065720076
2026-01-26 13:22:35.185524,7829,7466101,0.03404907648594159
2026-01-26 13:27:35.185524,7991,11741372,0.04071070135137392
2026-01-26 13:32:35.185524,8269,4357112,0.040091641613584826
2026-01-26 13:37:35.185524,8405,4732391,0.04264600652409526
2026-01-26 13:42:35.185524,7601,14767408,0.03339907877220314
2026-01-26 13:47:35.185524,8388,13020679,0.03894782475348016
2026-01-26 13:52:35.185524,7702,6566061,0.03588418657660694
2026-01-26 13:57:35.185524,7981,13822368,0.02727634749816886
2026-01-26 14:02:35.185524,7777,7777167,0.03699436693955181
2026-01-26 14:07:35.185524,8004,4039442,0.03310640131041269
2026-01-26 14:12:35.185524,8185,9073268,0.035062283982208474
2026-01-26 14:17:35.185524,7199,5681118,0.028369805578278607
2026-01-26 14:22:35.185524,7413,10512083,0.02691705170526517
2026-01-26 14:27:35.185524,8996,11314939,0.038832313593367966
2026-01-26 14:32:35.185524,7589,7808092,0.02482652973155683
2026-01-26 14:37:35.185524,8661,13995689,0.03685030425179955
2026-01-26 14:42:35.185524,7646,14485209,0.0353935587384318
2026-01-26 14:47:35.185524,8465,10075615,0.024850626499941957
2026-01-26 14:52:35.185524,7977,6531451,0.023573263428904822
2026-01-26 14:57:35.185524,7557,6308445,0.028708775959189213
2026-01-26 15:02:35.185524,6893,4957987,0.024800765023894375
2026-01-26 15:07:35.185524,7958,10861852,0.042447707561257965
2026-01-26 15:12:35.185524,7753,7808358,0.02780821624028083
2026-01-26 15:17:35.185524,7582,4696514,0.03128798705681897
2026-01-26 15:22:35.185524,7757,14147293,0.02283053667368306
2026-01-26 15:27:35.185524,6609,7796665,0.04126183642190488
2026-01-26 15:32:35.185524,8097,5012973,0.040312210570260854
2026-01-26 15:37:35.185524,8037,14802262,0.022528569191075952
2026-01-26 15:42:35.185524,7853,10333547,0.023502439228324006
2026-01-26 15:47:35.185524,8025,14063668,0.032386579651386055
2026-01-26 15:52:35.185524,8031,13805541,0.031810275892293474
2026-01-26 15:57:35.185524,8170,11160614,0.021047929365967992
2026-01-26 16:02:35.185524,7330,4441406,0.034689739626872
2026-01-26 16:07:35.185524,7589,9547592,0.03958675199712726
2026-01-26 16:12:35.185524,6742,3901405,0.037341264114725194
2026-01-26 16:17:35.185524,6433,10279924,0.03250179137146454
2026-01-26 16:22:35.185524,7267,7059411,0.03521966711644707
2026-01-26 16:27:35.185524,7122,6577523,0.033263466577325485
2026-01-26 16:32:35.185524,7297,6511823,0.03206415654202192
2026-01-26 16:37:35.185524,7421,8926853,0.024631196160156812
2026-01-26 16:42:35.185524,8163,14805395,0.019641042872645096
2026-01-26 16:47:35.185524,7714,5164766,0.03570995637664392
2026-01-26 16:52:35.185524,6772,4484320,0.02843891621457638
2026-01-26 16:57:35.185524,7166,8916874,0.02966869741859811
2026-01-26 17:02:35.185524,7016,6151135,0.03756763802943859
2026-01-26 17:07:35.185524,7531,13210421,0.02812710335979121
2026-01-26 17:12:35.185524,6735,10844927,0.018715952217833145
2026-01-26 17:17:35.185524,6521,10699576,0.029407444200319814
2026-01-26 17:22:35.185524,7229,8698527,0.024457528747883452
2026-01-26 17:27:35.185524,6879,11246887,0.027508462458686763
2026-01-26 17:32:35.185524,6238,12355131,0.017375323040912636
2026-01-26 17:37:35.185524,6406,10145603,0.020942788673879716
2026-01-26 17:42:35.185524,7215,14363447,0.029529958921660687
2026-01-26 17:47:35.185524,5994,4005876,0.026509013181094304
2026-01-26 17:52:35.185524,6804,4862382,0.026585091229177682
2026-01-26 17:57:35.185524,6861,3979869,0.03458252759760581
2026-01-26 18:02:35.185524,6750,13442984,0.025568599217742304
2026-01-26 18:07:35.185524,5858,5723522,0.03213374983067503
2026-01-26 18:12:35.185524,6520,7037726,0.01642311248439988
2026-01-26 18:17:35.185524,6752,10966739,0.018980222940513054
2026-01-26 18:22:35.185524,6707,4811609,0.022923504757095682
2026-01-26 18:27:35.185524,6455,7799544,0.022316699743165754
2026-01-26 18:32:35.185524,5935,7613151,0.02532218268177644
2026-01-26 18:37:35.185524,6586,5999546,0.031854765770488326
2026-01-26 18:42:35.185524,6125,12200627,0.0244283351613203
2026-01-26 18:47:35.185524,6252,9586455,0.020489440488120767
2026-01-26 18:52:35.185524,6547,10535887,0.015804028184035066
2026-01-26 18:57:35.185524,5745,3642724,0.022233525859980438
2026-01-26 19:02:35.185524,5940,3964095,0.023624848207501215
2026-01-26 19:07:35.185524,6021,4212882,0.03147824606970863
2026-01-26 19:12:35.185524,6110,10288336,0.017291480353992014
2026-01-26 19:17:35.185524,5923,10248700,0.01729239087018001
2026-01-26 19:22:35.185524,6555,8709968,0.016019115737338344
2026-01-26 19:27:35.185524,6311,4560817,0.03071157696708819
2026-01-26 19:32:35.185524,5276,9538828,0.011559922110048823
2026-01-26 19:37:35.185524,5709,4754232,0.01589922532115695
2026-01-26 19:42:35.185524,5970,10819599,0.015513385790179891
2026-01-26 19:47:35.185524,6336,5258762,0.017178881762457424
2026-01-26 19:52:35.185524,5460,5279826,0.019393278850088968
2026-01-26 19:57:35.185524,6139,6842402,0.018476550750486882
2026-01-26 20:02:35.185524,5609,8106240,0.026806719039106267
2026-01-26 20:07:35.185524,5836,5091836,0.013833693657846886
2026-01-26 20:12:35.185524,6189,9946790,0.01727724655835155
2026-01-26 20:17:35.185524,5424,5369827,0.026239717626147505
2026-01-26 20:22:35.185524,5207,10318836,0.020393471748448886
2026-01-26 20:27:35.185524,5570,9518655,0.024396978831852205
2026-01-26 20:32:35.185524,5352,4383039,0.025642788621260834
2026-01-26 20:37:35.185524,4948,9234696,0.011108779566671036
2026-01-26 20:42:35.185524,6049,8550560,0.02522158719652933
2026-01-26 20:47:35.185524,5794,3066332,0.023009767355700414
2026-01-26 20:52:35.185524,5781,3382032,0.01582249932858879
2026-01-26 20:57:35.185524,5039,4867279,0.025126575714372233
2026-01-26 21:02:35.185524,5800,5014288,0.02208070821808742
2026-01-26 21:07:35.185524,4236,6343261,0.012026171495164103
2026-01-26 21:12:35.185524,5661,9578542,0.011637297159448903
2026-01-26 21:17:35.185524,4604,4694562,0.012580053327336051
2026-01-26 21:22:35.185524,4951,8817378,0.020770248119841517
2026-01-26 21:27:35.185524,5974,10291888,0.015422085297121694
2026-01-26 21:32:35.185524,4500,5892610,0.008159395325721727
2026-01-26 21:37:35.185524,5022,6712221,0.025051399852490205
2026-01-26 21:42:35.185524,5215,8603345,0.008140824483408835
2026-01-26 21:47:35.185524,4883,4061334,0.021365141356708924
2026-01-26 21:52:35.185524,4381,8247343,0.016865031183580213
2026-01-26 21:57:35.185524,4951,9298843,0.01892926360576886
2026-01-26 22:02:35.185524,3513,2844082,0.014263186026290092
2026-01-26 22:07:35.185524,4920,4415640,0.00548194031980386
2026-01-26 22:12:35.185524,3893,5450215,0.006373911750410187
2026-01-26 22:17:35.185524,4957,3401195,0.01673662032237109
2026-01-26 22:22:35.185524,4366,4263940,0.016914351556100903
2026-01-26 22:27:35.185524,4717,5871591,0.02133853332058691
2026-01-26 22:32:35.185524,4447,6287149,0.008498383590430788
2026-01-26 22:37:35.185524,3845,5687745,0.01689041192390956
2026-01-26 22:42:35.185524,4208,2768566,0.00983729480585194
2026-01-26 22:47:35.185524,4547,2839146,0.015517305565869902
2026-01-26 22:52:35.185524,4532,8453277,0.00877204188984894
2026-01-26 22:57:35.185524,4686,4962625,0.019397925546810316
2026-01-26 23:02:35.185524,4211,5894736,0.007204017392655489
2026-01-26 23:07:35.185524,3760,7429823,0.01551646664732519
2026-01-26 23:12:35.185524,4174,4774152,0.015716167044135927
2026-01-26 23:17:35.185524,4051,5672649,0.014326259318214829
2026-01-26 23:22:35.185524,3783,7291297,0.012874381753947055
2026-01-26 23:27:35.185524,4619,5345816,0.009661700405076955
2026-01-26 23:32:35.185524,3888,7112866,0.016130470975484406
2026-01-26 23:37:35.185524,3974,6791365,0.01799132271725793
2026-01-26 23:42:35.185524,3508,4182496,0.005915334085459619
2026-01-26 23:47:35.185524,3399,5634534,0.008310065798531543
2026-01-26 23:52:35.185524,3498,6769991,0.006559623695898868
2026-01-26 23:57:35.185524,4473,2874739,0.009018615878379068
2026-01-27 00:02:35.185524,3426,3533088,0.0038444021970229112
2026-01-27 00:07:35.185524,3390,2363342,0.01781887012979308
2026-01-27 00:12:35.185524,3854,4115178,0.0038633569105139664
2026-01-27 00:17:35.185524,4485,5880943,0.0056576651379206715
2026-01-27 00:22:35.185524,3528,2654855,0.01261494123207487
2026-01-27 00:27:35.185524,3955,6364494,0.010701289384139988
2026-01-27 00:32:35.185524,3911,3604032,0.003029629691408843
2026-01-27 00:37:35.185524,4311,8569003,0.0014323025037509315
2026-01-27 00:42:35.185524,3780,4652554,0.00310446786299256
2026-01-27 00:47:35.185524,4111,4959927,0.0014124101025516853
2026-01-27 00:52:35.185524,3481,2224970,0.012288880212352608
2026-01-27 00:57:35.185524,3489,5473079,0.013292795190712773
2026-01-27 01:02:35.185524,3716,3306896,0.007022554789640598
2026-01-27 01:07:35.185524,3663,4287311,0.0034009036801209043
2026-01-27 01:12:35.185524,3338,5732886,0.003966578614496123
2026-01-27 01:17:35.185524,3909,3305308,0.0
2026-01-27 01:22:35.185524,3925,2618447,0.0007098157807564967
2026-01-27 01:27:35.185524,3349,4727966,0.005574988149044313
2026-01-27 01:32:35.185524,3412,4113735,0.007104993207632693
2026-01-27 01:37:35.185524,4082,4901531,0.007532255053746672
2026-01-27 01:42:35.185524,3758,4955621,0.004864199325756475
2026-01-27 01:47:35.185524,3910,3441310,0.010041756984261697
2026-01-27 01:52:35.185524,4150,6347704,0.0017249795029068357
2026-01-27 01:57:35.185524,3969,3836177,0.013791889749193641
2026-01-27 02:02:35.185524,4663,6357238,0.011698931030704086
2026-01-27 02:07:35.185524,3745,3340011,0.00011181117524616032
2026-01-27 02:12:35.185524,3216,4308234,0.0
2026-01-27 02:17:35.185524,3776,4329836,0.002208515077384324
2026-01-27 02:22:35.185524,3170,5347601,0.007441681862738888
2026-01-27 02:27:35.185524,4124,6908639,0.00398600523981422
2026-01-27 02:32:35.185524,3351,4976503,0.0006582231248307632
2026-01-27 02:37:35.185524,4322,7163489,0.004837539378209342
2026-01-27 02:42:35.185524,4440,6314071,0.0
2026-01-27 02:47:35.185524,3870,6938404,0.006423690731217815
2026-01-27 02:52:35.185524,4191,2696409,0.006910372387738199
2026-01-27 02:57:35.185524,3808,3448841,0.0023007409750366112
2026-01-27 03:02:35.185524,3938,2313712,0.008398548961081916
2026-01-27 03:07:35.185524,4069,5771659,0.0
2026-01-27 03:12:35.185524,2733,2307896,0.008033368062975029
2026-01-27 03:17:35.185524,5114,5415373,0.0
2026-01-27 03:22:35.185524,3738,4341540,0.0
2026-01-27 03:27:35.185524,3119,4921131,0.0
2026-01-27 03:32:35.185524,2820,2233583,0.0
2026-01-27 03:37:35.185524,3834,3797211,0.002116975066833504
2026-01-27 03:42:35.185524,3636,3803299,0.0
2026-01-27 03:47:35.185524,4177,6620305,0.0018320822938502207
2026-01-27 03:52:35.185524,3601,4769935,0.0
2026-01-27 03:57:35.185524,4465,5970646,0.006031424115918253
2026-01-27 04:02:35.185524,3070,5759627,0.002147203877445561
2026-01-27 04:07:35.185524,3257,4034414,0.0
2026-01-27 04:12:35.185524,4164,6508437,0.0029619080342575283
2026-01-27 04:17:35.185524,4625,9178797,0.0031245771589960072
2026-01-27 04:22:35.185524,4286,2312234,0.0
2026-01-27 04:27:35.185524,4232,2801341,0.004889322936710813
2026-01-27 04:32:35.185524,3618,3674949,0.0
2026-01-27 04:37:35.185524,3857,5008740,0.0
2026-01-27 04:42:35.185524,4960,4611964,0.0
2026-01-27 04:47:35.185524,3652,5979227,0.0
2026-01-27 04:52:35.185524,5029,5352202,0.002343123286934994
2026-01-27 04:57:35.185524,4283,4425388,0.0
2026-01-27 05:02:35.185524,3371,3567716,0.005384844394843302
2026-01-27 05:07:35.185524,5082,4669603,0.0034268371847854095
2026-01-27 05:12:35.185524,5244,5602124,0.0
2026-01-27 05:17:35.185524,4530,3591662,0.0
2026-01-27 05:22:35.185524,3167,4750633,0.0
2026-01-27 05:27:35.185524,4594,2345582,0.0
2026-01-27 05:32:35.185524,5307,3059138,0.0027632904822185844
2026-01-27 05:37:35.185524,4525,5028548,0.0
2026-01-27 05:42:35.185524,4375,3010447,0.0
2026-01-27 05:47:35.185524,5015,4484914,0.0006958753369659867
2026-01-27 05:52:35.185524,3830,5764834,0.0
2026-01-27 05:57:35.185524,5191,9046792,0.0
2026-01-27 06:02:35.185524,4869,7164902,0.0
2026-01-27 06:07:35.185524,4574,6913201,0.002609668917980394
2026-01-27 06:12:35.185524,5165,3512490,0.0
2026-01-27 06:17:35.185524,4841,8396269,0.0
2026-01-27 06:22:35.185524,6049,11932152,0.0
2026-01-27 06:27:35.185524,4944,9283666,0.0
2026-01-27 06:32:35.185524,4375,6492047,0.0
2026-01-27 06:37:35.185524,4632,2703731,0.0
2026-01-27 06:42:35.185524,6346,11000563,0.0
2026-01-27 06:47:35.185524,5697,7273078,0.0
2026-01-27 06:52:35.185524,4843,2463136,0.0
2026-01-27 06:57:35.185524,5631,2970748,0.0
2026-01-27 07:02:35.185524,5077,7332618,0.0
2026-01-27 07:07:35.185524,5362,9970891,0.0
2026-01-27 07:12:35.185524,5192,8638977,0.0
2026-01-27 07:17:35.185524,5208,7839321,0.0
2026-01-27 07:22:35.185524,5426,5799464,0.0
2026-01-27 07:27:35.185524,4361,6625972,0.0
2026-01-27 07:32:35.185524,5788,3726381,0.0
2026-01-27 07:37:35.185524,4964,7563583,0.0
2026-01-27 07:42:35.185524,5746,5293937,0.0
2026-01-27 07:47:35.185524,5101,3166262,0.0
2026-01-27 07:52:35.185524,6578,4644109,0.0
2026-01-27 07:57:35.185524,5399,4840624,0.0
2026-01-27 08:02:35.185524,5907,3001663,0.0
2026-01-27 08:07:35.185524,6145,8972608,0.0
2026-01-27 08:12:35.185524,4989,4607241,0.0
2026-01-27 08:17:35.185524,6169,10036381,0.0
2026-01-27 08:22:35.185524,7127,9144632,0.0
2026-01-27 08:27:35.185524,5437,4355783,0.0
2026-01-27 08:32:35.185524,5972,10382916,0.0
2026-01-27 08:37:35.185524,5707,4261037,0.0
2026-01-27 08:42:35.185524,6794,6687851,0.0
2026-01-27 08:47:35.185524,6084,9820785,0.0
2026-01-27 08:52:35.185524,5785,5340385,0.0
2026-01-27 08:57:35.185524,6438,12619878,0.0
2026-01-27 09:02:35.185524,5928,4663750,0.0
2026-01-27 09:07:35.185524,6470,8686012,0.0
2026-01-27 09:12:35.185524,5897,8315424,0.0
2026-01-27 09:17:35.185524,6017,10245865,0.0
2026-01-27 09:22:35.185524,6362,3428229,0.0
2026-01-27 09:27:35.185524,6561,9705574,0.0
2026-01-27 09:32:35.185524,6900,10626523,0.0
2026-01-27 09:37:35.185524,6147,12160361,0.0
2026-01-27 09:42:35.185524,7084,12525330,0.0
2026-01-27 09:47:35.185524,6834,11241747,0.0
2026-01-27 09:52:35.185524,7317,7615961,0.0
2026-01-27 09:57:35.185524,7165,7808314,0.0
2026-01-27 10:02:35.185524,6556,12906234,0.0
2026-01-27 10:07:35.185524,6604,13142505,0.0
2026-01-27 10:12:35.185524,5707,3270931,0.0
2026-01-27 10:17:35.185524,6212,7882187,0.0
2026-01-27 10:22:35.185524,6998,6014803,0.0
2026-01-27 10:27:35.185524,6207,12086303,0.0
2026-01-27 10:32:35.185524,7733,8570209,0.0
2026-01-27 10:37:35.185524,7071,11167847,0.0
2026-01-27 10:42:35.185524,6807,6037998,0.0
2026-01-27 10:47:35.185524,7277,9038867,0.0
2026-01-27 10:52:35.185524,7388,10947560,0.0
2026-01-27 10:57:35.185524,6725,5370175,0.0
2026-01-27 11:02:35.185524,6513,11628475,0.0
2026-01-27 11:07:35.185524,6991,9902039,0.0
2026-01-27 11:12:35.185524,7214,12676548,0.0
2026-01-27 11:17:35.185524,6587,8713399,0.0
2026-01-27 11:22:35.185524,7287,14116367,0.0
2026-01-27 11:27:35.185524,6860,9111819,0.0
2026-01-27 11:32:35.185524,7120,9344797,0.0
2026-01-27 11:37:35.185524,7385,6628352,0.0
2026-01-27 11:42:35.185524,7124,6531517,0.0
2026-01-27 11:47:35.185524,7819,12508596,0.0
2026-01-27 11:52:35.185524,6638,10150582,0.0
2026-01-27 11:57:35.185524,7841,5242592,0.0
2026-01-27 12:02:35.185524,7406,4500250,0.0
2026-01-27 12:07:35.185524,7203,9333630,0.0
2026-01-27 12:12:35.185524,8199,15584675,0.0
2026-01-27 12:17:35.185524,7486,6671369,0.0
2026-01-27 12:22:35.185524,7720,11505128,0.0
2026-01-27 12:27:35.185524,7505,8229308,0.0
2026-01-27 12:32:35.185524,7799,7764050,0.0
2026-01-27 12:37:35.185524,7387,9073939,0.0
2026-01-27 12:42:35.185524,7058,12168607,0.0
2026-01-27 12:47:35.185524,8154,12656644,0.0
2026-01-27 12:52:35.185524,8189,14254707,0.0
2026-01-27 12:57:35.185524,8553,12482520,0.0
2026-01-27 13:02:35.185524,7944,9208863,0.0
2026-01-27 13:07:35.185524,7823,15483377,0.0
2026-01-27 13:12:35.185524,7952,4646452,0.0
2026-01-27 13:17:35.185524,8418,8264667,0.0
2026-01-27 13:22:35.185524,7343,13038554,0.0
2026-01-27 13:27:35.185524,7918,12686251,0.0
2026-01-27 13:32:35.185524,8220,4214103,0.0
2026-01-27 13:37:35.185524,7744,10983993,0.0
2026-01-27 13:42:35.185524,7969,8036508,0.0
2026-01-27 13:47:35.185524,8435,15032069,0.0
2026-01-27 13:52:35.185524,7581,4543734,0.0
2026-01-27 13:57:35.185524,7861,14473097,0.0
2026-01-27 14:02:35.185524,7543,10515726,0.0
2026-01-27 14:07:35.185524,9140,13924575,0.0
2026-01-27 14:12:35.185524,7722,7775822,0.0
2026-01-27 14:17:35.185524,7724,11146829,0.0
2026-01-27 14:22:35.185524,7383,12184848,0.0
2026-01-27 14:27:35.185524,7843,14232037,0.0
2026-01-27 14:32:35.185524,8318,9767350,0.0
2026-01-27 14:37:35.185524,8762,13007923,0.0
2026-01-27 14:42:35.185524,7343,8583648,0.0
2026-01-27 14:47:35.185524,7404,9982371,0.0
2026-01-27 14:52:35.185524,7718,9496840,0.0
2026-01-27 14:57:35.185524,7266,7326871,0.0
2026-01-27 15:02:35.185524,8557,6927098,0.0
2026-01-27 15:07:35.185524,7292,8750247,0.0
2026-01-27 15:12:35.185524,7265,6948078,0.0
2026-01-27 15:17:35.185524,7634,12569416,0.0
2026-01-27 15:22:35.185524,7672,10151955,0.0
2026-01-27 15:27:35.185524,7420,5200854,0.0
2026-01-27 15:32:35.185524,7931,5532576,0.0
2026-01-27 15:37:35.185524,8230,12045920,0.0
2026-01-27 15:42:35.185524,8155,9273620,0.0
2026-01-27 15:47:35.185524,6761,11103384,0.0
2026-01-27 15:52:35.185524,7157,6790681,0.0
2026-01-27 15:57:35.185524,7906,6357829,0.0
2026-01-27 16:02:35.185524,7707,7062180,0.0
2026-01-27 16:07:35.185524,7343,8840438,0.0
2026-01-27 16:12:35.185524,6682,10537867,0.0
2026-01-27 16:17:35.185524,8170,12414721,0.0
2026-01-27 16:22:35.185524,7401,5492578,0.0
2026-01-27 16:27:35.185524,7032,12110229,0.0
2026-01-27 16:32:35.185524,7657,5273403,0.0
2026-01-27 16:37:35.185524,7163,8030931,0.0
2026-01-27 16:42:35.185524,6966,4303227,0.0
2026-01-27 16:47:35.185524,6942,13784118,0.0
2026-01-27 16:52:35.185524,7588,10326440,0.0
2026-01-27 16:57:35.185524,7109,7573433,0.0
2026-01-27 17:02:35.185524,7385,12085956,0.0
2026-01-27 17:07:35.185524,7272,9495250,0.0
2026-01-27 17:12:35.185524,6660,9510035,0.0
2026-01-27 17:17:35.185524,7180,4775022,0.0
2026-01-27 17:22:35.185524,7597,5881402,0.0
2026-01-27 17:27:35.185524,7082,10461257,0.0
2026-01-27 17:32:35.185524,6519,3829619,0.0
2026-01-27 17:37:35.185524,6567,5036767,0.0
2026-01-27 17:42:35.185524,6322,5799487,0.0
2026-01-27 17:47:35.185524,6782,4175778,0.0
2026-01-27 17:52:35.185524,6330,6157395,0.0
2026-01-27 17:57:35.185524,6964,9238813,0.0
2026-01-27 18:02:35.185524,6553,8655705,0.0
2026-01-27 18:07:35.185524,5964,3781246,0.0
2026-01-27 18:12:35.185524,5666,8300296,0.0
2026-01-27 18:17:35.185524,6112,6168771,0.0
2026-01-27 18:22:35.185524,6819,8612977,0.0
2026-01-27 18:27:35.185524,6483,9479534,0.0
2026-01-27 18:32:35.185524,6108,8030635,0.0
2026-01-27 18:37:35.185524,6053,11602311,0.0
2026-01-27 18:42:35.185524,6257,5486774,0.0
2026-01-27 18:47:35.185524,5978,10178368,0.0
2026-01-27 18:52:35.185524,5335,7312623,0.0
2026-01-27 18:57:35.185524,7082,6982324,0.0
2026-01-27 19:02:35.185524,6909,4256910,0.0
2026-01-27 19:07:35.185524,6249,3671299,0.0
2026-01-27 19:12:35.185524,5628,3295914,0.0
2026-01-27 19:17:35.185524,5869,11517780,0.0
2026-01-27 19:22:35.185524,6442,6359209,0.0
2026-01-27 19:27:35.185524,6468,9074173,0.0
2026-01-27 19:32:35.185524,6628,11807209,0.0
2026-01-27 19:37:35.185524,5835,3459264,0.0
2026-01-27 19:42:35.185524,5194,3026826,0.0
2026-01-27 19:47:35.185524,6457,10643341,0.0
2026-01-27 19:52:35.185524,6771,7305973,0.0
2026-01-27 19:57:35.185524,5941,9732383,0.0
2026-01-27 20:02:35.185524,4900,3329844,0.0
2026-01-27 20:07:35.185524,5876,8875213,0.0
2026-01-27 20:12:35.185524,4913,5548643,0.0
2026-01-27 20:17:35.185524,5137,2817516,0.0
2026-01-27 20:22:35.185524,5405,10241318,0.0
2026-01-27 20:27:35.185524,5467,4491635,0.0
2026-01-27 20:32:35.185524,5373,5604930,0.0
2026-01-27 20:37:35.185524,5840,9248898,0.0
2026-01-27 20:42:35.185524,5509,8386086,0.0
2026-01-27 20:47:35.185524,4082,5292463,0.0
2026-01-27 20:52:35.185524,5059,4748472,0.0
2026-01-27 20:57:35.185524,5928,9499410,0.0
2026-01-27 21:02:35.185524,6363,8632042,0.0
2026-01-27 21:07:35.185524,6179,3912677,0.0
2026-01-27 21:12:35.185524,4705,9235029,0.0
2026-01-27 21:17:35.185524,5118,5780131,0.0
2026-01-27 21:22:35.185524,4942,9578542,0.0
2026-01-27 21:27:35.185524,4898,3045507,0.0
2026-01-27 21:32:35.185524,5730,3035751,0.0
2026-01-27 21:37:35.185524,5809,10787467,0.0
2026-01-27 21:42:35.185524,5237,6260170,0.0
2026-01-27 21:47:35.185524,5120,7963202,0.0
2026-01-27 21:52:35.185524,5218,3393385,0.0
2026-01-27 21:57:35.185524,5069,7106471,0.0
2026-01-27 22:02:35.185524,4332,3613721,0.0
2026-01-27 22:07:35.185524,4711,3509159,0.0
2026-01-27 22:12:35.185524,3905,2051052,0.0
2026-01-27 22:17:35.185524,4981,4726753,0.0
2026-01-27 22:22:35.185524,4797,5116785,0.0
2026-01-27 22:27:35.185524,4394,5252453,0.0
2026-01-27 22:32:35.185524,5262,5255723,0.0
2026-01-27 22:37:35.185524,5174,5997494,0.0
2026-01-27 22:42:35.185524,4140,7418066,0.0
2026-01-27 22:47:35.185524,4362,5477820,0.0
2026-01-27 22:52:35.185524,3880,6199684,0.0
2026-01-27 22:57:35.185524,4552,6576829,0.0
2026-01-27 23:02:35.185524,4078,4394278,0.0
2026-01-27 23:07:35.185524,4590,4740066,0.0
2026-01-27 23:12:35.185524,4140,7722348,0.0
2026-01-27 23:17:35.185524,3800,2121396,0.0
2026-01-27 23:22:35.185524,3875,7090734,0.0
2026-01-27 23:27:35.185524,4774,7702758,0.0
2026-01-27 23:32:35.185524,4433,8575715,0.0
2026-01-27 23:37:35.185524,3146,5037800,0.0
2026-01-27 23:42:35.185524,4148,8147496,0.0
2026-01-27 23:47:35.185524,4120,7126383,0.0
2026-01-27 23:52:35.185524,5382,7390843,0.0
2026-01-27 23:57:35.185524,3701,3282869,0.0
2026-01-28 00:02:35.185524,3743,6971295,0.0
2026-01-28 00:07:35.185524,4899,8644020,0.0
2026-01-28 00:12:35.185524,5318,4097253,0.0
2026-01-28 00:17:35.185524,3713,6502966,0.0
2026-01-28 00:22:35.185524,3873,4665313,0.0
2026-01-28 00:27:35.185524,3029,2210859,0.0
2026-01-28 00:32:35.185524,4898,4436707,0.0
2026-01-28 00:37:35.185524,3412,3759119,0.0
2026-01-28 00:42:35.185524,4138,5405476,0.0
2026-01-28 00:47:35.185524,4077,7087208,0.0
2026-01-28 00:52:35.185524,3317,5753815,0.0
2026-01-28 00:57:35.185524,3899,2408927,0.0
2026-01-28 01:02:35.185524,4078,7555613,0.0
2026-01-28 01:07:35.185524,4092,6186755,0.0
2026-01-28 01:12:35.185524,3859,5703572,0.0
2026-01-28 01:17:35.185524,2884,4942776,0.0
2026-01-28 01:22:35.185524,4748,5448345,0.0
2026-01-28 01:27:35.185524,3785,4545296,0.0
2026-01-28 01:32:35.185524,5145,9806548,0.0
2026-01-28 01:37:35.185524,4004,5837022,0.0
2026-01-28 01:42:35.185524,4231,6684083,0.0
2026-01-28 01:47:35.185524,3955,4255047,0.0
2026-01-28 01:52:35.185524,3903,5590915,0.0
2026-01-28 01:57:35.185524,3899,7180991,0.0
2026-01-28 02:02:35.185524,3651,2086092,0.0
2026-01-28 02:07:35.185524,4794,4878166,0.0
2026-01-28 02:12:35.185524,4735,6414613,0.0
2026-01-28 02:17:35.185524,4140,2991505,0.0
2026-01-28 02:22:35.185524,3853,6304180,0.0
2026-01-28 02:27:35.185524,4871,3288768,0.0
2026-01-28 02:32:35.185524,3068,5570304,0.0
2026-01-28 02:37:35.185524,3985,7265892,0.0
2026-01-28 02:42:35.185524,3332,4643967,0.0
2026-01-28 02:47:35.185524,4832,8697888,0.0
2026-01-28 02:52:35.185524,4069,7181704,0.0
2026-01-28 02:57:35.185524,3880,3739541,0.0
2026-01-28 03:02:35.185524,3296,5344568,0.0
2026-01-28 03:07:35.185524,4282,7448304,0.0
2026-01-28 03:12:35.185524,4078,6964690,0.0
2026-01-28 03:17:35.185524,3745,1979657,0.0
2026-01-28 03:22:35.185524,4254,2471429,0.0
2026-01-28 03:27:35.185524,3977,4838606,0.0
2026-01-28 03:32:35.185524,3561,2230015,0.0
2026-01-28 03:37:35.185524,3672,7068607,0.0
2026-01-28 03:42:35.185524,3818,7000590,0.0
2026-01-28 03:47:35.185524,3900,3606293,0.0
2026-01-28 03:52:35.185524,4285,5164611,0.0
2026-01-28 03:57:35.185524,4126,6588750,0.0
2026-01-28 04:02:35.185524,3672,6234173,0.0
2026-01-28 04:07:35.185524,4946,6071280,0.0
2026-01-28 04:12:35.185524,4342,3763821,0.0
2026-01-28 04:17:35.185524,3508,4717445,0.0
2026-01-28 04:22:35.185524,4662,8667327,0.0
2026-01-28 04:27:35.185524,3517,6184911,0.0
2026-01-28 04:32:35.185524,3682,3973307,0.0
2026-01-28 04:37:35.185524,4834,9004073,0.0
2026-01-28 04:42:35.185524,4315,6292080,0.0
2026-01-28 04:47:35.185524,3604,3412512,0.0
2026-01-28 04:52:35.185524,4375,6831135,0.0
2026-01-28 04:57:35.185524,5818,7588907,0.0
2026-01-28 05:02:35.185524,4243,6232431,0.0
2026-01-28 05:07:35.185524,4291,5521164,0.0
2026-01-28 05:12:35.185524,4272,4783032,0.0
2026-01-28 05:17:35.185524,4453,8858032,0.0
2026-01-28 05:22:35.185524,4668,4318191,0.0
2026-01-28 05:27:35.185524,5007,8516045,0.0
2026-01-28 05:32:35.185524,3447,3213813,0.0
2026-01-28 05:37:35.185524,4057,5264380,0.0
2026-01-28 05:42:35.185524,5662,6520518,0.0
2026-01-28 05:47:35.185524,4848,8230580,0.0
2026-01-28 05:52:35.185524,4403,3397165,0.0
2026-01-28 05:57:35.185524,5173,5737298,0.0
2026-01-28 06:02:35.185524,5090,8778570,0.0
2026-01-28 06:07:35.185524,4588,6448302,0.0
2026-01-28 06:12:35.185524,5080,3154571,0.0
2026-01-28 06:17:35.185524,4848,5863582,0.0
2026-01-28 06:22:35.185524,4551,8146114,0.0
2026-01-28 06:27:35.185524,4297,8258713,0.0
2026-01-28 06:32:35.185524,5183,9610316,0.0
2026-01-28 06:37:35.185524,5042,8888913,0.0
2026-01-28 06:42:35.185524,5734,7285598,0.0
2026-01-28 06:47:35.185524,5040,6711678,0.0
2026-01-28 06:52:35.185524,4411,4670325,0.0
2026-01-28 06:57:35.185524,5419,4435557,0.0
2026-01-28 07:02:35.185524,4974,5786167,0.0
2026-01-28 07:07:35.185524,5067,4695738,0.0
2026-01-28 07:12:35.185524,5964,5829326,0.0
2026-01-28 07:17:35.185524,5481,10397790,0.0
2026-01-28 07:22:35.185524,5974,9889793,0.0
2026-01-28 07:27:35.185524,6095,7868893,0.0
2026-01-28 07:32:35.185524,6119,4068185,0.0
2026-01-28 07:37:35.185524,5870,11582887,0.0
2026-01-28 07:42:35.185524,5751,10054858,0.0
2026-01-28 07:47:35.185524,5791,4695339,0.0
2026-01-28 07:52:35.185524,5558,8295470,0.0
2026-01-28 07:57:35.185524,5471,9917997,0.0
2026-01-28 08:02:35.185524,6139,4276085,0.0
2026-01-28 08:07:35.185524,6758,10725362,0.0
2026-01-28 08:12:35.185524,5814,6408112,0.0
2026-01-28 08:17:35.185524,6651,10141831,0.0
2026-01-28 08:22:35.185524,5689,4771792,0.0
2026-01-28 08:27:35.185524,5619,10064895,0.0
2026-01-28 08:32:35.185524,6743,3665332,0.0
2026-01-28 08:37:35.185524,5584,6995299,0.0
2026-01-28 08:42:35.185524,7405,4460519,0.0
2026-01-28 08:47:35.185524,5711,8727399,0.0
2026-01-28 08:52:35.185524,6714,6031283,0.0
2026-01-28 08:57:35.185524,6874,7491978,0.0
2026-01-28 09:02:35.185524,6601,11843586,0.0
2026-01-28 09:07:35.185524,6457,8584254,0.0
2026-01-28 09:12:35.185524,7019,7720955,0.0
2026-01-28 09:17:35.185524,6195,10441417,0.0
2026-01-28 09:22:35.185524,7102,12787452,0.0
2026-01-28 09:27:35.185524,6289,5716364,0.0
2026-01-28 09:32:35.185524,6794,4114449,0.0
2026-01-28 09:37:35.185524,7042,12935021,0.0
2026-01-28 09:42:35.185524,7083,10000867,0.0
2026-01-28 09:47:35.185524,7192,13865001,0.0
2026-01-28 09:52:35.185524,7434,11584219,0.0
2026-01-28 09:57:35.185524,7061,12258635,0.0
2026-01-28 10:02:35.185524,7741,6560273,0.0
2026-01-28 10:07:35.185524,6255,8658274,0.0
2026-01-28 10:12:35.185524,6645,6171493,0.0
2026-01-28 10:17:35.185524,6968,11874319,0.0
2026-01-28 10:22:35.185524,6356,6829061,0.0
2026-01-28 10:27:35.185524,7058,10310841,0.0
2026-01-28 10:32:35.185524,8456,16903680,0.0
2026-01-28 10:37:35.185524,6652,11174484,0.0
2026-01-28 10:42:35.185524,7097,9328919,0.0
2026-01-28 10:47:35.185524,7054,6718183,0.0
2026-01-28 10:52:35.185524,7067,12825926,0.0
2026-01-28 10:57:35.185524,7832,11289178,0.0
2026-01-28 11:02:35.185524,6341,5903314,0.0
2026-01-28 11:07:35.185524,6426,8814794,0.0
2026-01-28 11:12:35.185524,7039,9187576,0.0
2026-01-28 11:17:35.185524,6570,3466056,0.0
2026-01-28 11:22:35.185524,7696,4369055,0.0
2026-01-28 11:27:35.185524,7999,10243694,0.0
2026-01-28 11:32:35.185524,7085,14010977,0.0
2026-01-28 11:37:35.185524,7506,8543636,0.0
2026-01-28 11:42:35.185524,8801,13829951,0.0
2026-01-28 11:47:35.185524,8254,4551869,0.0
2026-01-28 11:52:35.185524,8120,7557179,0.0
2026-01-28 11:57:35.185524,7701,13391881,0.0
2026-01-28 12:02:35.185524,7452,5324219,0.0
2026-01-28 12:07:35.185524,8633,5750935,0.0
2026-01-28 12:12:35.185524,7484,11450767,0.0
2026-01-28 12:17:35.185524,8009,14844132,0.0
2026-01-28 12:22:35.185524,7809,13238158,0.0
2026-01-28 12:27:35.185524,7715,4957102,0.0
2026-01-28 12:32:35.185524,8191,6394413,0.0
2026-01-28 12:37:35.185524,7018,13963903,0.0
2026-01-28 12:42:35.185524,7087,9511001,0.0
2026-01-28 12:47:35.185524,7868,14956090,0.0
2026-01-28 12:52:35.185524,8048,4591618,0.0
2026-01-28 12:57:35.185524,7647,5602823,0.0
2026-01-28 13:02:35.185524,8073,5333219,0.0
2026-01-28 13:07:35.185524,7824,7742460,0.0
2026-01-28 13:12:35.185524,7832,8398985,0.0
2026-01-28 13:17:35.185524,8467,11645623,0.0
2026-01-28 13:22:35.185524,8691,4720510,0.0
2026-01-28 13:27:35.185524,7589,6360073,0.0
2026-01-28 13:32:35.185524,8209,15928481,0.0
2026-01-28 13:37:35.185524,7028,5519619,0.0
2026-01-28 13:42:35.185524,7888,10437387,0.0
2026-01-28 13:47:35.185524,8004,13490789,0.0
2026-01-28 13:52:35.185524,7438,13112818,0.0
2026-01-28 13:57:35.185524,8216,11701298,0.0
2026-01-28 14:02:35.185524,7060,13975138,0.0
2026-01-28 14:07:35.185524,7022,7614547,0.0
2026-01-28 14:12:35.185524,8467,6033765,0.0
2026-01-28 14:17:35.185524,8193,12308131,0.0
2026-01-28 14:22:35.185524,8336,5076862,0.0
2026-01-28 14:27:35.185524,8321,11744636,0.0
2026-01-28 14:32:35.185524,7755,4918036,0.0
2026-01-28 14:37:35.185524,7831,6460425,0.0
2026-01-28 14:42:35.185524,8480,11336636,0.0
2026-01-28 14:47:35.185524,6771,7116640,0.0
2026-01-28 14:52:35.185524,6742,8518632,0.0
2026-01-28 14:57:35.185524,6888,11242534,0.0
2026-01-28 15:02:35.185524,7906,12851856,0.0
2026-01-28 15:07:35.185524,7264,5803439,0.0
2026-01-28 15:12:35.185524,7812,6176728,0.0
2026-01-28 15:17:35.185524,7864,7442620,0.0
2026-01-28 15:22:35.185524,7480,14742139,0.0
2026-01-28 15:27:35.185524,8082,4603312,0.0
2026-01-28 15:32:35.185524,8069,9529203,0.0
2026-01-28 15:37:35.185524,8413,8835270,0.0
2026-01-28 15:42:35.185524,7168,6572633,0.0
2026-01-28 15:47:35.185524,7799,7195002,0.0
2026-01-28 15:52:35.185524,7856,10894430,0.0
2026-01-28 15:57:35.185524,7704,12736222,0.0
2026-01-28 16:02:35.185524,7655,8042087,0.0
2026-01-28 16:07:35.185524,6883,6685462,0.0
2026-01-28 16:12:35.185524,7557,4897964,0.0
2026-01-28 16:17:35.185524,7405,13248277,0.0
2026-01-28 16:22:35.185524,7876,7043168,0.0
2026-01-28 16:27:35.185524,7018,6600028,0.0
2026-01-28 16:32:35.185524,7216,10272503,0.0
2026-01-28 16:37:35.185524,8074,8139958,0.0
2026-01-28 16:42:35.185524,7702,9251983,0.0
2026-01-28 16:47:35.185524,7405,12600451,0.0
2026-01-28 16:52:35.185524,7166,6679480,0.0
2026-01-28 16:57:35.185524,7328,11640042,0.0
2026-01-28 17:02:35.185524,7782,7190241,0.0
2026-01-28 17:07:35.185524,7810,5236526,0.0
2026-01-28 17:12:35.185524,6609,4262920,0.0
2026-01-28 17:17:35.185524,6811,10491429,0.0
2026-01-28 17:22:35.185524,6451,9743421,0.0
2026-01-28 17:27:35.185524,6527,6490485,0.0
2026-01-28 17:32:35.185524,6638,6717183,0.0
2026-01-28 17:37:35.185524,7387,14397431,0.0
2026-01-28 17:42:35.185524,7296,8481551,0.0
2026-01-28 17:47:35.185524,7028,12255215,0.0
2026-01-28 17:52:35.185524,7197,6727229,0.0
2026-01-28 17:57:35.185524,7124,11472362,0.0
2026-01-28 18:02:35.185524,6928,13509948,0.0
2026-01-28 18:07:35.185524,6998,5121544,0.0
2026-01-28 18:12:35.185524,6534,6360018,0.0
2026-01-28 18:17:35.185524,6675,8314151,0.0
2026-01-28 18:22:35.185524,7956,12903246,0.0
2026-01-28 18:27:35.185524,5891,7426588,0.0
2026-01-28 18:32:35.185524,6629,9527914,0.0
2026-01-28 18:37:35.185524,5999,5109476,0.0
2026-01-28 18:42:35.185524,7000,3503277,0.0
2026-01-28 18:47:35.185524,6825,13381019,0.0
2026-01-28 18:52:35.185524,7298,8199705,0.0
2026-01-28 18:57:35.185524,6018,11591938,0.0
2026-01-28 19:02:35.185524,6505,3868799,0.0
2026-01-28 19:07:35.185524,6241,8093880,0.0
2026-01-28 19:12:35.185524,6346,9325032,0.0
2026-01-28 19:17:35.185524,6165,7257622,0.0
2026-01-28 19:22:35.185524,6092,7382714,0.0
2026-01-28 19:27:35.185524,6327,6632829,0.0
2026-01-28 19:32:35.185524,5510,9730331,0.0
2026-01-28 19:37:35.185524,6802,10441908,0.0
2026-01-28 19:42:35.185524,6543,4204778,0.0
2026-01-28 19:47:35.185524,5340,10359719,0.0
2026-01-28 19:52:35.185524,6182,8294319,0.0
2026-01-28 19:57:35.185524,6255,6119430,0.0
2026-01-28 20:02:35.185524,6272,10493496,0.0
2026-01-28 20:07:35.185524,5520,8442699,0.0
2026-01-28 20:12:35.185524,5890,11007958,0.0
2026-01-28 20:17:35.185524,6231,9771171,0.0
2026-01-28 20:22:35.185524,6025,5207050,0.0
2026-01-28 20:27:35.185524,5186,3950603,0.0
2026-01-28 20:32:35.185524,6107,9378016,0.0
2026-01-28 20:37:35.185524,5878,7920053,0.0
2026-01-28 20:42:35.185524,5468,5777126,0.0
2026-01-28 20:47:35.185524,3719,3131605,0.0
2026-01-28 20:52:35.185524,6410,10621299,0.0
2026-01-28 20:57:35.185524,5436,3153951,0.0
2026-01-28 21:02:35.185524,5532,10970929,0.0
2026-01-28 21:07:35.185524,5121,3411969,0.0
2026-01-28 21:12:35.185524,5706,7383996,0.0
2026-01-28 21:17:35.185524,5046,10069172,0.0028231444909671503
2026-01-28 21:22:35.185524,4807,2802035,0.0
2026-01-28 21:27:35.185524,5312,3118451,0.00040886559439052596
2026-01-28 21:32:35.185524,5327,9567267,0.0
2026-01-28 21:37:35.185524,4948,6023623,0.0
2026-01-28 21:42:35.185524,5363,3521373,0.0
2026-01-28 21:47:35.185524,3916,6511291,0.0
2026-01-28 21:52:35.185524,5123,3281951,0.004680799198887498
2026-01-28 21:57:35.185524,5234,8885054,0.0
2026-01-28 22:02:35.185524,4271,5495436,0.0
2026-01-28 22:07:35.185524,4724,4435198,0.0
2026-01-28 22:12:35.185524,4933,8647575,0.002746030352944016
2026-01-28 22:17:35.185524,4529,7315678,0.0
2026-01-28 22:22:35.185524,4466,4043288,0.0
2026-01-28 22:27:35.185524,4929,4964394,0.004628753179528622
2026-01-28 22:32:35.185524,4592,7960574,0.0
2026-01-28 22:37:35.185524,5026,8912434,0.0
2026-01-28 22:42:35.185524,4226,6422165,0.0
2026-01-28 22:47:35.185524,3970,2356174,0.0
2026-01-28 22:52:35.185524,4942,3526709,0.0
2026-01-28 22:57:35.185524,4338,3925010,0.0
2026-01-28 23:02:35.185524,4697,5770426,0.0
2026-01-28 23:07:35.185524,4880,3618112,0.0
2026-01-28 23:12:35.185524,3623,7230571,0.006668748506471632
2026-01-28 23:17:35.185524,4226,5018170,0.003287890331543619
2026-01-28 23:22:35.185524,4481,2424683,0.0
2026-01-28 23:27:35.185524,3975,4817890,0.0050557207848521985
2026-01-28 23:32:35.185524,4594,8039375,0.0
2026-01-28 23:37:35.185524,3839,2956811,0.0
2026-01-28 23:42:35.185524,4453,3438845,0.0
2026-01-28 23:47:35.185524,4605,3549716,0.0
2026-01-28 23:52:35.185524,3668,6285871,0.006240969511893438
2026-01-28 23:57:35.185524,4284,5291775,0.003459477388687857
2026-01-29 00:02:35.185524,5053,4555460,0.0
2026-01-29 00:07:35.185524,4159,3601483,0.0
2026-01-29 00:12:35.185524,4851,4995862,0.0
2026-01-29 00:17:35.185524,4785,6642019,0.0019060646348082726
2026-01-29 00:22:35.185524,4449,7755088,0.0044752879953169206
2026-01-29 00:27:35.185524,4257,3782203,0.008192340900831882
2026-01-29 00:32:35.185524,4581,6838238,0.0
2026-01-29 00:37:35.185524,3843,3118856,0.008576365739297294
2026-01-29 00:42:35.185524,3997,2220105,0.0031243047197668326
2026-01-29 00:47:35.185524,3538,2907791,0.0
2026-01-29 00:52:35.185524,3771,5956027,0.00026666905092232775
2026-01-29 00:57:35.185524,3517,5812319,0.0006074116390214317
2026-01-29 01:02:35.185524,4119,3555094,0.012114198714529187
2026-01-29 01:07:35.185524,4632,4889356,0.0025052089239410626
2026-01-29 01:12:35.185524,3951,5573349,0.0
2026-01-29 01:17:35.185524,4121,6324184,0.008919372810620175
2026-01-29 01:22:35.185524,4183,6902458,0.0
2026-01-29 01:27:35.185524,3050,5539989,0.0010323326480874652
2026-01-29 01:32:35.185524,2878,4456234,0.0005571707746000187
2026-01-29 01:37:35.185524,4074,2451416,0.003993566735359678
2026-01-29 01:42:35.185524,3534,3557257,0.0
2026-01-29 01:47:35.185524,3810,7512583,0.0026944334440908036
2026-01-29 01:52:35.185524,3791,2519577,0.012227090371052825
2026-01-29 01:57:35.185524,3943,5069699,0.00754571025505916
2026-01-29 02:02:35.185524,4059,4868890,0.011482593658115367
2026-01-29 02:07:35.185524,4560,5697694,0.0
2026-01-29 02:12:35.185524,4385,4496997,0.0007328601113547528
2026-01-29 02:17:35.185524,4482,7569739,0.002345973403312194
2026-01-29 02:22:35.185524,3234,2366935,0.014559701894693243
2026-01-29 02:27:35.185524,3158,5572907,3.4580836217439244e-05
2026-01-29 02:32:35.185524,3275,3746078,0.0
2026-01-29 02:37:35.185524,4002,3960424,0.00810273047443075
2026-01-29 02:42:35.185524,4175,7026222,0.0
2026-01-29 02:47:35.185524,3789,4199093,0.0
2026-01-29 02:52:35.185524,3875,6948633,0.008807848843189163
2026-01-29 02:57:35.185524,3582,3718461,0.0
2026-01-29 03:02:35.185524,4926,9006352,0.00869613677141415
2026-01-29 03:07:35.185524,3700,2468637,0.006045757953695151
2026-01-29 03:12:35.185524,4821,5231343,0.009311407286733716
2026-01-29 03:17:35.185524,3602,3417488,0.010890579623927798
2026-01-29 03:22:35.185524,3849,3241313,0.013342831308122504
2026-01-29 03:27:35.185524,3547,2377029,0.007676132917416438
2026-01-29 03:32:35.185524,4355,3224543,0.004063673530648055
2026-01-29 03:37:35.185524,3514,2052626,0.007621004889398285
2026-01-29 03:42:35.185524,4718,7387463,0.01606317505490652
2026-01-29 03:47:35.185524,3835,2978616,0.0009302027527621215
2026-01-29 03:52:35.185524,3204,4509034,0.014042811185873768
2026-01-29 03:57:35.185524,4038,2604652,0.002695692723325099
2026-01-29 04:02:35.185524,4624,7232020,0.008888960637174152
2026-01-29 04:07:35.185524,3749,3025894,0.017721235370574632
2026-01-29 04:12:35.185524,3027,1685068,0.008211396392923617
2026-01-29 04:17:35.185524,4055,3363466,0.0016184161445935413
2026-01-29 04:22:35.185524,4152,4183670,0.006426446715082546
2026-01-29 04:27:35.185524,3086,3165730,0.017654685983971075
2026-01-29 04:32:35.185524,3241,6469272,0.015967387166720914
2026-01-29 04:37:35.185524,3997,7193485,0.01632774581250151
2026-01-29 04:42:35.185524,4180,2616797,0.01911537438167942
2026-01-29 04:47:35.185524,4202,4209008,0.011035573007434994
2026-01-29 04:52:35.185524,3631,6995377,0.011897617953199708
2026-01-29 04:57:35.185524,4278,5811505,0.022035680497746464
2026-01-29 05:02:35.185524,4320,5617313,0.008701478025820362
2026-01-29 05:07:35.185524,4141,4374029,0.017284757575824275
2026-01-29 05:12:35.185524,4848,9188441,0.0036100629325820383
2026-01-29 05:17:35.185524,4037,5603750,0.014431305869936443
2026-01-29 05:22:35.185524,4376,3641306,0.011199497633067889
2026-01-29 05:27:35.185524,4934,9431029,0.012139126070435904
2026-01-29 05:32:35.185524,5439,4913529,0.006665192158426559
2026-01-29 05:37:35.185524,5094,9504127,0.01068179016144462
2026-01-29 05:42:35.185524,4913,7889945,0.013242746577917484
2026-01-29 05:47:35.185524,4664,5732550,0.01625472762227553
2026-01-29 05:52:35.185524,4671,2538802,0.017999772066910204
2026-01-29 05:57:35.185524,4670,3388568,0.010352333442701948
2026-01-29 06:02:35.185524,5141,8240544,0.019800951695345577
2026-01-29 06:07:35.185524,4972,4919000,0.009018881619567078
2026-01-29 06:12:35.185524,5266,8130795,0.009308031069121122
2026-01-29 06:17:35.185524,5132,4246009,0.014777348757198567
2026-01-29 06:22:35.185524,4798,5241684,0.010272400187032817
2026-01-29 06:27:35.185524,4728,6918671,0.006541468860624395
2026-01-29 06:32:35.185524,6161,8001571,0.018465403487609312
2026-01-29 06:37:35.185524,6165,10650247,0.017010301043686497
2026-01-29 06:42:35.185524,4346,3124142,0.025764338950633778
2026-01-29 06:47:35.185524,5522,9220775,0.015512915850101288
2026-01-29 06:52:35.185524,5281,7878360,0.026189408028818403
2026-01-29 06:57:35.185524,5027,9535476,0.024633597188738726
2026-01-29 07:02:35.185524,5405,5037321,0.009449855307572887
2026-01-29 07:07:35.185524,4333,2250613,0.01912744316061154
2026-01-29 07:12:35.185524,6042,4588801,0.02578137474466948
2026-01-29 07:17:35.185524,5767,11396697,0.01392503773130505
2026-01-29 07:22:35.185524,4918,8012679,0.016414280465064247
2026-01-29 07:27:35.185524,5149,7528238,0.008986427466715862
2026-01-29 07:32:35.185524,5825,6225610,0.02516822683418638
2026-01-29 07:37:35.185524,5937,8610591,0.028534619805935905
2026-01-29 07:42:35.185524,5725,4394931,0.024189842174069325
2026-01-29 07:47:35.185524,6698,5691353,0.01911342736256849
2026-01-29 07:52:35.185524,7131,7686935,0.01870898616283123
2026-01-29 07:57:35.185524,5074,8613194,0.02586886426800393
